shipment_id,timestamp,origin,destination,weight_kg,delivery_status,vehicle_type,estimated_delay_minutes
945323f2-1a27-438a-8020-55e860f901b5,2026-05-01T03:54:19.446366,Casa Grande das Pedras,Sales,98.17,DELIVERED,AIRPLANE,23
e2688ec1-6f7c-4f3a-844c-42e1d5d2e9b5,2026-05-01T08:52:30.705509,Rezende de Brito,Andrade Paulista,67.24,CANCELLED,AIRPLANE,50
b071e33d-f97b-4978-8993-cbbe835a423b,2026-05-01T00:44:52.923441,Melo,Cassiano,57.45,IN_TRANSIT,AIRPLANE,29
7257a256-83d5-4c31-8fef-0f11a562415a,2026-05-01T07:01:56.289437,Cirino do Galho,Peixoto do Amparo,16.76,DELAYED,MOTORCYCLE,105
bfd3be65-b06e-4c94-8d13-1b6d75c4d00a,2026-05-01T05:19:38.810584,Correia,Camargo,47.33,DELIVERED,AIRPLANE,53
785dc37e-4a66-4895-b334-8b421dde7b90,2026-05-01T09:46:59.287502,Castro,Borges de Borges,0.76,CANCELLED,MOTORCYCLE,17
bacbb705-5312-4e4c-8546-beb553d4ce8e,2026-05-01T04:40:22.458105,Duarte,Nunes,19.71,IN_TRANSIT,VAN,7
b27c53c9-e2ce-4fd4-9445-6ec0e8770bf0,2026-05-01T02:24:58.896408,Câmara,Rodrigues do Amparo,26.6,DELIVERED,MOTORCYCLE,18
198a058f-d87f-40d1-974c-b1f156cd5b01,2026-05-01T04:31:09.096091,Carvalho do Oeste,Cardoso,67.52,DELIVERED,AIRPLANE,46
1f68600d-bc5b-4b1c-bacb-17bbaea924ab,2026-05-01T11:09:14.120772,Pacheco,Viana de Goiás,3.81,DELIVERED,TRUCK,24
6992686e-e865-43c5-a322-3a87b838d5bb,2026-05-01T04:30:52.263557,Ramos Alegre,Marques do Norte,44.41,DELIVERED,TRUCK,99
3ee41b4c-428e-49a3-b5a2-ee188fca5be3,2026-05-01T01:32:11.667126,da Rosa de Goiás,Pinto das Pedras,66.53,CANCELLED,VAN,84
7d197088-2a5f-4884-a9ab-b7fd0c286fcb,2026-05-01T06:34:06.710934,Rezende,Melo de Brito,65.04,DELIVERED,MOTORCYCLE,47
2a43a688-895d-4d49-9a1b-4bcff64d0534,2026-05-01T10:56:50.181030,Vargas do Campo,Araújo,5.5,IN_TRANSIT,AIRPLANE,97
b1dc8f73-33ed-470d-a20c-cd255ae7d3de,2026-05-01T05:28:21.178538,Albuquerque,Fogaça,31.19,DELIVERED,MOTORCYCLE,2
88cae943-d914-4725-b937-14bad31eeb70,2026-05-01T00:43:54.865939,Andrade,Oliveira,13.38,IN_TRANSIT,TRUCK,15
b46c23dd-cd6f-4651-90bc-4fcb454265fc,2026-05-01T11:06:18.279395,Sampaio de Gomes,Cardoso,79.93,DELIVERED,TRUCK,18
ef82795c-594f-4023-8d08-ea77acbe1d4c,2026-05-01T08:01:16.671858,Brito das Pedras,Costa,40.52,DELAYED,MOTORCYCLE,104
d55f2f7e-dceb-4a9b-ae68-ca422e5f0435,2026-05-01T03:49:30.857382,Pires de Vasconcelos,Sousa,37.54,DELAYED,MOTORCYCLE,101
27f614aa-5474-430c-82f0-f2ff8a55a02d,2026-05-01T05:16:42.560358,das Neves,Sales,20.54,CANCELLED,AIRPLANE,22
af9ab211-6ec6-463b-ae1a-aae03285a91e,2026-05-01T10:11:53.694047,Novaes,da Cruz,72.65,IN_TRANSIT,TRUCK,33
93a44e89-9bc6-42e7-a110-2fb537e76f8f,2026-05-01T08:35:04.021173,Pimenta Alegre,Castro,52.25,DELAYED,TRUCK,44
08f8f782-eaee-48e9-82fb-0ab934877d49,2026-05-01T10:37:38.265872,Porto,Almeida,90.85,IN_TRANSIT,VAN,73
76dd99f5-2e99-4a91-b901-9333f27800ee,2026-05-01T01:09:43.507234,Ribeiro de Gonçalves,Azevedo,78.43,DELAYED,AIRPLANE,71
f30e96cf-e98e-4494-9e3d-9005b27a5332,2026-05-01T10:56:52.612819,Sousa de Garcia,Costa do Sul,81.53,CANCELLED,TRUCK,89
01b6215d-1236-4578-9a0f-e82e232ed6b8,2026-05-01T05:13:59.234475,Alves,Montenegro,57.44,IN_TRANSIT,AIRPLANE,103
33df7f28-d686-43d8-aba6-13d786e0d85a,2026-05-01T09:40:15.435744,da Mata das Pedras,Aparecida de Minas,4.67,DELAYED,VAN,20
0e93e759-c108-48bc-9213-376be57e22f2,2026-05-01T01:38:47.580100,da Rosa de Mendes,Nascimento,42.05,DELIVERED,TRUCK,97
df8342d3-10f0-40f1-860e-6a51af0cbc86,2026-05-01T06:26:47.182230,Peixoto de Goiás,Teixeira,39.16,DELAYED,MOTORCYCLE,93
d701b510-6d3c-4194-974e-1187385c40aa,2026-05-01T01:54:34.118110,da Mota de Minas,Vieira de Goiás,11.0,IN_TRANSIT,AIRPLANE,116
f7335596-3085-426c-9f59-853800628a0c,2026-05-01T03:10:05.608644,Novais da Praia,Martins das Flores,25.92,DELIVERED,TRUCK,90
ab3a2d1e-5caf-47bc-a516-03bed1c7a0ca,2026-05-01T06:05:21.332724,da Cruz do Sul,Lopes de Fernandes,3.07,CANCELLED,VAN,89
da75e096-e8b6-478c-84b5-4f05ada99f78,2026-05-01T11:33:45.522079,Moura do Oeste,da Rocha,69.27,DELIVERED,TRUCK,58
c4ac026c-fab4-4061-b4a1-c28f8cbe09fa,2026-05-01T10:16:55.483920,Nascimento,Aparecida,34.5,DELIVERED,MOTORCYCLE,42
3f4a7c00-7080-41d7-88a9-a44e58c35658,2026-05-01T07:48:04.163822,Barros de Abreu,Farias,72.44,CANCELLED,AIRPLANE,97
e74ca237-7172-4dae-8137-3553be56f4fa,2026-05-01T11:50:09.852481,Santos do Galho,Cunha de Fonseca,53.34,IN_TRANSIT,TRUCK,100
ab9f0200-881d-4f47-8f81-18ca52d5ac46,2026-05-01T01:44:41.630822,Carvalho do Oeste,Aragão,16.25,IN_TRANSIT,MOTORCYCLE,22
c801efd7-d3fb-4d49-85bf-5d2ce884f317,2026-05-01T00:22:01.524777,da Paz,Albuquerque,71.89,DELAYED,VAN,88
eaf982c6-ff15-4dbe-bbff-a2b42be6a0e0,2026-05-01T08:13:55.735565,Araújo de Minas,Gonçalves,44.5,CANCELLED,VAN,57
b4562f5a-85ba-4c72-b4e1-1fc7e9983f26,2026-05-01T12:14:35.033475,Siqueira de Fernandes,Sá,18.63,DELAYED,MOTORCYCLE,86
822d93d5-70f4-44ce-b28b-b7b1f1ea7faf,2026-05-01T01:31:16.119188,Nogueira das Flores,Vieira da Serra,53.13,CANCELLED,MOTORCYCLE,27
a33d3e69-01c7-452a-ad63-47f3824dad36,2026-05-01T00:07:33.443326,Camargo Paulista,Brito,21.24,DELIVERED,TRUCK,83
5c6b321f-85fe-4cb7-9715-9a77eb61d9ad,2026-05-01T11:42:26.640234,Sampaio da Praia,Oliveira,16.84,DELAYED,TRUCK,8
9160f93d-3170-43fe-9716-63d198dcb0f9,2026-05-01T00:57:25.563484,Pereira,Gomes,33.02,DELAYED,VAN,45
5ef8b002-6d1d-414b-b899-85a693c5eb9d,2026-05-01T07:35:48.629540,Casa Grande,Nogueira de Rezende,2.93,CANCELLED,AIRPLANE,82
0803b446-242c-49fe-a17d-8e1758af879e,2026-05-01T03:48:50.502415,Macedo de Lopes,Freitas da Praia,42.29,DELIVERED,AIRPLANE,119
a1791213-5812-4f54-a6e4-30e5732e809b,2026-05-01T07:08:44.299690,Novaes,Guerra,91.19,DELAYED,AIRPLANE,14
1ec62438-eee7-4dae-874f-0c9d435bba03,2026-05-01T06:50:17.360962,Pacheco do Norte,Aragão do Norte,34.84,DELAYED,MOTORCYCLE,74
acae3970-766f-4c8b-baa4-305ccd41537a,2026-05-01T06:59:12.071857,Rios das Flores,da Rosa Verde,41.87,DELAYED,TRUCK,60
7352e102-a3df-4096-9921-13e5c954fabd,2026-05-01T09:27:05.771940,Fogaça de Siqueira,Teixeira de Souza,60.1,DELIVERED,VAN,91
36439d76-ff8d-4057-a42c-d50ce088e47e,2026-05-01T07:28:23.072406,Siqueira,Sousa,36.91,DELAYED,AIRPLANE,113
95fc3c64-6fc8-4de0-a502-8ae168df6d1a,2026-05-01T00:04:11.709059,Gomes do Galho,Pastor de Sá,69.84,DELIVERED,AIRPLANE,82
94c358c5-3328-407b-a9a1-029597b4d0d5,2026-05-01T02:58:16.792672,da Conceição,Nascimento,92.56,DELAYED,TRUCK,75
19003349-3702-44a9-8512-5cb76b4b38aa,2026-05-01T04:35:40.848096,Souza de Goiás,Cavalcanti de Oliveira,17.85,IN_TRANSIT,TRUCK,96
cf237ae5-0dc3-41d0-a625-58c91bb43b2a,2026-05-01T09:50:02.349056,da Cunha,Azevedo,17.73,DELIVERED,TRUCK,58
8ff6f2dd-3d3d-40b8-a463-c4ec8e27b8e9,2026-05-01T10:24:11.546237,Mendonça de Goiás,Novais,45.37,DELIVERED,AIRPLANE,8
3b45cf0d-0849-4489-9b3f-a3c47072f742,2026-05-01T02:13:56.507290,Rodrigues,Casa Grande,36.14,DELIVERED,VAN,84
ffe8d725-9409-4e48-b82b-03412f665dba,2026-05-01T00:07:12.232242,Casa Grande dos Dourados,Mendonça do Campo,94.3,DELIVERED,AIRPLANE,25
9b585035-8ca9-4ad6-95d8-57623121a511,2026-05-01T05:58:19.759643,Duarte de Barbosa,Santos,58.36,IN_TRANSIT,VAN,51
aec5f5ea-f2f0-4d32-94eb-786c3d7ce633,2026-05-01T08:54:01.540239,da Rosa das Pedras,Ramos do Oeste,61.62,IN_TRANSIT,AIRPLANE,23
085dfe3b-670b-4e37-84c2-ae94219b7f82,2026-05-01T05:11:56.478267,da Mata de Monteiro,Almeida,9.99,DELIVERED,VAN,97
89d7dbb4-2835-4ff2-a8b1-d0b2d546d80a,2026-05-01T05:26:43.553683,Ferreira,Leão,57.02,DELIVERED,AIRPLANE,95
c2691357-5541-49a9-b9d4-3094b0c46032,2026-05-01T00:01:48.783514,Rodrigues,Cavalcanti do Sul,96.51,IN_TRANSIT,VAN,33
4b7832ea-eadd-4337-aec6-23810e4015b8,2026-05-01T05:28:17.709232,Teixeira,Peixoto do Norte,3.86,DELAYED,AIRPLANE,11
7c018752-dba6-4e29-a851-510a945e8433,2026-05-01T10:47:27.878454,Moraes,Santos,57.12,CANCELLED,TRUCK,2
c318f010-b27f-4612-b8f2-95824e8ab46d,2026-05-01T05:44:50.106733,Vargas de Minas,Rezende do Campo,43.6,IN_TRANSIT,VAN,62
cfcd464c-7a05-4166-a89c-55f67dd9c738,2026-05-01T02:27:38.223118,da Mata de Câmara,Albuquerque das Flores,20.62,IN_TRANSIT,TRUCK,11
5de21132-e0eb-4867-8697-c7bb6a760295,2026-05-01T00:03:49.385286,Correia da Mata,Freitas de Macedo,0.9,DELAYED,AIRPLANE,51
daab40a5-d3ff-4919-8046-706302859a33,2026-05-01T08:47:10.246109,Vasconcelos,Campos,87.38,CANCELLED,MOTORCYCLE,78
5df07dbe-f97a-4b34-a243-2283e7ab950c,2026-05-01T10:26:56.133089,Oliveira,Gomes,47.03,DELIVERED,TRUCK,110
30dc255a-555c-4501-adac-0e0d22bff01a,2026-05-01T09:57:41.159130,Novaes,da Rocha,56.95,DELAYED,MOTORCYCLE,2
83799bd3-117d-43c2-8c51-da5da533bed3,2026-05-01T04:34:56.966716,Silveira,Pinto do Campo,49.65,IN_TRANSIT,TRUCK,101
db3e5b20-c700-481d-8c9d-054261386563,2026-05-01T01:32:18.682173,Pimenta do Sul,Carvalho,96.88,CANCELLED,TRUCK,107
09dc66f6-7307-4fc9-b4fc-a3bb3ec90550,2026-05-01T02:05:07.140264,da Mata,Borges,82.63,CANCELLED,MOTORCYCLE,20
57b38dc6-831b-4737-ab57-23d8027fe388,2026-05-01T08:21:17.414733,Fernandes do Norte,Câmara de Goiás,54.26,IN_TRANSIT,VAN,109
351c678e-44c3-407f-912f-205880ce0177,2026-05-01T12:10:02.677191,Vieira do Norte,Rios Verde,34.94,DELAYED,VAN,110
83d1241e-408b-4784-92da-adf82955a667,2026-05-01T08:05:17.838483,Martins,Lima de Goiás,42.01,DELIVERED,VAN,95
f62dcdb9-f27f-47b6-899d-4333c2831672,2026-05-01T05:45:39.084066,Rocha das Flores,Ferreira,1.52,DELAYED,TRUCK,38
4f749da3-e289-4575-9c52-7e01f912df89,2026-05-01T10:15:41.227127,Pacheco,Brito,0.83,DELIVERED,VAN,116
e4626d88-aa08-4363-b948-8efcbba99885,2026-05-01T04:00:02.054877,Sales,Nunes,39.68,DELIVERED,MOTORCYCLE,5
aca89df8-f7f3-4535-ae20-fd1a3101bf64,2026-05-01T03:13:10.376284,Moraes,Pacheco,45.49,IN_TRANSIT,TRUCK,40
d5a8d386-9bf3-460b-ad93-d25ca4cdc000,2026-05-01T10:03:37.256601,Martins,Almeida,12.3,DELAYED,AIRPLANE,40
f43413f0-334f-4ff1-9a95-37ad062e8592,2026-05-01T07:26:04.725668,Siqueira Grande,Macedo,25.71,DELAYED,AIRPLANE,14
95c825c8-eb40-4990-9e9c-6bc69ccec004,2026-05-01T08:37:01.673939,Ramos,Pereira,80.6,CANCELLED,VAN,54
b2d7ad8c-5802-4cd4-8359-41c991a7f804,2026-05-01T00:42:16.251391,Macedo,Alves do Campo,22.3,DELAYED,TRUCK,7
6a4d862d-2c29-4248-b5c5-b2f3b44ac463,2026-05-01T04:16:54.902154,da Cunha,Castro do Galho,73.35,CANCELLED,VAN,27
8b3e15c0-5e7e-4113-80ab-34a6a7aef832,2026-05-01T08:18:10.438721,Pires,Nascimento,55.73,IN_TRANSIT,MOTORCYCLE,55
2219877d-7dcd-42af-b0b3-4ef2765191d7,2026-05-01T04:20:31.137034,Albuquerque,da Luz Grande,23.21,IN_TRANSIT,VAN,70
c66249d4-9a51-4981-b12f-08354a72f13c,2026-05-01T08:15:35.793134,Lopes,Jesus,68.82,DELIVERED,VAN,77
c28fcb65-bb16-40de-b4d2-cb7c3e2ddd77,2026-05-01T01:45:57.507756,Ramos,Rocha,34.59,DELIVERED,TRUCK,7
a42fac4f-a709-4e25-8571-231c5b12b79a,2026-05-01T11:37:09.749316,Costa Grande,Brito Grande,10.04,DELAYED,MOTORCYCLE,0
a25e2572-f8c0-4574-9c44-37d7bc67c2c6,2026-05-01T08:17:06.808403,Fernandes de Carvalho,Aragão,31.58,CANCELLED,AIRPLANE,25
71e9523b-b80a-439a-bc5a-851f9c74f230,2026-05-01T06:17:03.929655,Aragão,Fogaça de Minas,11.35,DELIVERED,TRUCK,43
f74c0688-c053-4f6a-8527-f5638a32fcd8,2026-05-01T06:38:51.148441,Nunes de da Conceição,Silva da Mata,85.83,DELAYED,MOTORCYCLE,92
e2e9c724-d71e-4445-b890-ddcef8fa3ea5,2026-05-01T00:51:28.906752,Viana,Azevedo,2.52,DELIVERED,VAN,47
f0fbdcce-4b8b-4cb7-8698-cfd7e01abc2a,2026-05-01T06:54:42.910643,Fonseca,Cassiano,12.86,DELIVERED,VAN,93
f9bf7e7d-b7f4-481d-86fb-ba7368f37722,2026-05-01T00:16:36.721278,Santos,Cunha Grande,11.29,DELAYED,MOTORCYCLE,115
bf649a17-f1e1-4b45-bfe3-8bfbbc13dbe1,2026-05-01T11:32:33.016260,da Luz,Aparecida,84.33,DELAYED,MOTORCYCLE,96
3f7afae0-84b2-49f4-8fb8-e604f5508310,2026-05-01T10:48:39.118953,Costela de Duarte,Farias da Serra,81.77,DELIVERED,VAN,46
c956855a-bc02-4576-8603-ffb600434237,2026-05-01T08:39:30.734582,Porto de Martins,Novais de Rodrigues,4.71,IN_TRANSIT,MOTORCYCLE,65
6ccca94f-ad39-4c79-a231-d2f974772b1c,2026-05-01T04:40:47.477545,Cardoso,Caldeira,67.95,DELIVERED,VAN,117
ecd58864-63fe-49c4-be99-eb16a5b44e40,2026-05-01T11:17:34.461856,Rodrigues Verde,Cunha,83.37,CANCELLED,AIRPLANE,81
2ff0e263-54d2-42c2-8b1b-d71795cd351e,2026-05-01T01:14:59.685033,Dias,Cardoso,71.81,DELIVERED,MOTORCYCLE,50
5a247c70-907e-46d3-9e96-bb67cd6a9544,2026-05-01T00:37:23.587001,Sousa de Barros,da Mota,35.93,DELAYED,MOTORCYCLE,21
62e052a7-b6c8-4575-9f57-c48beffcd27b,2026-05-01T08:59:54.181201,Cavalcanti,Costela,57.22,DELIVERED,TRUCK,112
4afd3892-b020-43cc-bff3-c22b80f7ce80,2026-05-01T01:47:19.294723,Alves de Marques,Pereira,39.38,CANCELLED,VAN,84
7b0b7683-4603-4dbc-952b-a2ece54a52e7,2026-05-01T01:51:46.636742,Leão de Fonseca,Cardoso,69.17,IN_TRANSIT,AIRPLANE,65
03d01573-9fa9-4c27-aab9-ae84ebe92355,2026-05-01T03:43:44.610010,Vieira de Cirino,da Rosa de Fonseca,81.02,IN_TRANSIT,TRUCK,2
39f87d6d-5b03-44b5-a07f-d003e3dcb757,2026-05-01T00:17:02.845302,Leão,Peixoto,91.81,DELAYED,VAN,110
73119d97-b15a-4f9f-b127-deee0536addc,2026-05-01T05:38:02.625495,Azevedo de Cardoso,da Cunha,10.67,IN_TRANSIT,MOTORCYCLE,71
00a66962-cb64-4e19-b259-9162154c0967,2026-05-01T00:15:15.663642,Novais,Camargo,95.99,DELAYED,MOTORCYCLE,9
1bb6222b-03ea-41ae-92be-c08015f654ea,2026-05-01T03:13:40.472826,Viana,Moraes das Pedras,39.67,CANCELLED,MOTORCYCLE,64
df2a542a-f8b1-4b24-a3a9-401f43004e31,2026-05-01T08:02:02.105868,Freitas do Campo,Mendonça de Rodrigues,97.91,CANCELLED,TRUCK,38
ab9f9d20-0b7b-487f-ab33-010b69545920,2026-05-01T08:21:05.243135,Souza do Oeste,Vasconcelos,21.0,CANCELLED,VAN,51
e8b92cee-907c-4edd-8572-12dabfcfafbc,2026-05-01T02:55:10.466386,Ribeiro,Fonseca,61.23,DELAYED,TRUCK,14
198b8f28-77fb-4bdb-a7e8-7b5c3e7f7612,2026-05-01T00:26:40.617977,Fonseca,Rios,82.94,IN_TRANSIT,MOTORCYCLE,91
91a7aac4-21fc-4fd1-b070-874223fdb335,2026-05-01T08:28:22.124444,Andrade de Macedo,da Cunha da Mata,87.53,CANCELLED,AIRPLANE,104
6aad6d45-497e-4f1c-ae38-622f875a0c2e,2026-05-01T11:53:11.428082,Sousa,Vargas de Fogaça,22.53,DELIVERED,VAN,114
044817ee-9722-43ce-b2d9-3e216623f9d4,2026-05-01T04:51:42.394132,da Cruz,Alves,38.07,DELAYED,VAN,57
df39d082-aafb-4d21-89c9-c24d447c1175,2026-05-01T03:15:20.251105,Rezende Paulista,Guerra,87.37,CANCELLED,MOTORCYCLE,29
b5e5cc8d-9276-44c6-98bc-ef8c19fb4121,2026-05-01T06:54:27.835396,Cunha,Sá das Pedras,62.59,IN_TRANSIT,TRUCK,78
c0ccf1a0-956d-48f3-b53a-55b7d7a7e383,2026-05-01T09:39:41.138132,Barbosa,Ramos,34.74,IN_TRANSIT,VAN,113
96639fa3-8c9f-409a-bf4d-3ab8da012000,2026-05-01T07:20:06.017529,Garcia,Albuquerque,57.61,DELIVERED,VAN,93
ef9d6116-efd3-4e8f-a95c-e6b8d6886117,2026-05-01T00:37:27.510156,Almeida de Cardoso,Nunes do Norte,2.04,DELAYED,MOTORCYCLE,61
49f83c42-dfad-4215-9d4a-b4867f160acf,2026-05-01T00:32:04.134267,Gomes das Flores,Monteiro,68.33,CANCELLED,VAN,26
d3b211e2-6849-43b6-ac66-0f828c891915,2026-05-01T08:14:21.743136,Peixoto de Cavalcante,Costela,31.23,DELAYED,VAN,119
534d7678-9e81-48ff-90cf-c5d76efb531c,2026-05-01T05:13:26.861541,Melo,Castro das Flores,32.81,DELAYED,MOTORCYCLE,76
1d7b1889-412f-4971-bf60-dde88817ca98,2026-05-01T04:28:05.291081,Rodrigues,das Neves,60.28,IN_TRANSIT,TRUCK,49
8f3e2e85-3eb9-49a6-8ba4-0c834f67ea29,2026-05-01T06:56:00.891846,Macedo,Andrade de Nascimento,51.46,CANCELLED,AIRPLANE,110
76ae283a-9001-423f-8401-5fbb7be7fb14,2026-05-01T08:50:17.320762,da Rosa,Pastor do Galho,89.08,IN_TRANSIT,AIRPLANE,85
27dd5389-08f4-4cd8-b295-de4b6200d465,2026-05-01T06:50:16.776067,Câmara,Martins dos Dourados,96.41,DELAYED,TRUCK,83
790e742b-44c8-4237-9d63-fcceba4f2199,2026-05-01T00:41:04.376653,Borges,Pinto,6.31,IN_TRANSIT,MOTORCYCLE,50
f13aff6c-622f-4d7c-95c0-b40b9066b580,2026-05-01T01:18:50.571305,Pinto de Gomes,Silva de Moura,54.58,DELIVERED,VAN,78
d6d8f066-2ab6-480b-b614-f18f89daee6e,2026-05-01T11:40:57.271746,Duarte de Barros,Jesus,94.11,DELAYED,AIRPLANE,67
177962c9-08e2-4f5f-92b2-180a428defd1,2026-05-01T06:28:05.816658,Duarte,Pereira,43.07,DELAYED,TRUCK,107
8792a255-eee7-453a-b245-3ea1a220d2e2,2026-05-01T03:56:26.161660,Casa Grande,Montenegro,42.5,CANCELLED,AIRPLANE,15
9001181b-b45c-4f78-84aa-7008011b9821,2026-05-01T09:31:26.049117,Andrade do Amparo,Rocha,89.15,DELIVERED,AIRPLANE,58
59c1c24f-acdf-45ca-8258-ff2a7b09cf4d,2026-05-01T11:07:08.546821,Farias,Câmara,85.58,CANCELLED,AIRPLANE,114
fda4b55f-d5ca-4d5e-abf5-14455656889f,2026-05-01T09:14:08.319210,Vasconcelos,da Rocha Grande,88.18,DELIVERED,VAN,19
1b1618d3-1e2d-4dac-9e76-dda28d763a40,2026-05-01T12:15:54.070602,da Paz da Prata,Pimenta da Mata,92.14,IN_TRANSIT,VAN,112
5cfeb2ee-636a-4bf2-87f5-e6cead552156,2026-05-01T06:35:09.644994,Teixeira de Rios,Duarte,1.58,DELAYED,MOTORCYCLE,68
a3e819e4-4834-40e9-8506-ec0ea329bb0a,2026-05-01T00:39:12.085558,Dias,Nunes,97.29,IN_TRANSIT,AIRPLANE,23
f47bdb80-d109-43a2-adf8-4b823f4bfc81,2026-05-01T00:56:48.699225,Pires,Rodrigues do Oeste,5.89,IN_TRANSIT,TRUCK,80
021314aa-f7d2-4d53-9ed3-0141630fb4db,2026-05-01T07:03:02.382474,Sá de Minas,Barbosa de Freitas,2.04,DELAYED,AIRPLANE,102
bac85d97-f699-4bf5-88a9-e4a0eddc7d4c,2026-05-01T07:23:51.790255,Souza,Leão,25.85,DELIVERED,MOTORCYCLE,43
b8bc1485-93ab-4e4b-a38a-ef5d6ca28e0c,2026-05-01T11:54:33.684232,Cardoso Grande,Nogueira,76.83,CANCELLED,TRUCK,54
96e3ac0b-64ec-4cca-9261-b330ec12b1b1,2026-05-01T06:02:57.840674,Freitas do Norte,Viana,77.87,DELIVERED,VAN,33
7a340379-fc36-4df9-8c15-3aac9450aa93,2026-05-01T00:41:27.976573,Campos,Casa Grande de Rocha,11.57,CANCELLED,TRUCK,109
bf3b8c2d-9ed4-4ed8-9ffb-df86b7750296,2026-05-01T01:59:11.946603,Viana,Sales,18.75,DELAYED,VAN,46
db8f18e3-b57e-481e-9ee0-9412f625e364,2026-05-01T02:54:34.883642,da Mata,Garcia,29.02,DELAYED,VAN,83
431f5afa-f203-4404-989a-b88d154e3adf,2026-05-01T07:39:07.516732,da Conceição,Martins da Praia,94.68,DELIVERED,MOTORCYCLE,31
8efe1132-3e0c-47e2-8c0c-4ca8b4b04c05,2026-05-01T11:37:31.241047,Costa da Prata,Leão,75.8,CANCELLED,VAN,102
4c1011e4-973d-47dc-b156-2583b864aecf,2026-05-01T03:01:41.741502,Borges das Pedras,Vieira do Campo,26.04,DELIVERED,AIRPLANE,29
82351cc3-07a4-426c-9d90-f6f3ea26e98a,2026-05-01T11:01:48.792302,Castro das Pedras,Mendonça de Cavalcanti,69.41,DELIVERED,VAN,66
b0401d45-529c-4250-b355-a166ac65627f,2026-05-01T06:27:13.740811,Carvalho Verde,Câmara da Mata,78.54,DELAYED,AIRPLANE,32
f8288ad2-4bb0-444d-b32c-51aa03297ebd,2026-05-01T06:41:07.082312,Duarte do Oeste,da Paz,63.53,CANCELLED,VAN,107
08c4b59d-dcdc-4eba-a7b1-fb931a73ac59,2026-05-01T06:21:43.971512,Silva Alegre,Borges do Amparo,42.61,IN_TRANSIT,VAN,54
828b2fd9-eaaa-424a-9188-e2d655c2da71,2026-05-01T10:39:05.946297,Aragão,Melo de Rodrigues,75.5,CANCELLED,TRUCK,112
2612731f-5a71-4d52-9e7d-995f422f2341,2026-05-01T06:41:18.561715,Casa Grande de Dias,Novais,99.34,DELAYED,VAN,83
375a7d53-44bc-49d4-8dab-cfe119d5097d,2026-05-01T01:42:03.370808,Sá do Amparo,Gomes,12.38,IN_TRANSIT,VAN,17
e59bc8db-707b-4250-958b-1fc865b7eecb,2026-05-01T03:20:33.217908,da Paz de Novais,Sousa,90.26,DELAYED,TRUCK,92
9e2cc848-0715-40a9-aa8e-716291b95627,2026-05-01T04:41:57.810585,Silveira,Fernandes da Praia,77.51,CANCELLED,AIRPLANE,16
56121423-f8cd-43c1-aa42-9a1b01251764,2026-05-01T05:25:53.069550,Silveira dos Dourados,Macedo,69.77,IN_TRANSIT,AIRPLANE,46
d64b8a5a-10fe-4172-b77d-5ffff4b35e62,2026-05-01T07:02:17.841723,Cirino,Caldeira,25.11,DELAYED,AIRPLANE,5
680bcfd8-91d9-473d-b67b-93f2e7cae6e3,2026-05-01T09:23:31.148263,Alves,Siqueira,84.59,DELIVERED,MOTORCYCLE,2
3d1b4db3-2d45-4042-a6d8-c0ad40ad65fd,2026-05-01T04:52:14.319984,Aragão da Prata,Viana dos Dourados,40.35,DELAYED,AIRPLANE,68
3e124ad3-b838-4cd5-a24e-1dc76a186b20,2026-05-01T08:18:07.586483,da Rocha do Campo,Dias do Oeste,37.31,CANCELLED,MOTORCYCLE,116
24c0d4df-148c-4579-ad74-795204b71d5d,2026-05-01T01:11:43.291032,Machado de Fernandes,Camargo,13.4,DELAYED,AIRPLANE,111
310c6058-09e0-41e2-b9fe-ac6d8846d39b,2026-05-01T02:56:45.900861,Vieira de da Cunha,Albuquerque,80.76,DELAYED,AIRPLANE,92
871f8bcd-751f-49bf-a286-773bb387d7fb,2026-05-01T07:40:15.388730,Cavalcanti,Correia,87.85,IN_TRANSIT,AIRPLANE,86
82b5d67c-f75f-41ee-be72-061089aaebaf,2026-05-01T07:27:21.642013,Barbosa,Gomes,93.77,CANCELLED,VAN,98
acb43199-7855-4a9e-8c6a-5be8c5744e66,2026-05-01T07:57:20.766732,Novais,Rios de Santos,12.16,DELAYED,VAN,30
990f873c-564f-42e1-a057-9757fae82d1b,2026-05-01T04:12:52.560204,Jesus das Pedras,Fernandes do Campo,36.27,DELIVERED,TRUCK,28
eba19fb7-ee35-4072-9620-275f2a2a1f03,2026-05-01T07:49:01.668724,Rios do Sul,Casa Grande,56.13,DELAYED,MOTORCYCLE,86
e11a728f-b6d5-4835-b5e4-593b1e68da5e,2026-05-01T08:32:55.092937,Oliveira do Norte,Martins,35.41,CANCELLED,MOTORCYCLE,120
949eef62-fcd2-4229-81d8-6f149ff11629,2026-05-01T04:28:32.486733,Garcia,Moreira,64.74,DELAYED,AIRPLANE,117
c5093a98-9cbe-4833-8003-571cf7edd323,2026-05-01T10:46:42.670637,Camargo,Gonçalves,72.63,DELAYED,TRUCK,101
eb319979-2e71-45dc-81d5-40caa0d4b72d,2026-05-01T10:33:57.815428,Aragão,Freitas de Pires,44.28,DELAYED,VAN,23
37644dbf-de93-454a-9bee-d8466bea8fbb,2026-05-01T10:43:22.190590,Marques,Costela dos Dourados,11.69,DELAYED,MOTORCYCLE,86
ba1cd5a9-d799-4b8d-b78f-e8afb51429d0,2026-05-01T09:12:00.631864,Dias,Cavalcanti Grande,54.15,DELAYED,MOTORCYCLE,60
891f1e37-fb8e-4dee-ac11-59dd5382ec32,2026-05-01T09:53:30.581480,Farias de Goiás,Rocha das Flores,64.78,DELIVERED,VAN,77
14598b5e-efe7-49fe-9de5-10d3400a0132,2026-05-01T12:08:13.773699,Caldeira,Oliveira,34.3,IN_TRANSIT,AIRPLANE,48
d4c90f06-9a9e-4e0e-9b0d-0bdad3c8a7ac,2026-05-01T04:58:45.210757,Albuquerque,da Conceição do Sul,33.65,CANCELLED,VAN,71
821c194f-f5fe-4f27-b2ca-a97f80f38a59,2026-05-01T03:13:02.316250,Cunha,Siqueira,74.89,DELAYED,AIRPLANE,103
02a4aba6-eecc-49f9-b837-6276d30099f8,2026-05-01T04:06:22.976979,Lima de Cunha,Borges de Souza,15.86,DELIVERED,AIRPLANE,55
fff37764-17b8-4b12-b84e-9fde1d8c6419,2026-05-01T07:55:07.819290,Cardoso de Gonçalves,Cassiano,77.07,DELIVERED,TRUCK,65
1e96ca79-d5ea-4c85-9ec4-48fedb2e32bc,2026-05-01T12:24:10.012660,Silveira,Costa,98.4,DELIVERED,MOTORCYCLE,18
513aab91-4945-4e17-925a-eb3fa8786fd4,2026-05-01T10:56:10.395028,Ribeiro de Machado,Rocha Grande,48.34,CANCELLED,VAN,49
823c2b3a-810e-41dc-ba1f-15dabda20875,2026-05-01T11:36:46.549206,Pinto Alegre,da Costa,25.87,IN_TRANSIT,MOTORCYCLE,50
8abc1783-6f3a-4501-8a48-d0716086fcf0,2026-05-01T03:19:25.142335,Teixeira,Moura,8.55,DELAYED,AIRPLANE,115
303809e8-1e98-46a0-ac08-f4ab125bab62,2026-05-01T05:11:27.055793,Campos,Duarte de Duarte,12.5,CANCELLED,MOTORCYCLE,117
b07ba8d7-7c6f-4833-8cb3-b4d0811b8046,2026-05-01T00:54:55.500367,Dias das Flores,Caldeira,45.81,DELIVERED,MOTORCYCLE,39
2911e600-e784-456b-b546-89fbd2da79f3,2026-05-01T07:07:29.269454,da Cruz de da Paz,Brito do Galho,6.11,IN_TRANSIT,VAN,71
c796ad84-0ff2-4333-9541-71d9afbafd44,2026-05-01T10:03:46.081485,Lima,Teixeira,44.61,DELIVERED,TRUCK,29
5bbb6dd5-7efd-469a-b264-0044fb6e6309,2026-05-01T10:32:31.457980,Jesus,da Mata Verde,65.55,CANCELLED,VAN,5
50dcef2c-b3d5-426d-9c6e-8c646e11e27e,2026-05-01T02:04:54.634738,Viana,Fogaça de Cardoso,38.7,IN_TRANSIT,TRUCK,59
da99758a-b980-4ba3-b73e-4f183b982ce1,2026-05-01T03:52:54.659669,Moreira do Amparo,Castro,81.19,DELIVERED,MOTORCYCLE,84
87107457-06a3-45f8-a11c-d5108586ff23,2026-05-01T11:19:47.264452,Campos,Duarte,26.82,IN_TRANSIT,TRUCK,52
a63c2936-afb2-4dd6-8f98-3fd719c211ac,2026-05-01T03:14:07.849990,Moura,Cassiano do Norte,93.76,IN_TRANSIT,TRUCK,32
365df014-0c4d-4d68-930d-e4bc7f199f95,2026-05-01T01:06:01.155692,Silveira Verde,Marques de Porto,7.36,IN_TRANSIT,VAN,57
6067d45a-6bf9-44da-8177-e16aed824e5f,2026-05-01T07:28:42.174913,Campos da Prata,Nascimento do Campo,79.19,DELIVERED,AIRPLANE,66
177a49c9-4fff-4902-889c-4ceddf7fe833,2026-05-01T06:30:45.100669,Macedo de Minas,Leão,88.74,DELIVERED,VAN,43
7d8eba75-e459-4da9-9d76-81f54b07e377,2026-05-01T05:46:40.351767,Macedo de Siqueira,Freitas,79.29,IN_TRANSIT,MOTORCYCLE,10
364968f7-e80e-4003-a315-47a4c17be7ee,2026-05-01T09:16:57.945961,Melo,Novais de Minas,57.17,IN_TRANSIT,TRUCK,113
d6fd0ad3-d95b-4985-8421-e3e02e7622ef,2026-05-01T03:18:37.914849,Gonçalves,Ribeiro do Sul,86.28,DELAYED,AIRPLANE,87
3a35fcb2-e3eb-4fdf-bd95-9b1109145ec4,2026-05-01T07:31:45.491668,Pimenta,Mendonça,34.04,CANCELLED,MOTORCYCLE,46
0f494937-8cf4-4673-ab77-62d12729b1ea,2026-05-01T03:27:33.695146,Martins,das Neves,35.33,CANCELLED,MOTORCYCLE,67
c7278651-9b98-4a57-ab7f-59ac1a508465,2026-05-01T09:03:48.897726,Sousa,Ferreira,65.92,DELIVERED,TRUCK,108
5109cb75-8b29-459c-9520-bce27fda9c36,2026-05-01T11:13:51.968640,Caldeira Paulista,Macedo,56.15,IN_TRANSIT,AIRPLANE,55
d80afcda-071f-455c-8d9c-cdd042fe7bcc,2026-05-01T03:34:23.333669,Lopes de Minas,Aparecida das Flores,7.82,DELAYED,TRUCK,37
bd55cd8a-b842-47c5-b547-07e3ce443c4e,2026-05-01T01:27:25.362801,Leão,Guerra,69.75,IN_TRANSIT,TRUCK,17
0af4d340-d77b-4451-b129-16180425d6ee,2026-05-01T01:53:45.920884,da Rocha de Barros,Vargas da Mata,51.88,DELAYED,TRUCK,11
2505d835-8b83-40b0-abb3-c4ecf2da0c85,2026-05-01T08:47:20.595125,Silveira,Cavalcante,86.73,CANCELLED,MOTORCYCLE,109
f1c5b7e3-3c26-4071-bace-fe9d5c04281e,2026-05-01T07:56:26.197531,Pimenta,Ramos do Norte,71.58,DELIVERED,MOTORCYCLE,68
b93f43ee-dbbc-43e4-890d-1be58574783c,2026-05-01T06:04:03.459240,Porto,Moreira,81.05,IN_TRANSIT,MOTORCYCLE,77
5ca141ca-9640-4584-a4c8-7d1d13f33f0f,2026-05-01T07:46:35.713920,Correia dos Dourados,Martins Alegre,60.61,CANCELLED,MOTORCYCLE,81
507211b6-98a9-49ba-9f83-0b40719f1ebb,2026-05-01T04:30:05.353956,Peixoto do Norte,Cardoso do Norte,59.72,DELAYED,TRUCK,21
fb118e8e-99c8-49d7-a188-afd3fbb31b14,2026-05-01T10:20:41.245117,Novais Paulista,Siqueira do Campo,99.58,CANCELLED,VAN,28
bc677449-fd5d-44b2-8b3b-8027860bec6c,2026-05-01T09:01:34.551376,da Mota,Cavalcanti,26.25,CANCELLED,MOTORCYCLE,11
9f213e80-5946-4fe1-ad6e-3cd38ab225da,2026-05-01T06:31:07.173789,Borges,Moura,10.73,DELAYED,VAN,103
56ad6f32-2a08-4312-b85c-55b78813e458,2026-05-01T03:56:16.221704,Vieira,Fernandes de Vieira,11.89,DELAYED,VAN,88
05d4c46f-96c3-4b2b-87de-b2cca2362811,2026-05-01T09:05:39.700780,Silveira,da Cruz de Vasconcelos,63.96,CANCELLED,TRUCK,102
17938dca-0b46-4b4c-84a2-5d0715db250d,2026-05-01T00:36:15.481048,Duarte do Sul,Mendonça,66.15,DELIVERED,AIRPLANE,87
d77adf52-9a49-40bb-a034-71c0ea402ce0,2026-05-01T05:27:21.036557,Aragão,da Mata do Galho,52.32,IN_TRANSIT,AIRPLANE,98
ddd68a4a-7bf0-40e6-996f-b8e8760fea6e,2026-05-01T02:19:23.843317,Silva,Fonseca,74.69,DELIVERED,AIRPLANE,3
e3c063e4-1628-4b89-84f4-5078aecef561,2026-05-01T11:10:08.572317,da Luz do Amparo,Pires,4.09,DELIVERED,TRUCK,92
571c467e-45bf-46ac-995c-5b69e204cd8a,2026-05-01T06:34:40.136706,Cavalcanti,Dias,13.22,DELIVERED,MOTORCYCLE,57
2212e89a-3f4c-434f-8dd0-41715e447628,2026-05-01T05:31:30.796582,Albuquerque das Flores,Vargas de Goiás,44.39,DELAYED,VAN,118
1ad3ed47-9105-4859-b54a-5165adee4256,2026-05-01T01:18:32.602806,Duarte de Cavalcanti,Câmara,22.98,DELIVERED,VAN,100
809a187c-7686-4a0b-ac2b-a79e35550190,2026-05-01T03:26:53.225169,Casa Grande,Fogaça do Oeste,80.63,IN_TRANSIT,AIRPLANE,67
d6e3756a-893a-4ec9-93da-3906814186df,2026-05-01T04:08:00.700541,Silva,Ferreira,45.4,CANCELLED,AIRPLANE,120
8c7a5d93-350c-47cb-a29d-5209150fd81a,2026-05-01T07:45:22.938614,Mendonça,Oliveira do Campo,57.32,DELAYED,AIRPLANE,32
3bc2b0e4-5d84-481c-8bdd-56dbd203224c,2026-05-01T12:21:08.536177,Andrade de Guerra,Moura Alegre,87.15,IN_TRANSIT,AIRPLANE,47
649c4d55-e497-46ca-85fa-397004796f1e,2026-05-01T09:22:32.201581,Azevedo,Rodrigues do Galho,98.37,DELIVERED,TRUCK,85
42cff02f-dc1b-45b8-8555-3d33c4bba68a,2026-05-01T01:47:08.799993,Pinto de Pinto,da Cunha,89.58,DELAYED,MOTORCYCLE,112
5c433955-0005-4786-8813-ff9217b869c4,2026-05-01T02:31:12.593935,da Rosa das Pedras,Cassiano,33.27,CANCELLED,AIRPLANE,17
6897447f-dae9-411e-9823-050303cbf1fe,2026-05-01T00:50:22.559780,Brito,Pereira,64.98,DELIVERED,MOTORCYCLE,103
53e65fb2-eceb-4d91-ade3-7e6f29c2b0db,2026-05-01T03:24:34.085257,da Rosa,Souza,46.45,CANCELLED,VAN,90
cec9f20c-ffae-4d70-bd41-5cd6855c6a7e,2026-05-01T06:14:35.865196,Cassiano,Machado,53.69,DELAYED,AIRPLANE,101
91c93929-7085-4b81-9a9c-c37387c9d0c8,2026-05-01T02:10:12.641615,Cassiano,da Rosa dos Dourados,65.52,IN_TRANSIT,TRUCK,5
3cf84ad4-49d5-4e2d-8f77-15db4722753b,2026-05-01T02:26:12.725046,Rodrigues,Barbosa,80.68,DELIVERED,AIRPLANE,100
b0fbb8ea-cf61-47d2-96b5-68c4c80caa60,2026-05-01T10:58:07.480443,Sampaio,da Cruz,83.99,DELIVERED,AIRPLANE,100
efe4d31f-2413-4161-b144-edb2d754dd6a,2026-05-01T09:26:34.130034,Casa Grande,Barros,18.61,DELIVERED,AIRPLANE,91
dc7a3be0-1f9a-4ad0-9b93-5970551e4c7e,2026-05-01T06:05:38.847692,Ferreira dos Dourados,Montenegro das Pedras,65.96,DELIVERED,TRUCK,20
6be711e1-1824-407b-a0fb-7c3679ccfa93,2026-05-01T01:03:28.312104,Vasconcelos,Duarte de Minas,61.94,DELAYED,VAN,46
88fb5e23-374e-42ab-a6b0-ec6866a85d70,2026-05-01T02:36:02.793668,da Mata,da Costa,35.53,DELIVERED,MOTORCYCLE,75
23188f8e-1255-4f81-9b29-36ad0ce6af4c,2026-05-01T04:08:44.394652,da Mota de Goiás,Viana de Jesus,26.9,DELIVERED,AIRPLANE,77
883585e7-0039-459e-abf4-2514395e8128,2026-05-01T07:35:26.339068,Sampaio dos Dourados,Silva,60.34,CANCELLED,MOTORCYCLE,53
4e9f537d-f251-4a01-8af7-ce52e7e275e2,2026-05-01T12:19:52.996632,Monteiro de Goiás,Nogueira,9.92,IN_TRANSIT,AIRPLANE,93
52e617cc-a87f-4501-96d5-456e53f44da7,2026-05-01T09:58:09.104307,Dias,da Cunha Verde,92.53,CANCELLED,VAN,5
9e5d0bfc-40f7-4cc0-afe5-c74198d9a10f,2026-05-01T08:50:46.594425,Sá da Mata,da Conceição da Prata,61.65,DELIVERED,AIRPLANE,38
c74ebdd9-7775-4059-842f-5bb5113530d3,2026-05-01T00:47:01.138512,Fonseca,Camargo de Goiás,0.88,IN_TRANSIT,TRUCK,65
f47c810e-a33a-4ea6-b44c-40c930d51cf2,2026-05-01T08:13:08.156232,Santos,Duarte,24.94,DELAYED,AIRPLANE,29
22f54065-0f0d-4c9e-a15f-545ef8f0fda9,2026-05-01T03:58:58.763154,Marques,Macedo,1.34,DELIVERED,TRUCK,76
408a0b69-9727-4991-b54c-aa08a7c5b31a,2026-05-01T10:40:20.283435,Rios,Cunha Grande,46.01,DELAYED,AIRPLANE,17
39f5d6ea-590f-4266-a66e-9735ceeed4cc,2026-05-01T02:29:32.670477,Ramos,Novaes,32.32,DELAYED,TRUCK,36
efde7ec9-2de3-4e15-93c6-87d5eb947925,2026-05-01T06:03:11.722895,Almeida,Cirino,71.12,DELAYED,MOTORCYCLE,68
1d132ae6-f35f-464c-b035-7d67909c4160,2026-05-01T00:12:16.245607,Silveira de Cardoso,da Cruz,38.09,DELAYED,MOTORCYCLE,42
5dd67784-1c1b-4ee7-ba82-77a3a68a81fb,2026-05-01T07:23:25.015691,Machado do Amparo,Teixeira,23.81,IN_TRANSIT,TRUCK,2
87ee3849-942f-4b2d-af88-1b32fd55e1c9,2026-05-01T02:30:29.791850,Sousa,Aragão,67.09,CANCELLED,MOTORCYCLE,13
e8d941e4-43c5-439f-9014-155d44685c96,2026-05-01T09:11:39.272748,Cardoso,Oliveira,9.0,CANCELLED,AIRPLANE,19
15e90c4b-e3cc-4682-9bb5-ea3e6d334d09,2026-05-01T01:58:49.183073,Aragão,Carvalho dos Dourados,94.46,CANCELLED,AIRPLANE,50
36e372c1-4ef8-4316-b748-350790b2395b,2026-05-01T04:15:35.077418,Ferreira Verde,Sampaio,62.89,DELAYED,AIRPLANE,63
eefd0119-f755-4981-b1e8-79dca5d4d4eb,2026-05-01T06:02:00.738949,Costela,Santos de Siqueira,38.74,IN_TRANSIT,AIRPLANE,22
94c00514-56b7-4371-9f35-e8a93c7ccc8f,2026-05-01T08:07:32.424166,da Costa Alegre,da Costa dos Dourados,27.2,IN_TRANSIT,MOTORCYCLE,93
00abf4b1-4fc4-4b1b-abac-01fe101cf073,2026-05-01T10:58:05.270603,Câmara,Barbosa,5.63,DELIVERED,VAN,87
eb6b10ee-f3cb-4e84-95ea-8f0fb1c04c88,2026-05-01T05:57:33.881027,da Rocha do Campo,Ramos de da Cunha,73.48,DELIVERED,MOTORCYCLE,93
8e7fb992-4389-4418-b680-e43e16285f53,2026-05-01T11:39:15.604811,Machado,Dias,33.06,DELAYED,VAN,15
8cf9e83f-5ea7-4d8d-86f0-d1ee226e459f,2026-05-01T11:40:15.559603,Mendonça,da Mota,78.62,CANCELLED,AIRPLANE,46
65dbc09a-b67d-4a9c-96da-018a026f956e,2026-05-01T01:44:08.143142,da Mota de Minas,Lopes,15.67,DELAYED,VAN,5
41e61a62-d1e0-41a8-b2a4-7fc92256a84b,2026-05-01T04:17:55.722589,Souza,Lima de Monteiro,19.5,DELIVERED,TRUCK,110
b7cb836a-031b-4e0b-9889-83710fa30349,2026-05-01T10:47:38.473249,Mendonça de Mendonça,da Luz de Andrade,19.05,DELAYED,VAN,63
61ba7bd0-b604-4c33-836d-ddbe6764dec6,2026-05-01T08:01:43.048808,Silveira,Leão,39.25,DELIVERED,AIRPLANE,91
2d91840f-2964-4114-a364-4ffc25e71d3d,2026-05-01T03:09:15.880454,Teixeira de Goiás,Silveira,40.87,CANCELLED,AIRPLANE,85
6e52e296-e743-4dfb-b525-df4f328f6990,2026-05-01T02:47:53.254741,Ribeiro da Praia,Nascimento de Dias,96.92,DELAYED,MOTORCYCLE,19
8c67b0c7-142f-48a8-834b-fabc7b18a938,2026-05-01T05:24:49.470965,Borges do Norte,Carvalho,14.6,DELAYED,TRUCK,8
6995abb9-1364-4b93-a029-dc3a3fdb8002,2026-05-01T03:46:30.379966,da Rosa de Goiás,Montenegro de Rocha,71.75,DELIVERED,TRUCK,7
6af05ae7-2b54-43c3-8ba3-309159271807,2026-05-01T04:18:21.656290,Freitas,Machado das Pedras,5.09,DELAYED,TRUCK,102
5e25005e-a5a1-4b4a-a62a-418b594a4020,2026-05-01T11:09:22.532310,da Cunha de da Rosa,Carvalho do Amparo,97.04,DELAYED,VAN,35
8e49652c-d89f-41ab-b8f9-a91ae5df341f,2026-05-01T05:42:46.134615,Teixeira,Almeida de Araújo,70.18,DELIVERED,MOTORCYCLE,46
7698d7d4-7d99-4a23-83b3-6cdc4fc21acb,2026-05-01T00:09:56.165322,Campos,Sales de Goiás,80.72,DELIVERED,AIRPLANE,41
caaaca55-947a-4804-b47e-cca890659518,2026-05-01T00:26:38.028939,Machado,Aparecida,19.21,DELAYED,AIRPLANE,13
f2208965-0dbd-45d0-92f8-329a7ed7c678,2026-05-01T12:02:26.498969,Cardoso do Sul,Pires,89.13,CANCELLED,AIRPLANE,1
1217f8dc-b40f-4296-9b8e-e02811561127,2026-05-01T11:53:25.261531,Vieira,Lima Verde,67.08,DELIVERED,MOTORCYCLE,49
969e7d03-4db2-4525-ab8f-40fbd2679879,2026-05-01T06:08:38.616788,Castro,da Cruz,19.74,IN_TRANSIT,MOTORCYCLE,0
2ed08d4b-9a41-41b3-bb49-3ca847f50a52,2026-05-01T01:54:30.675551,Gonçalves de Minas,Siqueira do Campo,81.83,IN_TRANSIT,TRUCK,10
6f13e2b6-39a3-45ba-a065-b92ff8be6432,2026-05-01T02:13:30.650296,Fogaça,Vasconcelos,71.89,DELIVERED,TRUCK,38
4bdc1aa5-693e-40d9-a835-d97f6f8e7c3a,2026-05-01T01:00:13.848240,da Mota da Serra,da Rosa,18.49,IN_TRANSIT,AIRPLANE,47
d4e05ce6-07e3-4c7f-bbe2-d1479da29b1b,2026-05-01T07:16:42.836293,Viana,Araújo,43.92,CANCELLED,VAN,45
839ec122-e6d2-47d3-ac47-b21d40be4661,2026-05-01T05:10:13.274494,Cavalcante,Câmara,58.67,DELAYED,VAN,45
605eb696-f4d5-449a-bece-edd7b1f64d0d,2026-05-01T05:49:08.138304,Garcia,Sales,63.84,CANCELLED,TRUCK,77
28b03d2b-b1b7-4b7e-b6c3-e5dd158c3fe5,2026-05-01T00:07:03.776372,Câmara,Gonçalves,57.73,DELIVERED,AIRPLANE,44
792e6b05-527a-45b2-9f5b-38b51eb7ea56,2026-05-01T02:59:21.100151,Silva da Prata,Duarte,55.01,IN_TRANSIT,TRUCK,50
73161db0-6d92-440c-b592-b02d317d0dca,2026-05-01T01:59:21.494952,Rezende das Flores,Guerra,21.69,CANCELLED,TRUCK,45
85439a7f-e866-4b37-a277-0351241de14a,2026-05-01T08:14:39.251133,Freitas do Oeste,Macedo,43.15,IN_TRANSIT,VAN,102
c758d0df-fca5-437d-aae9-513e81732a3a,2026-05-01T03:18:12.548527,Camargo,da Rocha de Minas,29.82,DELAYED,TRUCK,83
4925faac-c2e7-4179-be9f-785b8ddd5be2,2026-05-01T06:53:39.551869,Ramos de Andrade,Sousa,28.62,IN_TRANSIT,MOTORCYCLE,53
0ae92d7d-e055-4888-9f96-d3d199027fb2,2026-05-01T02:59:37.149198,Vasconcelos Verde,Alves,30.79,DELAYED,MOTORCYCLE,38
f6a3e243-e492-4495-b664-ed75291913d9,2026-05-01T10:25:35.293971,Almeida,Moraes,77.1,CANCELLED,TRUCK,91
f702fe09-b267-4a68-9d48-43aa0fcd95e7,2026-05-01T00:16:43.828802,Borges das Flores,Abreu,50.85,IN_TRANSIT,MOTORCYCLE,102
32487dd5-6c67-4837-a2f6-2aa80e634047,2026-05-01T07:39:58.657131,Melo,Peixoto,88.1,DELAYED,AIRPLANE,21
ca1ba098-261b-4627-8309-7fd44f4decf6,2026-05-01T10:24:05.729707,da Mota de Goiás,Rocha Alegre,54.77,DELAYED,VAN,16
8a981112-195c-47bb-b3a6-6144729cd8a1,2026-05-01T01:02:56.669741,Nascimento,Pimenta do Galho,44.79,CANCELLED,AIRPLANE,39
8884719e-0b66-400c-a611-59b54ff81589,2026-05-01T05:32:13.955172,Fonseca do Galho,Nogueira das Pedras,77.48,CANCELLED,TRUCK,71
bd466413-2aa9-4907-b19b-9c7e6b08b5be,2026-05-01T11:48:16.149162,Vieira,Melo de Campos,74.93,IN_TRANSIT,AIRPLANE,117
c2242877-c4c4-476f-a4cf-df888851c90f,2026-05-01T11:09:30.964087,Silva,Gomes,29.86,DELAYED,AIRPLANE,110
39a76c08-c01e-4ef5-ac3c-913c34b077ea,2026-05-01T03:33:23.745836,Costa,Moreira,28.5,DELIVERED,TRUCK,41
b86f9084-b81c-44ba-a854-fdd22295da46,2026-05-01T10:35:19.502407,Sampaio,Pereira,14.18,CANCELLED,VAN,14
bcd270db-f031-4082-a405-bff768d4c350,2026-05-01T10:35:55.780876,Vargas do Oeste,Ribeiro,12.4,IN_TRANSIT,MOTORCYCLE,65
4011f6b2-60c7-47fb-afc9-043f1279b2c8,2026-05-01T05:06:10.124410,Ribeiro,Albuquerque da Mata,28.67,CANCELLED,AIRPLANE,49
d899248f-8bef-4aca-8f01-5d0fb1a3f94c,2026-05-01T02:09:41.378031,Martins,Pereira dos Dourados,43.81,IN_TRANSIT,TRUCK,107
2cd4d4ac-61f2-448f-97c0-3f2e96639f88,2026-05-01T00:53:51.949523,Ferreira da Prata,Barbosa,79.35,IN_TRANSIT,VAN,25
61583c74-64d7-4435-a6ba-8c7330901d67,2026-05-01T06:29:19.340955,Souza,Nogueira do Sul,74.36,DELAYED,TRUCK,49
8d179a44-e8c0-4dce-b3c9-70afa4b20bbe,2026-05-01T04:23:08.639667,Sampaio,Gomes das Pedras,77.79,CANCELLED,TRUCK,70
04b0dcfb-1b3b-4577-8353-0dccf23ea9c8,2026-05-01T08:57:12.862818,Oliveira,Novaes,92.6,DELAYED,MOTORCYCLE,86
6bdbe93f-3b2e-49e6-a62c-bff971371dc2,2026-05-01T10:15:38.746248,Rocha,Pimenta da Praia,4.78,IN_TRANSIT,TRUCK,72
1f0fc5a5-c8d0-4506-9fbb-9c9b20bea842,2026-05-01T01:08:35.330843,Alves da Mata,Sales,74.79,IN_TRANSIT,VAN,45
e5e2bed9-678c-4fa1-8bf6-bbe16e41f9ec,2026-05-01T07:08:30.090233,Carvalho,Costela,38.64,DELAYED,MOTORCYCLE,114
1962b387-d40c-49ab-9328-d8c3b7a26471,2026-05-01T11:12:53.090232,Martins,Barros,37.59,DELIVERED,AIRPLANE,90
1821de38-b5bc-4d55-a068-a013fe21cb06,2026-05-01T07:09:43.270066,da Mota da Mata,Siqueira de Santos,10.0,CANCELLED,AIRPLANE,107
b4a5c03c-0801-4ee4-b704-76ebda5afd5f,2026-05-01T02:34:00.297557,Correia,Siqueira da Serra,20.39,DELAYED,VAN,107
112096ef-95d3-49d7-ab47-08af09174831,2026-05-01T01:20:53.037240,Moraes,da Cruz do Galho,5.16,DELAYED,TRUCK,91
7abee45f-81a9-476a-aa16-1b4fe79aa884,2026-05-01T06:41:32.831666,Pastor do Campo,Duarte Grande,78.92,DELIVERED,VAN,18
2aeb50bd-6118-4219-88c3-b0fa218e4330,2026-05-01T09:34:54.544704,da Mata do Norte,Costa de Mendes,2.85,DELIVERED,MOTORCYCLE,117
49bf358f-f306-4826-a8ad-0cabf16cabbe,2026-05-01T03:28:42.971169,Carvalho,Montenegro das Flores,76.2,CANCELLED,VAN,43
37c964c2-4df6-42ae-9ff8-b2a08b4cf31b,2026-05-01T01:38:15.307338,Fogaça de Pacheco,Albuquerque,33.62,CANCELLED,TRUCK,43
300d7536-2b2f-4340-a767-333f816afa71,2026-05-01T07:45:59.761585,Vieira,Garcia de Teixeira,82.47,DELIVERED,MOTORCYCLE,68
405a243c-656f-4810-9e16-ea7e0d211117,2026-05-01T07:21:39.911321,Melo de Goiás,Cirino de Brito,71.91,DELAYED,TRUCK,66
c75533ab-4a98-4c92-8c5a-1239a839741c,2026-05-01T07:50:42.640135,Rios,Silva Grande,42.16,CANCELLED,MOTORCYCLE,89
c3a781a7-5839-4379-906c-c1b313ab6987,2026-05-01T09:01:45.450268,Pastor do Campo,Farias,24.16,DELAYED,TRUCK,88
9f8e8930-8d0e-4e59-86a4-fb5c34492a3b,2026-05-01T11:58:17.969566,Carvalho de Lima,Moura dos Dourados,90.82,IN_TRANSIT,TRUCK,36
563a1e48-f6fd-4fe2-9989-9432c528ff73,2026-05-01T11:09:23.626485,Rezende,Melo,78.09,DELIVERED,VAN,49
ce21cf01-856a-4240-9aa3-14c5789fbded,2026-05-01T08:06:33.675451,Aragão do Oeste,Azevedo,67.82,IN_TRANSIT,MOTORCYCLE,97
98d1ba3f-c799-49cc-8d24-a910fd18cf23,2026-05-01T04:53:03.256426,Pires,Gonçalves de Ramos,66.89,CANCELLED,VAN,21
67019ff8-6cae-4c5d-bf9b-58f5f053e234,2026-05-01T10:40:00.357041,Aparecida de Jesus,Sales do Galho,21.51,DELIVERED,AIRPLANE,109
ba17277e-aad8-4136-b755-dd99842db703,2026-05-01T00:47:11.950462,Barbosa Alegre,Câmara de Freitas,44.14,IN_TRANSIT,VAN,44
0744ba81-6a9e-4b3e-9589-990d65eb1502,2026-05-01T08:59:11.183444,Campos,Brito de Lima,48.33,DELIVERED,TRUCK,62
9c11632c-fa7e-4c5f-a9a3-06da3db66e73,2026-05-01T02:15:36.834726,Rocha,Vieira,85.55,CANCELLED,TRUCK,12
75fb697c-40dd-4119-8bd7-dc032d60bd28,2026-05-01T04:06:16.665884,da Mota,Moreira,56.54,DELAYED,VAN,54
ef4fad04-1d0e-460b-b664-4d6c67bcd36a,2026-05-01T10:55:01.313764,Siqueira de Goiás,Leão do Norte,77.3,DELAYED,VAN,88
fe27e913-2fcd-4850-88b1-855f984aa3b4,2026-05-01T03:24:52.283848,Duarte,Albuquerque de Minas,11.87,DELAYED,MOTORCYCLE,39
247be776-59d5-4d43-b8cb-e492f4596bf3,2026-05-01T08:41:29.899185,Jesus Alegre,Freitas,98.99,DELIVERED,TRUCK,61
3cfa8a61-ee01-4423-b7a4-3aba22def696,2026-05-01T10:33:09.759033,das Neves,Novaes,42.06,DELAYED,AIRPLANE,81
f449d3c8-5757-416d-9d94-1a6f37f9f101,2026-05-01T10:29:34.733604,Campos da Prata,Almeida,75.93,DELAYED,TRUCK,71
5330855b-392a-4c54-b27f-524369cc7eca,2026-05-01T09:06:03.137017,Sales,Cirino de Mendonça,2.27,CANCELLED,VAN,109
aac06949-b263-4f0e-b634-55f4f7cfc547,2026-05-01T01:21:18.671060,da Rocha Verde,da Mata do Amparo,42.56,DELAYED,VAN,35
154e92d5-f3e1-4439-93fc-c715c627b0e6,2026-05-01T02:47:48.130989,Pimenta da Mata,Viana do Amparo,28.56,CANCELLED,AIRPLANE,114
75cbb00d-ff44-4064-b16f-3fba8b056af8,2026-05-01T07:13:27.089371,Barros,Borges,47.3,CANCELLED,TRUCK,71
740a34f2-a00a-46e8-bf7e-5616e6b47057,2026-05-01T04:42:12.510293,Cirino Grande,Duarte da Prata,49.3,DELAYED,TRUCK,101
bcf7c489-c67d-4889-a783-29fd46f86d8c,2026-05-01T01:17:44.261695,Moreira,Moreira da Serra,42.59,CANCELLED,MOTORCYCLE,98
1e7db4a9-04d2-4753-89d5-445974e23765,2026-05-01T07:18:25.808733,Barbosa,das Neves do Oeste,54.35,CANCELLED,TRUCK,22
3e96e25b-5c1f-4ccd-b33a-724efb0da664,2026-05-01T07:21:54.633024,Jesus da Mata,Oliveira,47.07,CANCELLED,TRUCK,63
1eee2f9f-096e-4c93-99d0-494f4ba25af6,2026-05-01T02:07:39.138316,Melo do Campo,Correia da Mata,70.62,CANCELLED,TRUCK,86
9a6091c8-e1ac-443c-b42d-c1e4dff89a68,2026-05-01T06:13:04.448621,Moraes,da Rosa,65.35,CANCELLED,VAN,28
bfa62dbe-1691-4897-9e45-43d68171c74d,2026-05-01T06:08:10.156227,Gonçalves dos Dourados,da Costa de Minas,71.76,IN_TRANSIT,VAN,81
94c3390a-50f7-42ad-a7ef-a62ef1cb5eb6,2026-05-01T08:52:43.666503,Peixoto Grande,Camargo,53.96,DELIVERED,AIRPLANE,75
b55ab958-79fe-41cb-84e9-857d1385ff99,2026-05-01T11:39:21.124866,Carvalho,Vargas,66.81,IN_TRANSIT,TRUCK,9
bfcfcefa-99da-4d8d-ab83-796375125afa,2026-05-01T07:40:11.371727,Alves,Caldeira de Costa,85.3,CANCELLED,VAN,55
fca52c5f-860b-4935-b353-e76829276103,2026-05-01T09:34:10.530900,Nascimento dos Dourados,Pereira da Mata,67.13,IN_TRANSIT,VAN,108
cea93a0d-a709-44c8-8661-a0ed58ff1dcc,2026-05-01T10:43:10.159658,Castro,Nascimento de Ribeiro,88.07,DELAYED,TRUCK,4
c2f9da24-4604-4b00-b10c-a1926e9077c1,2026-05-01T08:01:52.530853,Santos de Jesus,Campos do Norte,48.65,CANCELLED,MOTORCYCLE,37
34d73a26-2e73-4189-8359-8a0985c6465f,2026-05-01T02:12:48.758013,da Mota,Câmara de da Cruz,59.22,DELAYED,TRUCK,114
e7aae241-66ef-4acb-b1f6-c15ad4b00355,2026-05-01T05:02:57.409792,Campos Verde,Rodrigues,42.29,CANCELLED,TRUCK,104
3848f63a-add5-4f9a-ba9a-5151e37f3b91,2026-05-01T03:46:01.536906,Moraes,da Mata,37.44,DELAYED,TRUCK,65
c4680027-9c95-405e-8bd8-58318479ec61,2026-05-01T07:42:42.096651,Mendonça das Pedras,Macedo,13.07,IN_TRANSIT,TRUCK,105
4f441e1d-146e-4456-af32-a3e04a4f6c6d,2026-05-01T07:16:43.348905,Viana Grande,Aparecida,23.98,CANCELLED,VAN,72
bde46cba-d9b8-4c7e-b2a4-d86ce31333ff,2026-05-01T02:14:52.915074,Porto,Farias,12.51,DELAYED,AIRPLANE,87
8b415c6b-2abc-475d-97bb-82a166bd7678,2026-05-01T12:16:05.760193,Araújo,Ferreira,55.92,CANCELLED,MOTORCYCLE,26
f3d39fea-08f4-4002-bb8b-486ec0043de2,2026-05-01T08:44:20.183225,Vasconcelos de Farias,Moreira,17.7,DELIVERED,VAN,32
a95a21e5-d164-4d05-ad38-e05ef3828b93,2026-05-01T06:10:42.672092,Machado de Minas,Cardoso Verde,19.31,IN_TRANSIT,MOTORCYCLE,83
14c6335c-ad94-4558-966f-bd99a49182b0,2026-05-01T03:12:10.280492,Peixoto do Amparo,Fernandes,35.0,DELAYED,VAN,88
9bc7af93-9237-4802-a837-95a4fbf245cb,2026-05-01T09:30:39.259196,Macedo de Minas,Monteiro do Norte,7.02,IN_TRANSIT,VAN,73
6d971cc5-148d-43da-9bed-a2b316812d55,2026-05-01T10:15:08.234007,Fogaça,Azevedo,65.43,DELIVERED,VAN,1
76140bf7-bd08-4b26-8e0b-24c439360c39,2026-05-01T07:06:02.812998,Pimenta de Goiás,Leão de Farias,59.5,CANCELLED,AIRPLANE,104
14aa1870-888a-4daf-9659-cfb51ab6ceb1,2026-05-01T09:42:53.318498,Pimenta,Duarte,30.56,DELIVERED,TRUCK,120
5900b3a0-4fe6-448f-b704-98e7014a6072,2026-05-01T03:47:54.226363,Cardoso,Fonseca,18.49,DELAYED,VAN,65
ae7c4ee5-262e-403f-9e49-999fbaf4a9ab,2026-05-01T12:16:21.763739,Gomes,Costela de Aragão,47.2,DELIVERED,MOTORCYCLE,90
096dfb08-4fa0-4305-9ab4-858823d16c47,2026-05-01T00:16:26.935394,Albuquerque,Rezende dos Dourados,43.52,DELIVERED,VAN,6
adf3d632-ad0c-48ba-9ae8-faac6da6a4c8,2026-05-01T11:15:17.454674,Correia de Andrade,da Conceição de Goiás,54.03,IN_TRANSIT,TRUCK,5
9c9fea77-731f-4ea5-b171-d2c8129d0755,2026-05-01T11:39:39.213075,Nogueira,Aparecida,53.59,DELAYED,TRUCK,53
dd33fa17-785e-466e-b15b-9ad5e2db06ce,2026-05-01T03:34:47.970272,Gonçalves Grande,Jesus de Duarte,55.24,CANCELLED,TRUCK,8
f3953129-ec5d-4dc4-85e0-eddbd2e8a1e7,2026-05-01T07:18:28.048339,da Cunha Grande,da Costa do Amparo,56.67,DELAYED,VAN,72
9acf9d43-4575-4642-9bc9-a6db519a7108,2026-05-01T04:35:00.912933,Machado de Câmara,Campos Paulista,76.01,CANCELLED,VAN,113
e3074d84-44b8-4f79-8553-9e17b372dfc1,2026-05-01T06:22:39.202787,Rodrigues de Pereira,Pereira,16.64,CANCELLED,TRUCK,36
92d55fc0-9dd3-4650-8e1d-1f1b1e7d507c,2026-05-01T04:53:43.427719,Mendes da Serra,Monteiro,96.48,IN_TRANSIT,VAN,22
5fca3598-9440-45b8-8a22-6f840c1e1632,2026-05-01T11:07:20.454912,Rios Alegre,Cunha do Sul,38.41,DELAYED,AIRPLANE,52
3496b8f9-1d48-4216-ba51-0128e3d9137f,2026-05-01T02:56:58.995615,Abreu do Galho,Nascimento,65.45,DELIVERED,MOTORCYCLE,26
d6239d14-25f8-435c-92cf-2371dea06688,2026-05-01T09:43:12.783383,Azevedo Verde,Costela,33.93,DELAYED,VAN,47
2d448372-553e-4eaf-9404-3a6ca89e33ba,2026-05-01T10:32:01.765251,Macedo,Camargo,5.22,IN_TRANSIT,VAN,118
dd155779-28e8-41de-bda4-ead6ddaa62cf,2026-05-01T05:14:11.811932,Porto de Minas,Gomes,19.14,CANCELLED,VAN,53
c957fcb3-1419-4990-8f1f-f1b50da5ae35,2026-05-01T00:56:40.562924,Castro da Serra,Ferreira Grande,24.14,DELAYED,TRUCK,49
ab37ce66-d6b3-4734-a116-5ccb467b0d4b,2026-05-01T05:20:41.945841,Martins,Rodrigues da Prata,62.61,DELIVERED,AIRPLANE,88
28b02c31-a999-4460-8620-826dd47d11a6,2026-05-01T03:00:33.028775,da Paz da Serra,Camargo,64.37,IN_TRANSIT,MOTORCYCLE,19
45c975da-c1e7-4065-a80a-85d0c1cd52e4,2026-05-01T00:08:04.443204,Ferreira,Ramos do Campo,2.66,CANCELLED,MOTORCYCLE,76
a4f84304-dc77-412e-85c8-201681a4404f,2026-05-01T05:42:44.701690,Alves de da Mota,Moreira,66.57,DELAYED,AIRPLANE,29
c44a7a38-58c0-4023-bca0-4e78f5240d84,2026-05-01T10:41:44.923710,Cardoso,Santos de Cassiano,75.77,CANCELLED,TRUCK,83
3123892a-d25b-408c-aa08-892432998645,2026-05-01T01:21:54.254040,da Costa de Cunha,Sousa,21.3,DELAYED,VAN,55
80105bc4-8dba-4f9a-8e21-2544f83a1632,2026-05-01T01:02:12.890101,Barbosa de Fogaça,Moura,99.27,CANCELLED,VAN,87
83548db8-675a-4ec2-a579-021098aea0c4,2026-05-01T07:54:52.366654,Macedo da Prata,Gomes,15.17,DELAYED,MOTORCYCLE,69
5b973c44-eb89-4399-b58c-d4bd7c78a484,2026-05-01T05:25:45.385111,Brito,Cirino,54.68,DELAYED,VAN,11
79dbdabe-7040-45a3-8464-1ad1f48b815f,2026-05-01T03:24:50.442875,Monteiro do Amparo,Nascimento da Praia,28.69,IN_TRANSIT,VAN,10
bd34507b-f106-48a9-9af0-0cde55350a28,2026-05-01T01:28:43.543358,Gomes,Cunha,43.7,DELAYED,VAN,14
9620e9c4-48a0-44e2-aa54-cb64e4961e2a,2026-05-01T12:18:44.984242,Alves,Novaes Alegre,34.47,CANCELLED,MOTORCYCLE,119
ed7829d9-b531-4ba2-bcaa-cb5ad281d159,2026-05-01T09:36:39.595056,Camargo do Norte,Cardoso de Silva,12.67,DELIVERED,TRUCK,94
ae8a1f34-c10b-4c4f-99f4-2b77e7c68ed1,2026-05-01T04:52:59.504836,Costa do Sul,Teixeira de da Conceição,65.43,IN_TRANSIT,VAN,13
41141be1-093f-4343-9864-e37773df9d13,2026-05-01T06:48:43.124640,Lopes,Vieira Paulista,57.88,IN_TRANSIT,MOTORCYCLE,54
b0961ce4-c907-4e16-9a52-e58cac397f0a,2026-05-01T05:07:05.010850,Brito de Cavalcanti,Sousa,22.93,IN_TRANSIT,TRUCK,11
7ec8e5e4-3bc3-49b7-814d-e58bec685784,2026-05-01T02:02:06.152599,Moreira de Minas,Peixoto dos Dourados,31.12,DELIVERED,VAN,15
7ee17e4e-1d36-4582-bc4f-2145e15e6136,2026-05-01T08:17:26.272166,Lopes do Norte,da Mata Grande,88.99,DELIVERED,MOTORCYCLE,20
47d08d21-ea1d-4c30-8b94-c7321907a83f,2026-05-01T10:02:53.290201,Cirino do Galho,Dias,85.94,DELAYED,VAN,31
4bddbd72-663d-47b0-a66a-8b7adf95a878,2026-05-01T01:29:07.823792,Farias da Praia,Montenegro de Aparecida,86.92,DELIVERED,TRUCK,45
d946a47a-2cf2-4736-b46f-4b49d156ee1b,2026-05-01T03:29:09.936712,Porto,Porto,98.95,DELAYED,TRUCK,93
dd76a40a-b246-4260-9e6f-6563e24fea5b,2026-05-01T05:30:31.118653,Machado da Serra,Aragão de Moreira,43.57,DELAYED,TRUCK,37
5966ca03-589e-4a00-9de6-bc736fa005b5,2026-05-01T07:33:29.050041,Ribeiro,Teixeira,54.99,DELAYED,VAN,76
1ac9578c-1b1e-4506-9342-61fe0e084902,2026-05-01T09:16:56.937652,Barbosa de Rocha,Teixeira de Cavalcanti,32.15,IN_TRANSIT,VAN,100
2a3dd510-0509-44ba-b238-f3251749caaa,2026-05-01T10:14:30.035737,Rezende,Fernandes,49.76,DELAYED,AIRPLANE,38
5b1e7cd5-6cd1-4a5b-87b2-3751026c1ad6,2026-05-01T11:36:18.007343,Nogueira,Cunha de Siqueira,83.01,DELAYED,AIRPLANE,112
64f68c9e-37f6-48a4-aa1d-ca1703a9bae2,2026-05-01T07:59:22.842064,Costela,Barros,46.41,DELAYED,VAN,42
e180a2a6-edbd-47f3-b0c7-f726c02e76d6,2026-05-01T07:49:49.039647,Caldeira,Macedo da Prata,89.31,DELIVERED,AIRPLANE,102
0cbd2b60-bbce-42b5-b99a-0e8482bf82e8,2026-05-01T06:00:18.476746,Moraes da Serra,Freitas do Sul,17.19,CANCELLED,AIRPLANE,90
3e551f9e-cc88-4a86-9456-90f58e3a5af6,2026-05-01T07:30:51.011685,Fogaça de Minas,Pimenta,16.63,IN_TRANSIT,VAN,101
5278e506-03fd-419d-a749-e4c98977049f,2026-05-01T06:57:36.066692,da Conceição de da Mata,Ramos,18.76,IN_TRANSIT,VAN,112
dfab3b2a-73a1-4502-8085-40ec0fe1a2b6,2026-05-01T11:56:40.523899,Albuquerque da Serra,Ferreira,87.61,IN_TRANSIT,VAN,92
e376bd05-8da0-4d34-a67d-e7e2ab5eab83,2026-05-01T03:26:13.994396,Casa Grande,da Mota,9.74,DELIVERED,MOTORCYCLE,82
4630dc99-71c3-4e61-9061-bea546e626da,2026-05-01T00:13:36.107220,Pacheco de Martins,Mendonça do Amparo,8.56,DELAYED,VAN,6
0c1ba337-6645-418d-9e28-9a12b0b94daf,2026-05-01T10:20:27.426310,Albuquerque Paulista,Cavalcanti do Norte,63.83,IN_TRANSIT,VAN,93
534a7575-3681-47fd-9055-2c6d59f2a56f,2026-05-01T11:45:19.406016,Guerra,Sales da Praia,49.52,DELAYED,AIRPLANE,101
8d7e57f8-5f82-40f5-b457-9d2b1a2fab2b,2026-05-01T11:23:38.026749,Macedo de Rezende,Abreu de Moraes,73.61,CANCELLED,VAN,3
3faf0218-e1f2-4d42-907c-475cd1710da1,2026-05-01T03:36:34.064836,Brito de Guerra,Camargo do Campo,26.56,IN_TRANSIT,MOTORCYCLE,23
3959ca0c-23af-4aba-ab51-fc56275dfaae,2026-05-01T10:10:39.815626,Pereira Paulista,Cardoso,18.19,CANCELLED,TRUCK,48
dfa79dbd-f628-4a4c-9d6a-95d9416732b4,2026-05-01T09:33:56.413914,Vieira Alegre,Vieira,40.34,CANCELLED,VAN,2
fc6445f5-bad2-4eda-b455-98ef04f6bda7,2026-05-01T09:16:39.165446,Fernandes,Montenegro de Novaes,15.18,IN_TRANSIT,VAN,109
3fc80d32-cc38-4670-a5a0-e46427f2f2b8,2026-05-01T00:00:48.940870,Nascimento,Sampaio da Serra,46.71,CANCELLED,VAN,49
b2d4d172-0ed5-4652-bd35-ed90e520dc30,2026-05-01T04:45:46.467414,Pacheco do Campo,Peixoto,77.21,DELAYED,MOTORCYCLE,91
d8ec61ae-25b6-4f68-afde-3d32074778a5,2026-05-01T01:56:23.910841,Siqueira,Porto,9.16,IN_TRANSIT,TRUCK,119
1fc68590-0740-48f5-b064-dc9483389d89,2026-05-01T05:15:28.361380,Vargas da Praia,Ramos,76.5,DELIVERED,MOTORCYCLE,11
58b941c1-453a-4928-99ee-5fbe1260104c,2026-05-01T08:15:24.020241,Cavalcante,Machado,41.62,CANCELLED,AIRPLANE,2
07c2809c-e90f-4a6e-bd5b-c400f2719fa4,2026-05-01T01:07:41.437259,Vasconcelos do Campo,Caldeira das Pedras,61.45,DELIVERED,AIRPLANE,86
6dca7a82-ea48-4d9c-a7e1-30994203a571,2026-05-01T06:08:52.941344,Sá da Mata,Ramos,59.03,IN_TRANSIT,AIRPLANE,105
b6f78610-04ae-4698-aa03-642cf7380f16,2026-05-01T10:18:27.225353,Almeida,Caldeira da Prata,99.6,DELIVERED,AIRPLANE,57
6769ffc0-4110-46f7-8222-884b0c9fb44f,2026-05-01T12:04:56.097032,Montenegro de Souza,Leão do Campo,70.5,IN_TRANSIT,TRUCK,34
f1034813-373c-445a-b11b-8e46075f8101,2026-05-01T01:14:39.364792,Azevedo da Serra,Duarte de Nogueira,3.77,DELIVERED,AIRPLANE,120
a31bb157-957b-42fc-9409-ce4f4fa14fc9,2026-05-01T09:06:40.751730,Mendes,Borges,92.03,DELIVERED,AIRPLANE,34
d15e98c0-2fbd-44a1-94ed-1afa5478e59a,2026-05-01T00:02:36.614812,Moreira,Peixoto de Cardoso,39.37,CANCELLED,MOTORCYCLE,49
2d7b399c-786c-42f2-b312-2b645745be41,2026-05-01T04:52:02.847585,Vargas de Montenegro,Rios,29.13,DELIVERED,MOTORCYCLE,112
0b9104d6-b7b0-46b3-a1ee-8e4662e29301,2026-05-01T11:00:04.871700,Macedo,Azevedo,81.7,DELIVERED,AIRPLANE,19
8c782de4-bb7e-4c9b-8312-ae79ab526b89,2026-05-01T09:51:26.988730,Viana de Siqueira,da Rocha do Oeste,93.36,DELIVERED,VAN,45
04e9de61-f226-4e9c-9fa2-72fa35ea824b,2026-05-01T09:39:16.875548,Machado,Martins,53.62,DELIVERED,VAN,23
2cdf2af1-02b3-4cc8-80ca-55dd32500fe4,2026-05-01T08:52:06.192611,Castro de Melo,Silva de Goiás,40.94,DELIVERED,VAN,17
fa6ae06d-8e0e-4b5b-a968-2bd3efeac044,2026-05-01T04:27:33.030408,Abreu,Cardoso,54.31,IN_TRANSIT,VAN,71
6c4f4470-bab2-4958-94dd-51227224d86d,2026-05-01T05:24:56.548521,Peixoto do Amparo,Martins,14.31,DELIVERED,VAN,56
78f66c4b-89b1-4a72-90f5-dc30f53d5368,2026-05-01T01:43:57.710396,Vasconcelos do Oeste,Vieira,52.17,IN_TRANSIT,MOTORCYCLE,27
80e13d7f-85a1-42df-a690-31baff93bf64,2026-05-01T05:52:05.385156,Carvalho,Sales das Flores,8.35,DELAYED,TRUCK,30
ad42b59b-32ff-4d6a-9987-8b6ee3abeb54,2026-05-01T04:33:36.829512,Moura Verde,Souza,88.85,DELAYED,VAN,50
3db3ae4b-bbbc-4577-80cb-cae868be5013,2026-05-01T01:11:03.849541,Pimenta,da Luz,7.14,IN_TRANSIT,TRUCK,23
52dedcdd-d167-4cfd-ba57-4d8a5d178c5a,2026-05-01T09:02:58.293818,Rodrigues,da Paz de Costela,1.99,CANCELLED,VAN,25
ff34ea44-ab3e-4883-ab52-d65482c548c3,2026-05-01T03:58:22.388362,Lima,Cardoso do Oeste,55.16,DELIVERED,MOTORCYCLE,32
0067f90f-7401-434a-b894-501147c2ad8b,2026-05-01T10:51:29.881834,Rios Alegre,Almeida,79.28,DELAYED,MOTORCYCLE,6
abc2cdc5-ebe3-44d3-8f5f-90b28ed09eef,2026-05-01T04:04:17.819471,Costa,Sá,40.48,DELAYED,AIRPLANE,54
f7fd9f04-68f8-4e66-add8-88ebcf0c476c,2026-05-01T08:55:29.990951,Mendes do Amparo,da Conceição,21.33,DELAYED,MOTORCYCLE,64
d3216098-0c8c-4876-a2ad-b5afc5ebcab0,2026-05-01T01:04:46.343374,Rios de Pereira,Monteiro,95.63,CANCELLED,VAN,83
c017a08f-d0eb-4d68-841f-1e927ace5330,2026-05-01T00:20:32.295270,Fonseca,Rios,43.52,IN_TRANSIT,MOTORCYCLE,114
9eb6ef1a-6f11-4b6f-87e2-d44dfea63f8e,2026-05-01T04:26:27.332438,Teixeira,Santos Paulista,89.22,DELAYED,MOTORCYCLE,5
aa4fde7f-e41d-4060-9e6f-1d89573c364e,2026-05-01T05:17:39.455329,Correia de Minas,Jesus dos Dourados,63.13,CANCELLED,VAN,29
e87a59b8-0078-4745-9680-2d136cdbd521,2026-05-01T05:35:35.937907,Rezende,Leão,6.81,IN_TRANSIT,TRUCK,45
45317bd2-dc21-4120-b868-c544588259ad,2026-05-01T12:17:11.281171,Jesus Verde,Rocha,4.29,DELIVERED,MOTORCYCLE,7
c20e2a35-9bb2-428e-846b-1f2bcda39dad,2026-05-01T03:37:43.618306,Araújo do Galho,Correia,22.35,DELAYED,TRUCK,113
0a1bc27f-eaef-4967-9bd1-d446547d3f9d,2026-05-01T08:41:18.427158,Macedo,Barros de Freitas,74.11,DELIVERED,AIRPLANE,41
66a693cf-492f-4be7-b093-a388ad626eef,2026-05-01T05:21:41.252699,Gomes,Alves,0.6,IN_TRANSIT,AIRPLANE,68
6d2a6b87-e9d2-4764-a482-c3333eecbe78,2026-05-01T10:35:26.022616,Duarte de Pereira,Silveira,59.34,IN_TRANSIT,VAN,101
90c74009-3f1d-4096-9d4b-b0426f83b02d,2026-05-01T01:37:32.251243,Ribeiro de Abreu,Peixoto de Moreira,21.59,DELAYED,VAN,2
4cfd983c-6fdf-4707-81ac-b6c8fd50cd63,2026-05-01T06:08:36.533010,Gonçalves,Pacheco de Ribeiro,72.54,CANCELLED,VAN,103
76aaac8f-91d4-4ea2-8101-740924c61963,2026-05-01T04:40:30.022076,Cassiano do Sul,Ribeiro de Cavalcanti,18.08,IN_TRANSIT,AIRPLANE,22
f9fe4cf0-decd-488c-9dbc-7a61f2e2e2ab,2026-05-01T02:27:50.572923,Nunes do Amparo,Lima,0.48,IN_TRANSIT,AIRPLANE,81
0a1baeba-56a2-44a6-9f11-e78709163378,2026-05-01T07:01:27.111527,Oliveira de da Conceição,Souza da Serra,1.55,IN_TRANSIT,MOTORCYCLE,6
0477f5b6-78e9-4761-80c5-b163cddfc354,2026-05-01T05:18:38.100132,Costela do Norte,Araújo do Norte,67.56,IN_TRANSIT,TRUCK,104
8a9dd995-b83c-4725-80b5-e52abb96b0a2,2026-05-01T08:41:01.730688,Almeida de Pacheco,Lopes de Costa,40.34,DELIVERED,TRUCK,23
de9abfb4-3525-47c3-b056-1c29d9ffbe14,2026-05-01T00:43:02.890897,Lopes,Cassiano,95.8,DELAYED,MOTORCYCLE,7
dde24aac-e3ad-4aa1-a48e-a1f1d6453d12,2026-05-01T05:31:28.851547,Vargas dos Dourados,Freitas da Mata,65.96,DELIVERED,AIRPLANE,59
27da38c9-0d0a-4618-968f-57a89761607c,2026-05-01T05:00:01.001729,das Neves do Campo,Martins,61.34,CANCELLED,MOTORCYCLE,95
d7bf1e84-6788-49df-9b43-9abde7c9be71,2026-05-01T12:07:24.803684,Araújo Grande,Cirino,69.72,CANCELLED,AIRPLANE,83
64aad348-4493-471d-9da0-997c5de19913,2026-05-01T11:07:56.616175,Andrade,da Conceição da Mata,39.59,DELIVERED,MOTORCYCLE,39
6ab0dc0c-276d-4a75-9026-ec2cac590701,2026-05-01T08:11:06.273041,Carvalho Verde,Ribeiro,26.36,DELAYED,TRUCK,36
a6c71e4e-d567-401c-83fa-618e3ca21a37,2026-05-01T08:27:15.243909,Lima de Aparecida,Pacheco,95.65,DELAYED,AIRPLANE,45
c824b1f1-d819-4173-b9bf-55dac44de2de,2026-05-01T00:00:12.863694,Almeida dos Dourados,Rocha,68.24,CANCELLED,TRUCK,5
d4930689-3c1b-4d65-941e-10519f13a5b1,2026-05-01T00:20:26.123021,Borges Alegre,Pereira,60.02,DELIVERED,TRUCK,66
a097954b-12b0-45b6-943f-932ffe4428b7,2026-05-01T01:47:23.652597,Aragão,Dias,52.39,DELAYED,MOTORCYCLE,118
23a17636-920e-47c3-8977-7c169c84b252,2026-05-01T09:22:34.961159,Aragão,Moura,98.24,DELIVERED,TRUCK,14
47d87270-b2ea-4bfa-95e7-dcbc3679dbbb,2026-05-01T07:27:14.920326,Gomes do Sul,Pastor de Cavalcante,29.92,CANCELLED,MOTORCYCLE,116
d912a1bf-0177-449e-8bf8-a855535a132f,2026-05-01T00:06:40.324585,Moura,Rocha,32.2,DELAYED,VAN,59
49f761c9-aeda-402e-b888-36ff1b900b84,2026-05-01T09:16:25.525106,Andrade da Mata,Pimenta de Borges,54.57,DELAYED,VAN,31
711c3306-8aec-4d65-bf37-911ac743fc49,2026-05-01T06:12:13.997683,Viana,Cavalcanti,8.15,IN_TRANSIT,MOTORCYCLE,31
7e826712-f58d-4bf5-b691-a750d2f6b49a,2026-05-01T07:33:04.093820,Pereira,Sá,32.12,DELAYED,MOTORCYCLE,65
50e01554-154d-4078-bdb5-1256faecce45,2026-05-01T04:31:14.232594,da Mota,das Neves,98.18,DELIVERED,VAN,100
07ba77ca-0d67-43a2-9c7b-59dbc5050aa7,2026-05-01T05:22:23.939595,Castro,Mendonça do Sul,19.21,CANCELLED,MOTORCYCLE,120
4ed61755-e7e5-4c68-a4ec-bd76f215cd87,2026-05-01T06:45:06.501800,Pereira,da Luz da Prata,85.39,DELIVERED,VAN,14
722b55eb-d9c8-4d39-a5c4-d75418d1c377,2026-05-01T05:51:49.408623,Pimenta de Barros,Cirino do Galho,99.91,DELAYED,TRUCK,91
14bb9a01-403c-4e16-97f3-4364ab9ed6ac,2026-05-01T06:26:29.216721,Porto Alegre,Novais,18.51,DELIVERED,AIRPLANE,86
74a7a8ef-e036-4440-8c17-b28dd4268672,2026-05-01T05:31:12.064469,Oliveira,Sampaio,62.1,IN_TRANSIT,AIRPLANE,61
421b7f20-0090-44cf-9b70-26103c597c1d,2026-05-01T05:44:28.636513,Novaes,da Cruz,55.2,DELIVERED,TRUCK,81
d6592d02-c72e-4280-a2ae-c86f0cd6428d,2026-05-01T06:37:55.976085,Melo Alegre,Duarte da Mata,92.36,DELIVERED,VAN,9
3f53efa2-1bf2-4f9b-be9a-167b8c118b2e,2026-05-01T07:52:55.845441,Rocha,Duarte de Melo,56.87,CANCELLED,AIRPLANE,68
18553634-4f96-423e-906d-56d37d6e5d5c,2026-05-01T01:45:05.390689,Castro,Viana,63.72,DELAYED,AIRPLANE,12
ff8bac74-96c7-4a70-98ab-709650138ab6,2026-05-01T07:03:00.867669,da Rocha,Cavalcanti das Flores,89.63,DELIVERED,VAN,71
63fe7968-6573-43fc-93d3-d46c5c393d9a,2026-05-01T03:55:16.022946,Aragão,Cavalcante,27.1,IN_TRANSIT,MOTORCYCLE,119
c0f867f0-e6d5-4814-811f-83202a94d80d,2026-05-01T08:38:25.694876,Marques do Amparo,Cunha de Goiás,30.66,DELIVERED,TRUCK,3
76ed60b5-22a1-44ee-a3d9-ecc74b43b4c9,2026-05-01T11:48:26.116338,Cavalcanti da Prata,Viana,49.13,IN_TRANSIT,MOTORCYCLE,67
611b2fc4-60e8-40b8-a476-607092cdc72b,2026-05-01T09:05:08.720288,Sales,Pereira de Minas,94.64,IN_TRANSIT,MOTORCYCLE,105
20097d1e-a8ef-4f23-bce8-fe9bc8ddf8e1,2026-05-01T00:52:52.717001,Andrade da Praia,Sousa,9.43,CANCELLED,AIRPLANE,74
100242e9-c311-44a7-a6a7-450d27570cdc,2026-05-01T02:02:33.248567,Castro do Campo,Abreu,32.69,IN_TRANSIT,VAN,110
1ee285d6-94a7-45ef-98e9-4da50f2fefb0,2026-05-01T03:39:46.463231,Fogaça,Almeida Paulista,62.51,CANCELLED,TRUCK,96
6a8b02c3-30b2-47b3-a13c-453202f6a6e9,2026-05-01T04:32:03.901303,Jesus de Peixoto,Santos da Praia,87.15,DELAYED,AIRPLANE,92
ec5bf71d-14a6-4f5c-a228-f38a8993fe33,2026-05-01T01:23:36.647163,Fernandes da Mata,Monteiro de da Rocha,33.98,CANCELLED,AIRPLANE,4
9d0004ae-8950-4212-a315-df25141064e0,2026-05-01T06:00:18.467422,Novaes de Goiás,Cunha das Pedras,12.56,DELIVERED,MOTORCYCLE,30
30bbff73-ffed-4e54-8a56-4f4529469893,2026-05-01T01:05:04.910000,Santos,da Paz,11.6,IN_TRANSIT,TRUCK,49
99d59711-8ac3-4109-87fd-a87552921b70,2026-05-01T08:26:27.852181,Casa Grande de Aparecida,Moraes de Carvalho,2.74,IN_TRANSIT,VAN,60
732dfdd1-220d-49e0-a8db-ebf5ac7ef594,2026-05-01T12:17:07.962432,Farias de Garcia,Leão dos Dourados,66.87,DELAYED,MOTORCYCLE,14
bb4dc088-36fb-4aef-bbef-c818e4f6d55c,2026-05-01T11:56:14.443778,Siqueira,Gonçalves da Mata,97.75,IN_TRANSIT,AIRPLANE,25
4a7c1440-b50b-4ff6-8555-87819ec3b2dc,2026-05-01T10:03:36.052810,Carvalho,Mendes de Goiás,58.42,CANCELLED,MOTORCYCLE,93
c36699d1-d3aa-4b51-b55f-434fe0613096,2026-05-01T08:42:47.963756,Mendes,Duarte,98.94,IN_TRANSIT,TRUCK,39
84036b47-c763-4c22-9393-e470e2a36a15,2026-05-01T01:58:37.610375,Abreu,Brito de Melo,4.42,CANCELLED,MOTORCYCLE,44
3cb14096-a7cc-4a27-a9f9-36d57eadd93e,2026-05-01T00:09:39.128208,Vasconcelos de Camargo,Ribeiro Verde,57.78,DELIVERED,AIRPLANE,48
cb23f743-b5da-4451-b296-43d82bcac662,2026-05-01T03:07:38.087872,Cavalcanti,Carvalho,26.68,DELIVERED,VAN,41
e9ed43ea-cdcd-4653-9025-36f250c220e5,2026-05-01T12:23:18.371474,Caldeira Paulista,Carvalho da Prata,24.66,CANCELLED,TRUCK,49
8b85d8bf-5abf-4acf-a92a-89a78a4de365,2026-05-01T03:09:49.099105,Ribeiro,Macedo,82.35,DELAYED,VAN,81
078ded84-c9b5-4b4c-aa37-1b02591c92fb,2026-05-01T10:16:34.043755,Mendes da Serra,das Neves,32.45,CANCELLED,TRUCK,61
697f8923-dc65-41c3-a7b1-bfee390a91df,2026-05-01T06:45:12.776065,Aparecida de Montenegro,Monteiro,13.74,IN_TRANSIT,AIRPLANE,74
ef785d88-a220-470e-8473-b8b0e1983a6a,2026-05-01T03:36:20.210789,da Mota,Ribeiro da Praia,40.25,CANCELLED,AIRPLANE,78
c46fecf5-287e-45f7-8389-125e8ff7bcfe,2026-05-01T09:31:06.668557,Dias,Santos,23.1,DELIVERED,AIRPLANE,80
60a92653-ca84-4944-92e3-bc09ae83c9b5,2026-05-01T02:50:08.967145,Araújo,Machado,84.8,DELIVERED,VAN,75
c624d855-7178-4e12-a197-4ae9b72bdb29,2026-05-01T04:04:21.798496,Farias,Silveira de Rocha,5.19,DELIVERED,VAN,57
217224be-1452-4848-92f3-8721cf1c21fc,2026-05-01T12:24:50.970643,da Cunha,Leão,21.14,IN_TRANSIT,TRUCK,85
b34079f3-c607-4aa7-a764-d54829d05006,2026-05-01T06:51:05.346784,Araújo do Sul,Moura,66.82,DELAYED,TRUCK,46
8a54e508-e0e0-414f-a591-4a3459dc4b83,2026-05-01T12:15:02.091534,Viana de Mendes,da Cunha,49.68,CANCELLED,AIRPLANE,66
98d506c9-d1d2-4ac3-8e81-7f911104b8b9,2026-05-01T01:32:51.258049,Pires de Minas,Castro de Garcia,37.95,DELIVERED,VAN,25
d4a0966e-90fa-4868-86f5-d83bc9c1a375,2026-05-01T05:21:47.295730,Fonseca Grande,Pacheco de Machado,58.56,DELAYED,MOTORCYCLE,78
0e3a9b5d-85b4-47b6-9fbf-a8c9adeeac3a,2026-05-01T06:40:27.340552,Pires de Goiás,Souza,84.13,IN_TRANSIT,MOTORCYCLE,73
241e2749-c451-463d-b8ce-90cceb979ed3,2026-05-01T10:01:57.245408,Rezende,Rodrigues das Flores,20.16,DELAYED,AIRPLANE,20
20544f26-f48d-4867-9a21-bfe0ea618525,2026-05-01T09:59:36.490427,Alves,Costa da Prata,65.92,CANCELLED,TRUCK,103
c7a8cf80-4780-4bed-affb-15ef81677167,2026-05-01T07:10:28.244041,Sá,Azevedo,78.37,DELIVERED,TRUCK,110
adc9fb0f-8e58-4256-9ee5-eb79db40b3e4,2026-05-01T05:58:58.832743,Lima das Pedras,da Cunha de Machado,84.45,DELIVERED,VAN,7
1e33e746-373d-45e4-ac40-4717870386f3,2026-05-01T03:35:40.168032,Costa,Oliveira do Campo,60.8,CANCELLED,MOTORCYCLE,32
17e1b005-e823-40f9-ad4b-f6fc7c016017,2026-05-01T06:01:11.921607,Fonseca de Leão,Porto de Mendonça,47.34,DELAYED,MOTORCYCLE,75
b652fda1-03d7-4813-b908-486cab0d97f9,2026-05-01T06:57:19.104465,Cirino,Albuquerque,11.02,CANCELLED,TRUCK,108
ec2fc5e2-deb4-430c-bad8-b0ee7b0e4237,2026-05-01T00:35:43.939151,Pastor,Moraes Verde,11.4,DELIVERED,VAN,81
e1966874-d32e-4e29-804f-be69b1bc6363,2026-05-01T01:23:09.700240,Borges do Campo,Silva das Pedras,95.78,IN_TRANSIT,VAN,22
1536974d-53c3-4b1d-86c7-a75f270f4e90,2026-05-01T05:39:30.011028,Martins,Novaes de Costela,86.34,DELAYED,TRUCK,65
08f44906-4731-41eb-bce1-0504ac337236,2026-05-01T00:18:19.196240,Peixoto,Guerra,51.17,DELIVERED,VAN,73
15374009-5ae7-49fe-898f-c21a20b6919c,2026-05-01T09:49:43.308892,da Luz,Vieira da Praia,35.21,CANCELLED,MOTORCYCLE,48
f865818d-2f4b-423f-b1c2-ef37e20bacb5,2026-05-01T11:01:07.836324,Cunha de Moraes,Almeida,36.81,IN_TRANSIT,MOTORCYCLE,53
48cf1eca-3cd9-4797-b5ba-f7ea85c4c905,2026-05-01T04:33:09.870347,Freitas,Camargo de Oliveira,42.8,DELAYED,VAN,4
03099d54-e4eb-4c69-abc8-e1f3067b7a30,2026-05-01T11:05:54.130896,Peixoto de Porto,Camargo do Sul,49.99,CANCELLED,VAN,33
4a45eae5-8171-4880-a7cd-bfdd025ae457,2026-05-01T00:45:55.343968,Gonçalves do Sul,da Rosa da Serra,47.86,CANCELLED,TRUCK,90
d0869deb-070d-405a-9202-d8f61af921c6,2026-05-01T04:24:58.854498,da Costa de Alves,Mendonça Verde,41.17,CANCELLED,MOTORCYCLE,13
6f29caea-9f7f-46c2-a1f8-5d94757edc0b,2026-05-01T08:46:34.710011,Pereira de Farias,Rodrigues de Freitas,86.13,DELIVERED,AIRPLANE,92
88c94d13-ed35-464e-8b56-6e0aee513fbc,2026-05-01T10:01:46.083817,Lima,Monteiro,9.94,DELIVERED,VAN,25
e09b397c-dabf-43df-aae0-abf8171b1420,2026-05-01T04:21:54.465544,Casa Grande,Mendonça da Praia,66.25,DELAYED,AIRPLANE,82
0abc0073-45b5-4f9e-a65f-d63735a2ec1a,2026-05-01T12:06:08.368325,Machado da Serra,Siqueira Alegre,86.37,IN_TRANSIT,TRUCK,40
68964e74-6923-488c-bda8-f6ef28e18654,2026-05-01T00:05:12.959878,Viana das Flores,Teixeira,79.96,CANCELLED,AIRPLANE,22
7a39133e-5755-4422-98d6-402a4ba59ce1,2026-05-01T07:56:45.037744,Abreu do Sul,Moura de Carvalho,70.48,CANCELLED,TRUCK,23
3a7f580e-208f-4d60-86a5-970f0c8bd3c8,2026-05-01T01:46:24.610660,Sousa,Alves do Galho,4.23,DELIVERED,VAN,112
4f9416d0-a886-4f1e-a95a-acea0f06f59d,2026-05-01T04:39:46.144746,Brito da Prata,Gonçalves de Cunha,50.29,DELIVERED,MOTORCYCLE,2
2ce7bb1b-93e9-4fd8-81bd-29e1018a70c6,2026-05-01T12:10:02.931858,Pimenta do Amparo,da Paz da Prata,75.1,IN_TRANSIT,TRUCK,81
12ac8526-5aae-4a13-9f3b-9a6c024bf7c6,2026-05-01T08:34:41.393557,da Luz,Mendonça de Costela,15.79,IN_TRANSIT,MOTORCYCLE,30
017e5fbe-a922-46d9-935c-a24c27b0d2bd,2026-05-01T07:40:23.936366,da Costa,Teixeira de Goiás,32.53,DELAYED,AIRPLANE,99
3f51ff81-c98f-40cc-9670-947f598e4901,2026-05-01T11:34:40.053161,Costa,Abreu,29.43,DELIVERED,MOTORCYCLE,35
7f99570a-0f31-490a-ad44-b27b8038598f,2026-05-01T03:26:07.047093,Gonçalves,Vargas,77.44,IN_TRANSIT,TRUCK,72
1a23eef7-eb5f-4d41-a81b-fb19bcdb2bbd,2026-05-01T11:17:30.369031,Oliveira,Nunes,95.07,CANCELLED,VAN,120
b4b5d272-2b7b-4cb5-a24c-36107514f4c4,2026-05-01T04:50:28.749960,Jesus de Mendes,Melo de Leão,27.58,IN_TRANSIT,VAN,26
ec94f2ac-53b5-4d8e-97e3-b35a5dc9b553,2026-05-01T08:16:58.230823,Souza de Almeida,Montenegro Grande,40.74,DELAYED,TRUCK,82
c685b96a-eda1-4939-9ec0-5ad9d8d422bd,2026-05-01T02:47:02.389362,Abreu do Galho,da Cunha de Aparecida,12.98,DELAYED,MOTORCYCLE,48
5b87eef6-f181-4fb3-8c42-9053853d201a,2026-05-01T10:32:19.816233,Rezende de Cunha,Aragão do Sul,76.59,IN_TRANSIT,AIRPLANE,14
39b67c04-a6f2-4d6a-b153-e1b1e2a62c9d,2026-05-01T01:12:02.339195,Pinto,Rezende,46.62,DELAYED,AIRPLANE,105
130bb119-0836-4b82-9418-503d741565c6,2026-05-01T06:18:11.225309,Almeida,Novais,69.76,CANCELLED,AIRPLANE,24
52b3258b-9bcf-44fd-8623-6d7e4d2f0be3,2026-05-01T07:00:00.952251,da Mata dos Dourados,Ramos do Campo,32.52,IN_TRANSIT,VAN,25
d8a107e4-8d7c-42d2-a4b9-cb4525a553cc,2026-05-01T00:01:50.142430,Machado,Araújo,58.83,DELAYED,TRUCK,2
75339ec7-0387-42c7-9f01-54ba79ffed9e,2026-05-01T01:41:23.296297,Câmara de Peixoto,Ramos do Galho,76.31,DELIVERED,TRUCK,74
02e2d824-16e7-417f-9949-6e46671c598b,2026-05-01T08:06:48.831475,Leão dos Dourados,Montenegro das Pedras,4.17,DELIVERED,AIRPLANE,94
da3a425c-7801-49b4-8434-80bfeacbb150,2026-05-01T01:53:05.523824,Sales,Castro,30.01,IN_TRANSIT,AIRPLANE,20
2a0d34dd-20fd-48ec-8194-cd717b0ca867,2026-05-01T02:19:59.446373,Carvalho do Sul,Cavalcante,17.77,IN_TRANSIT,AIRPLANE,40
e68ed83b-c9c5-4058-a512-f5810ce0b26c,2026-05-01T06:57:36.546695,Cardoso de Alves,Viana,35.17,DELAYED,AIRPLANE,8
cc979a5b-1556-4098-aa62-08b519f07d1a,2026-05-01T09:14:10.068186,Gonçalves,da Mota do Galho,99.51,DELAYED,TRUCK,75
88cb6fae-a9da-4951-a449-3da01c70e7e5,2026-05-01T02:31:10.610184,Monteiro da Prata,da Conceição,28.36,DELAYED,TRUCK,39
f70a5883-e43e-419f-bd61-a75a0a2f4a40,2026-05-01T08:26:26.155101,Vasconcelos da Prata,Pires,14.85,DELAYED,VAN,77
753e9eb7-30f1-4499-9e6b-3e1fffe5b97a,2026-05-01T03:05:50.472962,Rezende,Pires de Cassiano,7.31,CANCELLED,VAN,53
6716d152-3ca2-4b2a-971d-6345c080182d,2026-05-01T03:23:09.539082,Cirino,Freitas Paulista,71.52,DELAYED,TRUCK,101
31a03b93-b34b-4d70-9d49-f8bdec7da16c,2026-05-01T10:48:14.692838,Mendes,da Costa Alegre,92.01,DELAYED,VAN,77
1cd21ac6-18c2-4961-a5f1-1ea5e6b6c882,2026-05-01T07:14:58.055918,Casa Grande,Gonçalves do Galho,24.37,IN_TRANSIT,VAN,98
05ba44df-f8ac-40a5-bc39-344ea125ced0,2026-05-01T01:50:34.928772,Ferreira,Fernandes de Fogaça,96.63,IN_TRANSIT,TRUCK,15
a1a28cb3-a761-4c1e-854b-4b18ffc8f1eb,2026-05-01T09:36:21.703824,Novais Verde,Alves da Serra,29.56,DELIVERED,MOTORCYCLE,107
0629c1cf-2a95-424c-b993-f6837610c5d0,2026-05-01T00:13:41.855829,Pires da Serra,Brito da Serra,65.42,CANCELLED,AIRPLANE,27
b16b6860-ac77-4d58-8ab3-2ab33a4ce0bd,2026-05-01T08:42:04.375757,Nogueira,Correia,60.22,CANCELLED,VAN,48
ff921070-43d0-44d2-bddb-bc2910960fbd,2026-05-01T05:28:29.801344,das Neves de Cavalcanti,Sampaio,11.17,IN_TRANSIT,TRUCK,120
fbff7271-1821-4057-9a10-4ca48844233e,2026-05-01T02:31:31.259518,Teixeira de Goiás,Lima da Praia,48.46,DELAYED,TRUCK,106
fb34a5f4-ffc3-4ce9-91af-ea1eb3e4910a,2026-05-01T11:34:58.189064,Pinto,Cavalcante,56.31,IN_TRANSIT,VAN,6
2ee53330-4cbd-45a1-a1c3-bca1748ccd0e,2026-05-01T00:25:12.584619,Fogaça,Cavalcanti Alegre,63.8,IN_TRANSIT,MOTORCYCLE,12
2e9581ef-7ed8-43af-ac2e-aeca99dae862,2026-05-01T09:02:52.995628,da Conceição Paulista,Campos,70.87,DELIVERED,AIRPLANE,49
e024f647-857d-4217-8a22-9ec72e5045a3,2026-05-01T00:50:54.325849,Novais de Freitas,Pacheco,88.63,DELAYED,VAN,77
e2960d51-243d-4cc3-a738-af1918aef14d,2026-05-01T08:23:01.924982,Fogaça,Ramos de Casa Grande,33.93,IN_TRANSIT,AIRPLANE,62
bc9147ff-0813-4b53-8330-d6afa5991792,2026-05-01T02:26:39.493262,Rodrigues de Duarte,Cavalcante,95.93,DELAYED,MOTORCYCLE,36
80ccbba5-e5f8-4b24-82fb-56a4f3ca9496,2026-05-01T06:46:33.660599,Sousa,Aparecida Paulista,22.8,DELAYED,MOTORCYCLE,108
a465f59f-d327-4d4d-9280-b3e34664556e,2026-05-01T08:46:00.244848,Carvalho da Praia,Viana,18.7,CANCELLED,MOTORCYCLE,0
3639e46c-e457-4731-92ca-efe0e03a1ced,2026-05-01T07:05:23.385277,Albuquerque,das Neves,74.61,IN_TRANSIT,TRUCK,9
2869a001-0676-49c0-b4de-6b142b21a36c,2026-05-01T00:19:59.158997,Ferreira da Prata,Silva da Praia,65.0,CANCELLED,TRUCK,11
144a7a06-98a8-4877-a78e-387689109c6a,2026-05-01T03:25:10.973776,Marques dos Dourados,Montenegro de Santos,14.23,CANCELLED,TRUCK,57
2fa50a55-d9a7-4fcd-9787-8c3211503718,2026-05-01T10:20:36.763659,Cunha de Borges,Cirino do Oeste,17.23,DELAYED,AIRPLANE,44
fd035310-cea1-448f-a4cd-8408c1cd68fe,2026-05-01T03:57:26.169838,da Cunha Paulista,da Cruz,95.23,IN_TRANSIT,TRUCK,1
3f04bd93-d208-4bb1-bc4f-c0fef166e2b7,2026-05-01T02:55:59.621927,Sampaio,Câmara,39.6,DELAYED,AIRPLANE,3
10e60831-24dd-4054-9ede-e425d63fbe41,2026-05-01T11:19:52.281297,Nunes Verde,Pacheco da Mata,1.87,DELIVERED,VAN,3
59ecfdf5-4123-48c8-8205-b23012849548,2026-05-01T10:04:28.328862,Aragão,Camargo dos Dourados,3.13,IN_TRANSIT,MOTORCYCLE,111
72314c01-a5b8-440a-94c1-8f539bb514f0,2026-05-01T05:34:08.321866,Abreu,Machado,87.01,IN_TRANSIT,AIRPLANE,73
cf02e941-ca16-401f-98b9-046f19040a9b,2026-05-01T00:10:44.902016,Cavalcanti,Albuquerque,43.35,CANCELLED,MOTORCYCLE,72
1180a44a-fdea-4b33-a5dc-e6d27204221e,2026-05-01T11:11:33.233741,Novais,Leão,34.01,IN_TRANSIT,MOTORCYCLE,98
414ad51c-e96f-4a73-b5f9-0e2c9c5cddbc,2026-05-01T04:51:55.991099,Pinto,Duarte,43.19,IN_TRANSIT,VAN,6
fc524ba2-fd00-4b6e-83bd-83ab7aa9c608,2026-05-01T09:48:45.933737,Porto,Abreu do Norte,65.97,CANCELLED,AIRPLANE,94
95dcf03e-f135-4b77-854d-cfa589071073,2026-05-01T11:16:12.501170,da Cruz,Souza,31.3,IN_TRANSIT,TRUCK,99
145b270a-8b39-4241-9a42-ca6397ae6108,2026-05-01T10:55:17.973586,Macedo Grande,Oliveira,63.68,CANCELLED,AIRPLANE,10
22d8def9-2594-4536-831d-4a983d411d87,2026-05-01T08:14:25.136675,Marques do Campo,Marques,66.62,IN_TRANSIT,VAN,57
b285961a-4c8e-4b1c-8563-bd567f5eef4b,2026-05-01T03:33:15.001653,Correia,Duarte de Cunha,98.64,DELIVERED,TRUCK,117
20dfde98-3d2e-45f3-a87f-97c3a6f7285b,2026-05-01T01:57:33.870185,Garcia,Macedo Alegre,33.35,DELIVERED,VAN,83
e5b8df13-dd9c-41a1-bdf3-bd7573e57d00,2026-05-01T07:38:59.783234,Araújo,Vieira do Oeste,35.65,DELAYED,AIRPLANE,102
c3cf7708-9262-4e05-86ac-2d49332048ea,2026-05-01T11:25:05.527062,Carvalho de da Mota,Pinto,54.19,IN_TRANSIT,MOTORCYCLE,86
1fc4deac-1134-4ba2-91a4-a2c9647dd985,2026-05-01T03:00:01.865295,da Rosa da Prata,Fogaça do Oeste,19.22,IN_TRANSIT,TRUCK,79
6fb5581d-028d-4e09-97ff-4be878ef566e,2026-05-01T08:46:22.082504,Cassiano da Praia,Azevedo de Costela,57.94,DELAYED,MOTORCYCLE,17
2e0fcb4a-200d-479a-9354-a01e94707d99,2026-05-01T11:52:38.497903,Garcia,Pires Grande,69.5,DELIVERED,MOTORCYCLE,29
194d9c55-3e6a-49bc-9138-85d21331b29e,2026-05-01T11:43:18.828191,Sampaio de Goiás,Cassiano das Flores,32.38,DELAYED,MOTORCYCLE,40
94ec90ad-3fc0-4f88-9d26-ae5eb9e121c8,2026-05-01T08:08:34.935328,Almeida das Pedras,Pinto,76.17,DELIVERED,AIRPLANE,115
3a1ba94d-7397-466e-844b-0031b5d7a8f8,2026-05-01T11:51:40.049518,Mendes,Dias,26.03,DELIVERED,MOTORCYCLE,20
320ebe58-f8f9-4315-a18d-e47865adfb65,2026-05-01T05:22:01.741923,Cassiano,Pastor das Pedras,77.37,IN_TRANSIT,AIRPLANE,90
1562585b-abc7-4f96-bb60-61ced88499ca,2026-05-01T05:41:10.706751,da Mota de Pires,Barros,29.7,DELAYED,AIRPLANE,97
22023d34-28b8-493c-87c5-edcd6a37e2d4,2026-05-01T05:26:48.994268,Nascimento,Pimenta,46.51,DELAYED,TRUCK,12
ea6607d3-02a8-4349-a774-1bea7caa0df0,2026-05-01T06:06:03.134406,Camargo,Azevedo,45.95,CANCELLED,VAN,113
55c25498-1d50-407a-96ed-52866268157f,2026-05-01T10:43:22.268417,Vasconcelos,Cardoso,39.04,IN_TRANSIT,VAN,44
64255ca4-15e1-4d0c-bf8d-267997bb4d68,2026-05-01T03:05:51.836957,da Rosa do Sul,Rodrigues Paulista,17.1,DELAYED,TRUCK,24
0c43a455-5744-4895-85d3-6f3bdee5f446,2026-05-01T09:46:04.708326,Vasconcelos da Prata,Ramos,37.45,IN_TRANSIT,VAN,109
8ee64849-2bff-4bb2-b6f3-c9f55ed64bf2,2026-05-01T03:34:32.782624,Farias,Vasconcelos,3.58,CANCELLED,MOTORCYCLE,57
8bcbf786-3750-443a-bb63-430b49fa39a9,2026-05-01T07:10:52.689891,Nogueira,Barros,54.4,CANCELLED,AIRPLANE,32
f2334c1b-43a8-47dd-b5e3-2dcad3dd4645,2026-05-01T05:14:03.972868,Mendonça,Rios,69.43,IN_TRANSIT,AIRPLANE,87
bb040d72-d8e0-4a52-a113-29aec81ed3cc,2026-05-01T04:50:48.377052,Melo de Macedo,da Conceição,9.87,DELIVERED,MOTORCYCLE,79
a3018c9d-095d-467b-9f1c-426f9ae75aee,2026-05-01T10:53:30.705218,da Cunha,Peixoto,2.87,DELIVERED,VAN,15
d24410a3-8ed5-44f8-858a-d8e7aaef6c98,2026-05-01T06:54:28.964115,da Luz,da Rosa Alegre,4.74,CANCELLED,AIRPLANE,30
5a8ba768-39af-4a97-bc06-e9b650530d26,2026-05-01T08:53:34.716357,Rios,Albuquerque,78.46,DELIVERED,MOTORCYCLE,43
16729e8e-ad2b-4be2-8500-9a36da0906d1,2026-05-01T07:41:52.898562,Moura Paulista,Brito dos Dourados,84.2,DELAYED,VAN,20
0b0d1cde-fe96-49f3-9a10-397cd5477bba,2026-05-01T00:29:57.037372,Carvalho,Freitas de Moraes,0.93,DELAYED,TRUCK,113
422b6aff-289a-45e9-9f80-d0553d377ac4,2026-05-01T04:23:51.517256,Silva Verde,Fonseca do Norte,1.82,DELIVERED,TRUCK,71
73a5ded1-879b-4280-b690-03bad84251c8,2026-05-01T03:31:35.616788,Sampaio Paulista,Costa,87.11,DELAYED,MOTORCYCLE,87
aa9d2021-d8af-4d1c-bb16-fdc9b7a0e5a0,2026-05-01T00:34:25.814474,das Neves,Montenegro,75.03,DELAYED,AIRPLANE,115
6d95e2e1-c979-4bec-8af1-8bd156563993,2026-05-01T08:48:56.922124,Aragão,Farias,47.86,IN_TRANSIT,AIRPLANE,4
f1d74294-ddf6-4c14-85a3-d0d8e51eb657,2026-05-01T00:10:38.508298,Ferreira,da Rocha de da Rosa,37.22,DELIVERED,VAN,33
55b3415c-a772-4e9d-88c2-895924b4f385,2026-05-01T10:56:59.435648,Cardoso,Fogaça de Vargas,20.21,DELAYED,AIRPLANE,91
95c12016-3d5a-4454-bd3a-ffa7282db613,2026-05-01T02:06:29.028420,Porto,Cunha da Praia,30.49,DELAYED,MOTORCYCLE,67
6b934480-0b26-4ab2-892a-1814f241981e,2026-05-01T10:43:28.030944,Montenegro de Goiás,Costa do Norte,32.4,IN_TRANSIT,VAN,87
8321fc0d-f8bc-423b-af48-062ed8ffc370,2026-05-01T09:59:04.216996,Leão,Mendes,2.84,CANCELLED,VAN,76
6329883c-41d3-4f76-81d7-cc70005d66e5,2026-05-01T11:28:42.244016,Novaes,Azevedo do Sul,38.03,CANCELLED,AIRPLANE,68
69bcd90e-7689-4abe-b5cb-89b8149c728c,2026-05-01T01:00:24.184795,Peixoto da Mata,Casa Grande Alegre,36.02,IN_TRANSIT,VAN,87
74e61586-9c1e-4ea6-aac9-cb913a8a00ae,2026-05-01T00:08:58.134278,Sá,Cassiano do Amparo,49.32,IN_TRANSIT,TRUCK,0
acaf1b53-d522-43b0-b588-8fdb610826ce,2026-05-01T04:03:07.346171,Peixoto da Prata,Barros,84.84,DELIVERED,MOTORCYCLE,39
5e41cace-198a-449e-bf1f-596fe351a164,2026-05-01T06:33:48.697611,Nunes da Prata,Viana,34.09,DELIVERED,TRUCK,56
e1b49d60-b6bf-4612-b808-563e1174c218,2026-05-01T07:11:52.845552,Moura Paulista,Campos Paulista,34.99,CANCELLED,MOTORCYCLE,80
896ebc5c-b166-43dd-9b18-e301774e23bb,2026-05-01T00:13:14.363958,Fogaça,Novais,1.43,CANCELLED,AIRPLANE,118
83f2fd51-5de1-45f2-95cf-fb3d671c568a,2026-05-01T04:11:42.030051,da Costa de Souza,Nunes,96.3,IN_TRANSIT,MOTORCYCLE,17
35a4b765-f472-40ba-9c3d-8140ef346f60,2026-05-01T03:05:10.912835,Campos,Barbosa,93.99,DELAYED,MOTORCYCLE,22
12cec29d-2a08-4a08-9eb2-54ecbc1034a7,2026-05-01T08:55:06.244300,Cardoso dos Dourados,Pastor,4.27,CANCELLED,AIRPLANE,10
8dff3f36-60bb-40f3-8663-3edd7b85370e,2026-05-01T05:16:15.780889,Guerra,da Rocha,17.3,IN_TRANSIT,TRUCK,71
d04ad2ef-5732-4b64-ae0d-588aa149ebc9,2026-05-01T06:13:33.406115,Melo,da Mata dos Dourados,27.21,DELIVERED,TRUCK,36
c061badf-21ab-4c24-952a-01f7cb6bf2e7,2026-05-01T12:05:09.490135,Vargas,Sousa,52.32,DELIVERED,VAN,30
78a7a3ed-b0af-4e44-9fea-bec2076c0d71,2026-05-01T09:43:10.086311,Pinto do Campo,Leão,20.23,DELIVERED,VAN,93
507ad30c-02fb-484a-9be5-ea5f707148df,2026-05-01T02:14:24.955154,Castro,Cavalcanti de Silva,99.21,IN_TRANSIT,VAN,14
10558cbc-d9f7-4a4f-8560-bd1d5c6682da,2026-05-01T11:38:10.698833,Moura,Freitas,53.65,DELIVERED,VAN,46
27037aa3-5f99-4d69-beea-7324af1d08fc,2026-05-01T02:48:02.913139,Albuquerque do Campo,Oliveira de Goiás,9.03,DELAYED,TRUCK,70
b5e440fd-1c05-4a47-bb8b-4cb3f8a70355,2026-05-01T01:05:59.192159,Barbosa do Sul,Costela do Galho,46.52,DELIVERED,AIRPLANE,17
49eb48e1-b7ca-430a-b83e-a65fd4441262,2026-05-01T09:32:06.942265,Almeida,Rezende,33.51,DELAYED,VAN,34
e6c172c5-6f46-48ad-86ab-571ad8e39f4b,2026-05-01T10:28:20.336112,Albuquerque,Marques Alegre,54.65,CANCELLED,VAN,88
430fba00-cdc7-4938-bc0b-9e38849b90a3,2026-05-01T11:17:31.363902,Fonseca do Oeste,Moura de Garcia,19.13,CANCELLED,VAN,66
d3b7c4ca-1271-4bb9-bf88-7de5e8cc466e,2026-05-01T07:12:30.051265,Caldeira das Pedras,Peixoto do Sul,49.68,DELAYED,AIRPLANE,25
c33d44ff-3787-4dc6-8ee3-fdc7177fa324,2026-05-01T04:29:40.358092,Azevedo da Prata,da Costa,42.3,DELAYED,AIRPLANE,42
354a6e1a-5bbf-470d-b13b-ce6ed81f0f9a,2026-05-01T08:20:24.938835,Pinto,Pereira Paulista,10.75,IN_TRANSIT,MOTORCYCLE,44
908b1d96-a12e-4ed5-a78e-a247e8c9a607,2026-05-01T04:31:53.551714,Machado,da Costa,48.36,DELIVERED,MOTORCYCLE,82
6da68fcb-76b9-4a88-9acc-a5096b839405,2026-05-01T03:46:14.046703,Andrade Paulista,Rocha da Mata,64.99,IN_TRANSIT,MOTORCYCLE,109
fd9a0bc2-fbfe-417d-bf22-04febe35fa50,2026-05-01T02:25:11.508607,Correia,Melo,41.16,IN_TRANSIT,MOTORCYCLE,51
730324b2-908f-40fe-87f6-bd750c87fe0d,2026-05-01T05:35:16.703673,Barros de Abreu,Moura de Almeida,22.42,CANCELLED,AIRPLANE,105
956ae03c-817d-4b98-9bfb-edf4ddf0c854,2026-05-01T04:42:24.874719,Nascimento do Oeste,Camargo,72.3,CANCELLED,TRUCK,2
c2d98e75-08da-4b00-ab4b-c3b54940dc49,2026-05-01T05:46:52.438412,Campos de Fernandes,Dias do Oeste,81.42,DELIVERED,TRUCK,56
e90216ff-974c-464f-b1d2-230f46abc0ad,2026-05-01T04:10:01.500344,das Neves,Nascimento,12.99,IN_TRANSIT,TRUCK,109
5394be9b-fd59-4919-a4e3-f33f75595bb9,2026-05-01T06:22:34.986005,Garcia,Almeida,6.69,DELIVERED,MOTORCYCLE,39
ee78373a-cd94-42ad-b638-fc5944032521,2026-05-01T04:27:42.236545,Alves,Lopes do Galho,49.97,DELIVERED,MOTORCYCLE,21
1e2cb72f-1ea9-443a-8426-3016770ee57f,2026-05-01T08:45:23.629339,Abreu,Casa Grande,70.32,IN_TRANSIT,VAN,10
bbc1cf99-331e-4ce1-808e-bb221db8f6dd,2026-05-01T05:01:19.379256,Moraes,Leão do Oeste,56.89,IN_TRANSIT,AIRPLANE,64
fff8b6e2-b922-4c20-93af-bf67c3faf829,2026-05-01T06:34:19.805058,Mendes,Camargo,23.67,CANCELLED,VAN,70
0fcb5dbd-ff5b-4fb6-9349-8b0c6b7d22ef,2026-05-01T01:39:34.651190,Barros do Campo,da Cunha da Prata,37.47,IN_TRANSIT,AIRPLANE,50
a0b65da1-6726-4534-a7e0-8c9d40aecf35,2026-05-01T11:59:49.124732,Vasconcelos Alegre,Moraes de das Neves,21.27,DELAYED,AIRPLANE,14
470f1311-9337-4988-9338-355ee6758d8c,2026-05-01T11:58:50.389512,da Luz de Goiás,Cavalcanti do Sul,41.39,CANCELLED,TRUCK,99
932f1eed-3ce2-4808-b467-f34c3a7913ae,2026-05-01T00:53:21.392967,Silva de Minas,Sales,16.29,DELAYED,AIRPLANE,72
bfa0d6f0-4154-4a71-9f29-71741e79e1d6,2026-05-01T00:09:03.080900,Araújo,Duarte,50.06,CANCELLED,AIRPLANE,108
3fad342a-831c-4277-b6a4-fd8d05ed3644,2026-05-01T02:09:01.235634,Pacheco,Novais do Campo,48.34,DELAYED,MOTORCYCLE,82
d3268547-28f7-4eb3-a0ab-c5cdf5e932db,2026-05-01T03:56:59.095285,Costa,Azevedo da Mata,54.91,DELAYED,VAN,109
770726c6-fd0d-471e-b77d-3f899ff40012,2026-05-01T11:50:35.032889,da Conceição,Pinto,49.32,IN_TRANSIT,AIRPLANE,4
611df396-6a18-4025-aef0-3f11dcf64859,2026-05-01T10:36:20.625777,Garcia,Cardoso das Flores,12.57,IN_TRANSIT,TRUCK,51
223c5d25-2769-4e40-a5c8-fc46603bd7b5,2026-05-01T00:09:51.888387,Leão,Pimenta,75.91,DELAYED,AIRPLANE,52
2dc634e9-e066-44a8-be70-c9465d21b5dc,2026-05-01T08:23:03.953993,Jesus do Amparo,Pimenta Paulista,23.79,DELIVERED,AIRPLANE,32
b047aefa-e6a2-4195-92ad-3a933a61c45a,2026-05-01T03:13:13.241193,Vargas,Costela do Sul,52.53,CANCELLED,VAN,21
4782b21e-e3a0-4f7f-aded-48de5c5664b1,2026-05-01T11:04:09.028264,Alves,Ramos do Campo,21.19,DELIVERED,TRUCK,16
12548d9e-af29-4f64-8ad9-30a2942411ff,2026-05-01T08:56:48.709717,da Mota,Silveira,24.48,IN_TRANSIT,AIRPLANE,62
1ddfaeb0-adfa-4ff2-b592-91bcf7c34082,2026-05-01T09:57:51.916794,Fogaça,da Mota do Sul,50.41,DELAYED,VAN,9
6c0b7dda-2351-4126-bdd8-3ff004d7800e,2026-05-01T07:54:05.203208,Almeida de Minas,Santos,93.08,DELIVERED,MOTORCYCLE,32
55971a85-495d-4b9f-a7d0-4dc3bdf7ebe5,2026-05-01T00:11:11.003971,Costela,Silva de da Paz,18.57,CANCELLED,VAN,79
cd4ad7c0-41b6-4690-8ec8-a21cbc1ff1b6,2026-05-01T05:24:58.400340,Moraes,Macedo,73.03,IN_TRANSIT,VAN,15
08237617-742c-4416-ba03-093e197fb19a,2026-05-01T11:02:58.664313,Oliveira,Sá Grande,2.57,DELIVERED,VAN,53
268b65cf-5b99-4b29-983f-8faf35ca9fce,2026-05-01T10:18:16.484226,Caldeira Paulista,Macedo,72.32,CANCELLED,TRUCK,19
b0005f8f-6a7a-43aa-b8fc-2704267150dc,2026-05-01T11:25:02.045695,Santos,Cunha de Sampaio,38.01,DELIVERED,TRUCK,40
cad5ae23-1eb6-4711-b048-400663e2e342,2026-05-01T08:11:13.368659,Casa Grande Paulista,Vieira,30.29,DELAYED,VAN,26
0e197890-58a6-49d1-8e54-135a8fb93542,2026-05-01T06:19:05.953460,Melo,Correia de Alves,35.07,IN_TRANSIT,TRUCK,52
1822bcdb-4a66-4584-8ece-d84158d6da62,2026-05-01T04:36:37.606405,Vieira,Teixeira do Galho,70.09,CANCELLED,VAN,101
9045198d-c20a-4aae-a118-22f0fff37afa,2026-05-01T08:41:05.117868,Duarte de Dias,da Cruz Verde,88.22,IN_TRANSIT,AIRPLANE,64
7a521453-8bfc-4597-9c2d-90b2e3ebcee8,2026-05-01T05:20:50.923688,Moreira dos Dourados,Aparecida de Câmara,81.61,DELAYED,MOTORCYCLE,31
ee1c86f0-36f1-49ad-a799-48204d8bd8d5,2026-05-01T09:49:05.436070,Vargas,Leão do Galho,80.58,CANCELLED,VAN,27
5636b8e4-0901-4656-b6ef-d29e7f4a24eb,2026-05-01T00:52:18.448115,Azevedo da Prata,Rodrigues,81.88,DELAYED,AIRPLANE,7
ed893730-f552-43aa-8cf1-819caafc1eeb,2026-05-01T03:21:25.965172,Silveira,Casa Grande de Borges,6.7,CANCELLED,MOTORCYCLE,60
4554e31a-8ce1-4bbd-841c-bf17d8c8cb0f,2026-05-01T00:46:07.824333,Lopes Alegre,Silveira,44.65,DELAYED,AIRPLANE,21
3aa28efb-d488-4ffc-b30b-9cd7a33d1e86,2026-05-01T08:58:18.140691,Fonseca,Ribeiro,19.31,DELAYED,TRUCK,3
dd66db14-e0f5-4312-ad00-fc162ecf0783,2026-05-01T04:26:39.101377,Pacheco,Leão dos Dourados,33.43,CANCELLED,MOTORCYCLE,73
1531fc9a-148d-479f-9917-5693d0019fd0,2026-05-01T05:32:58.277688,da Rosa,da Luz do Sul,20.59,CANCELLED,TRUCK,83
e0e75815-1bb0-44e0-b9e6-b57413689209,2026-05-01T03:32:58.662300,Rios das Flores,Alves,16.65,IN_TRANSIT,AIRPLANE,61
09204209-55e8-46eb-96fc-f63e30492754,2026-05-01T02:35:25.694168,Casa Grande do Norte,Araújo de Monteiro,26.54,IN_TRANSIT,VAN,67
b83f5617-28ff-4056-83e3-6d3f779ef01f,2026-05-01T03:25:09.275644,Nascimento do Oeste,Pires,99.37,DELIVERED,TRUCK,91
59d23834-0846-4dd3-a4a8-d5e6a3772e9b,2026-05-01T08:50:49.349133,Moreira,Porto de Barros,78.0,DELIVERED,MOTORCYCLE,53
9038daf6-27ea-4030-b72e-c5bf2941d8fb,2026-05-01T10:20:20.620529,Siqueira do Campo,Araújo,68.47,DELIVERED,TRUCK,58
fe66ebc1-7399-4add-b5a3-65737ac5e4b4,2026-05-01T11:30:47.424587,Nascimento das Pedras,Alves,63.2,DELAYED,MOTORCYCLE,17
902273bf-02a0-458b-bed3-be196f3e811e,2026-05-01T06:24:23.647394,Leão,Monteiro das Pedras,27.15,IN_TRANSIT,AIRPLANE,63
cac5ca5e-964e-42bb-893f-81139b16f241,2026-05-01T01:43:04.272883,Moreira,Souza de Costa,61.67,DELAYED,VAN,55
051f53c4-dd98-40f5-8707-d851f6be1461,2026-05-01T02:15:00.644356,Melo das Flores,Fernandes de Cunha,39.84,DELIVERED,MOTORCYCLE,46
be9b4e86-4a42-4231-9492-347bf81a4208,2026-05-01T05:49:00.728273,Nascimento,Ribeiro,70.09,IN_TRANSIT,MOTORCYCLE,92
da197b16-869d-401d-8c2e-2863ea42bc7f,2026-05-01T07:57:59.111546,Siqueira Verde,Casa Grande Alegre,56.29,IN_TRANSIT,TRUCK,92
c99fc841-b8fb-44a7-a893-6525aee74001,2026-05-01T02:19:27.933873,Melo,Câmara das Flores,4.07,CANCELLED,TRUCK,51
2b4d8e7d-8b83-4f6b-ae0d-7e15cf89992a,2026-05-01T00:19:14.595344,Leão,Ramos,87.57,IN_TRANSIT,VAN,4
d3dee460-17ab-466b-9159-3d7de755c183,2026-05-01T07:55:30.799931,Mendonça Paulista,Pacheco,14.97,DELAYED,VAN,13
d423a542-55a9-4398-a9f8-018d7e97f21a,2026-05-01T05:52:48.694121,Fonseca,Campos,27.04,CANCELLED,VAN,65
91f264d9-6e7e-42b5-af18-e772a5c1355a,2026-05-01T10:45:41.983920,Andrade,Andrade de Pastor,93.77,DELAYED,MOTORCYCLE,24
79e9ff58-2951-4924-b6b6-67cd5d183f37,2026-05-01T02:26:28.837405,Porto de Novais,da Costa,36.6,CANCELLED,MOTORCYCLE,38
dd3c3934-56b0-496f-a127-29cc76532b1b,2026-05-01T02:12:23.315539,da Cunha de Mendonça,Sampaio,34.43,DELIVERED,AIRPLANE,11
c898b0be-f5e5-4ac4-b3c6-ea9bc244eb17,2026-05-01T12:18:28.432624,Rios do Oeste,da Mata Paulista,47.88,DELAYED,AIRPLANE,105
d957e275-e25f-4956-968a-a9f4c5e8971b,2026-05-01T04:28:23.633308,da Mata,da Conceição de Barros,62.55,DELIVERED,TRUCK,88
ff760716-597b-40b8-93f4-6fb4ad8935b1,2026-05-01T03:24:10.180392,Nascimento,Novaes,45.16,DELIVERED,TRUCK,113
dc97c0e0-f7ce-4f1c-b0a0-1a9de949e448,2026-05-01T03:35:13.415061,da Cunha,Porto do Norte,80.88,IN_TRANSIT,TRUCK,3
dd831104-3c61-49c8-a815-df3968c9dbbf,2026-05-01T11:38:47.808043,Sales,Câmara Grande,41.42,CANCELLED,AIRPLANE,102
e1bf9247-d93e-4578-a2ef-5e123ab3cd60,2026-05-01T05:49:57.424996,Abreu,da Rocha das Flores,94.52,DELAYED,MOTORCYCLE,31
459cfb47-3423-4489-a055-ab7d00b00014,2026-05-01T06:52:56.838356,Sousa de Sousa,da Cunha,54.75,IN_TRANSIT,VAN,88
62aa165a-fa0d-4445-9023-e59da2909b8f,2026-05-01T01:31:29.836151,Guerra,Cardoso,91.35,IN_TRANSIT,VAN,111
0bde6a59-5197-4445-b56a-da08573f5bb3,2026-05-01T07:58:58.219808,Moreira,Marques,94.33,CANCELLED,MOTORCYCLE,68
468624d0-e269-4404-9eb6-d1d0806392c8,2026-05-01T00:22:57.365050,Teixeira,Gonçalves da Prata,74.5,CANCELLED,MOTORCYCLE,97
1cbdd73d-6990-4118-b92f-edbdf86eab1b,2026-05-01T04:19:21.850465,Souza,Farias do Sul,26.28,DELAYED,AIRPLANE,34
a8f4c657-3e17-4f6c-a697-5b234c74f4ec,2026-05-01T04:59:43.123280,da Cunha,Sales,51.46,DELIVERED,TRUCK,108
c7a2e2e5-5558-40cc-9c79-9103a45fd09d,2026-05-01T12:12:24.957083,Camargo,Mendes,72.94,CANCELLED,AIRPLANE,99
e1e39ce3-38e8-42c1-a575-a5c1059996e3,2026-05-01T05:02:23.826440,Câmara Grande,Andrade Grande,94.77,DELAYED,VAN,55
be74d2fc-eba6-4403-8aec-7eddcbca3afa,2026-05-01T00:45:43.156745,da Costa,Viana,83.33,IN_TRANSIT,AIRPLANE,4
18196e8d-060c-4605-a9dd-b5bdfa0ced66,2026-05-01T09:28:12.261078,da Rosa,Cardoso,41.79,IN_TRANSIT,AIRPLANE,99
fe0a4635-5d9a-4cde-8b88-383a30cb6092,2026-05-01T09:01:52.229039,da Paz de Rocha,Peixoto,37.84,DELAYED,MOTORCYCLE,82
46aa7bbe-3f21-4553-9e65-789d14be822f,2026-05-01T11:00:31.016686,Pinto das Pedras,Duarte,24.16,CANCELLED,MOTORCYCLE,65
bfab9bb1-17b2-42ae-a69c-c7cdfb6ac7fe,2026-05-01T05:24:40.080736,Cardoso,da Cunha,54.44,IN_TRANSIT,AIRPLANE,119
e7fb30d2-6706-420a-88dd-ef7f7b6ffdeb,2026-05-01T12:15:23.099308,Mendonça,da Rosa de Novais,2.07,IN_TRANSIT,TRUCK,25
f95556c0-99b6-442b-b6e3-e768fff084ab,2026-05-01T07:33:43.659767,Ramos Grande,Casa Grande,78.96,CANCELLED,MOTORCYCLE,102
00ff24f6-01ff-491c-a7d5-397e2a44fc19,2026-05-01T00:59:28.351310,Mendes de Minas,Andrade da Prata,78.73,DELAYED,TRUCK,82
050d5924-e5df-4428-beba-4d6b58db22ba,2026-05-01T03:39:58.472207,Lima do Campo,Mendonça,13.38,DELAYED,TRUCK,32
d0913ef5-99a3-4eb8-9f78-24c0d9e49c41,2026-05-01T00:45:37.431181,Campos de Machado,Leão do Norte,4.63,DELIVERED,VAN,68
4f9b6c70-4a84-49d2-920b-a68ae593babd,2026-05-01T10:10:20.077588,Leão da Serra,da Cunha de Minas,97.33,DELIVERED,TRUCK,82
cd436f03-ae86-43da-b733-fa657d808bee,2026-05-01T07:07:14.112074,Almeida,Silveira do Norte,11.09,DELAYED,AIRPLANE,119
62cb8397-a368-4c03-bcd6-05c7cdefd941,2026-05-01T02:40:36.080441,Pires de Goiás,Jesus das Flores,78.4,CANCELLED,TRUCK,38
840f3bd0-0f0e-4f59-ac5c-2b20e8741be2,2026-05-01T02:41:13.315621,Barbosa,Camargo de Minas,42.86,IN_TRANSIT,VAN,71
06b7ea7a-31fc-47ea-9a39-28db25c61fe3,2026-05-01T05:12:56.617053,da Cruz,Teixeira,48.87,CANCELLED,AIRPLANE,118
2da66166-20ca-47ba-8c50-a584c2221ea7,2026-05-01T07:13:33.675450,da Rocha do Norte,Macedo,28.76,CANCELLED,MOTORCYCLE,120
4108255d-4f54-4ec8-b60f-e323a1c9e5b9,2026-05-01T02:23:48.208817,Guerra,Barros Grande,69.89,CANCELLED,MOTORCYCLE,114
343ab507-8147-4089-8dbd-db2a7c8e237b,2026-05-01T09:41:33.877657,Novais,Nunes do Amparo,13.81,CANCELLED,TRUCK,108
c32ea1ec-0719-45a8-8beb-463d0e0088cc,2026-05-01T11:16:08.997615,Novaes,Vieira de Pereira,14.21,CANCELLED,TRUCK,3
34580f1b-4c2d-4a50-b0dc-2439a4c36634,2026-05-01T06:29:18.229250,Araújo,Alves,56.35,DELIVERED,MOTORCYCLE,49
ef2facd8-6fb7-4bb2-ac7f-3751e0bad752,2026-05-01T02:00:17.239904,Melo de Minas,Fogaça Verde,47.02,CANCELLED,MOTORCYCLE,16
adcbde79-202c-46c0-90a5-f6d0b8b378d2,2026-05-01T02:20:56.269510,da Paz do Campo,Silva da Serra,83.91,IN_TRANSIT,AIRPLANE,62
0395968d-6e3d-4f78-a15d-4ed874583d8f,2026-05-01T04:13:26.713084,Dias Grande,Souza,2.79,DELIVERED,AIRPLANE,57
31066fee-3a3e-4d50-8653-12e0f8b855b2,2026-05-01T12:18:22.172069,da Paz da Mata,Martins,92.35,CANCELLED,TRUCK,106
c7fa7007-777a-49d1-ad7a-1366923e2360,2026-05-01T10:04:19.549103,Mendes de Rezende,Andrade de Goiás,37.76,DELAYED,VAN,42
e8ed0840-1d03-4a54-a556-045cc713c318,2026-05-01T03:36:16.311573,Novais Grande,Santos Grande,64.63,DELIVERED,TRUCK,40
0754602f-df45-45dd-a9d7-cf39b780ef17,2026-05-01T05:55:39.454808,Montenegro,Andrade,58.39,IN_TRANSIT,MOTORCYCLE,50
64434a3b-4987-4999-a28a-0fd977a2493c,2026-05-01T08:24:31.443613,Nascimento de Cavalcante,Garcia da Serra,18.88,DELAYED,AIRPLANE,92
402518b8-d1e6-4f04-ac60-ee3f3e3b80c5,2026-05-01T05:09:18.217933,Jesus,Ferreira,46.22,CANCELLED,VAN,84
9cf5a026-f5ad-446b-b5b5-85fc31c83940,2026-05-01T11:05:03.155595,Montenegro,Carvalho,86.78,CANCELLED,VAN,51
4f79eac5-31d0-46c4-972f-d3a04b0954cb,2026-05-01T11:36:27.516091,Azevedo,Fogaça,39.09,DELAYED,VAN,42
f44351c4-de8f-4ae3-9279-7db0ac35b804,2026-05-01T02:40:52.613273,Sampaio,Porto do Amparo,61.79,DELAYED,TRUCK,4
7c16728d-41c2-4347-9dd3-7112c4fb786f,2026-05-01T02:11:55.307945,Silva,Lima Grande,13.15,IN_TRANSIT,VAN,64
abc20f07-5d92-4859-80f4-f895865e0c00,2026-05-01T07:58:04.272033,Novais Grande,Moraes,21.95,DELIVERED,TRUCK,6
fe202384-0657-4f17-89cd-87c8a95d55cc,2026-05-01T08:59:54.302562,Ramos de Cavalcanti,Cassiano da Serra,35.78,DELAYED,AIRPLANE,108
61df9a91-49f6-40eb-9aa5-61b596e1f9eb,2026-05-01T11:02:08.046704,da Costa,Nogueira de Minas,17.07,CANCELLED,AIRPLANE,67
f852c14f-56bb-4ef4-9291-d72641782881,2026-05-01T03:45:53.706244,Abreu,Rocha,67.04,CANCELLED,MOTORCYCLE,33
74b29920-a3a5-4542-8746-49b08154e90d,2026-05-01T04:37:03.942576,Ferreira do Norte,Barbosa de da Mota,69.76,CANCELLED,MOTORCYCLE,88
01f3af1a-b903-4ca1-9537-8aa3a95bf0df,2026-05-01T02:01:50.424250,Montenegro do Oeste,Costa do Campo,1.81,DELIVERED,AIRPLANE,120
4f21bb51-bf46-44c2-9a00-c45cb686a7cc,2026-05-01T06:58:59.767942,Sales do Galho,Nunes do Campo,39.67,DELIVERED,VAN,52
166ac772-8444-4fe3-9846-a73aeaeed2b6,2026-05-01T09:42:37.741381,Mendes,Farias,50.32,CANCELLED,TRUCK,16
4b7ddf64-190b-4d9f-a28d-46b984f6184b,2026-05-01T12:12:09.771853,Dias,da Paz de Rios,91.82,CANCELLED,TRUCK,9
11aeba64-f393-4d70-85cb-6e15b4e9dec6,2026-05-01T09:49:24.392494,Fogaça,Carvalho das Flores,47.04,CANCELLED,MOTORCYCLE,70
529d505a-6d62-4ca2-a970-dfc02999e0c9,2026-05-01T06:39:31.419409,Abreu,Aragão do Galho,6.69,DELAYED,VAN,118
a0fe1d63-f2b5-4d52-8682-586e018d3613,2026-05-01T09:11:53.137215,da Cunha,Ramos,91.31,IN_TRANSIT,AIRPLANE,101
dc619ba2-8102-44b1-98a0-383e6917a60e,2026-05-01T05:25:40.395247,da Mota Alegre,Santos,60.43,IN_TRANSIT,MOTORCYCLE,10
7f94e2af-c616-4f99-825f-3bc375969cf8,2026-05-01T02:33:29.449554,da Cruz do Norte,Cardoso,21.54,CANCELLED,VAN,98
ff091930-db73-4834-9e95-116a3cf3a7ce,2026-05-01T03:05:12.496059,Melo dos Dourados,Duarte,66.15,DELAYED,VAN,57
3c7599dd-0e07-45c9-9059-57f1978cea84,2026-05-01T07:45:41.204962,Montenegro,Caldeira da Serra,61.74,DELIVERED,MOTORCYCLE,85
4dc9dfb9-dcd9-49b7-afd7-c4c5c0e5ad8b,2026-05-01T07:07:12.568310,Silveira de Minas,Siqueira,29.28,DELAYED,AIRPLANE,71
08a24c95-698e-450f-81b1-391b4868b083,2026-05-01T07:10:44.520631,Cirino Verde,Rodrigues,93.47,CANCELLED,VAN,41
56cb7d36-2834-4893-9b1c-910143d23fcf,2026-05-01T04:15:22.158611,Nascimento,Macedo da Prata,79.16,CANCELLED,AIRPLANE,85
5036066c-8f8f-437e-b623-c0e6b479baa1,2026-05-01T12:17:19.767848,Vargas,Carvalho,75.04,CANCELLED,VAN,95
49d10a96-e55c-40f2-9a12-7dfacc5088a6,2026-05-01T09:49:21.773504,Souza,Marques,43.41,CANCELLED,TRUCK,77
a8863e7c-3e0b-4ee6-809e-1188a912138d,2026-05-01T12:02:54.047551,Carvalho,Teixeira das Pedras,94.29,DELAYED,MOTORCYCLE,43
bc146d6d-db36-49b9-bdc0-c62dc51820e3,2026-05-01T08:57:03.116876,Porto,Macedo,63.62,IN_TRANSIT,VAN,116
3a128881-baeb-48dd-a282-6a52c7a5b671,2026-05-01T05:18:25.499061,Moraes,Dias,23.6,CANCELLED,VAN,70
843b57f8-7ac0-4396-aac4-d6edb86d604b,2026-05-01T01:06:14.993737,Garcia de Nascimento,Marques,37.28,DELAYED,TRUCK,47
816fd7c4-d407-4d3e-bef3-95fea0a94b84,2026-05-01T10:12:42.828463,Lopes das Pedras,Camargo,94.96,DELAYED,MOTORCYCLE,111
c737d6a1-aa1f-495e-a785-95735ecf7c10,2026-05-01T05:32:44.543360,Nunes,Sá do Campo,24.03,IN_TRANSIT,MOTORCYCLE,96
fde743f7-597a-4bc2-b396-f9d9127ad19e,2026-05-01T09:04:22.682355,Campos,da Rocha,46.71,CANCELLED,MOTORCYCLE,65
4a9c4e1c-666c-41de-8a30-c24c50cb40e0,2026-05-01T00:41:00.959344,Campos,Marques,92.99,CANCELLED,MOTORCYCLE,78
2862927d-0024-47b3-a7ca-3aa561810cf8,2026-05-01T09:00:05.111493,Marques das Pedras,Sampaio,1.79,DELAYED,AIRPLANE,104
1bc2d2e4-453e-4a54-9687-4f4684f9cc33,2026-05-01T11:50:12.576193,Monteiro de da Mata,Rocha das Pedras,44.56,DELAYED,AIRPLANE,12
da6560b7-00be-40fe-8d44-555e6e37cc3f,2026-05-01T02:02:42.035942,Novais de Minas,Nunes,79.37,IN_TRANSIT,VAN,44
ac7c0cae-f6fa-445f-8fa1-e01033727256,2026-05-01T05:41:07.053450,da Luz,Rocha do Amparo,81.12,IN_TRANSIT,VAN,27
d51464d0-5332-408c-a395-9995c0e4bc54,2026-05-01T03:43:39.276992,Rocha Verde,Pereira Grande,69.92,DELIVERED,AIRPLANE,52
621056fd-f452-4ef8-9f03-172591382d3f,2026-05-01T04:15:37.084484,das Neves Alegre,Ramos da Praia,93.05,DELIVERED,AIRPLANE,63
20503858-7e8e-4054-b412-ea4a090579ac,2026-05-01T09:25:01.071303,Cassiano,Castro,57.74,DELAYED,MOTORCYCLE,106
97ea1990-0f44-4f93-be3f-921cd082fa79,2026-05-01T03:44:07.003243,Santos,Fogaça Grande,90.56,DELAYED,TRUCK,68
7db37892-f6bc-4248-aa87-986c215ef4de,2026-05-01T06:09:24.195036,Moraes do Norte,Montenegro do Norte,3.94,IN_TRANSIT,MOTORCYCLE,77
bd457732-d070-45c8-bece-388b1fb89e46,2026-05-01T01:39:57.158770,Campos,Silva do Campo,64.36,DELAYED,MOTORCYCLE,116
293750da-98f9-4fb1-8e56-4c21f20b55e0,2026-05-01T01:23:27.398393,Carvalho,Cardoso,15.54,DELIVERED,AIRPLANE,68
1b52cc86-6f21-48bd-8464-808295b7bcbf,2026-05-01T08:45:56.383671,Farias Verde,Fernandes,42.79,DELIVERED,MOTORCYCLE,90
ffae545f-3741-4143-a640-1b89554687e7,2026-05-01T02:48:30.683242,Carvalho do Galho,Cassiano do Campo,92.49,DELIVERED,MOTORCYCLE,20
760b7034-8ef4-485a-8c16-aaff9df27462,2026-05-01T08:59:09.055912,Pereira do Galho,Pimenta,50.72,IN_TRANSIT,AIRPLANE,16
caa379ba-cbad-46de-a631-97f562df8737,2026-05-01T01:09:57.621028,Moraes,Vargas de Mendonça,5.05,DELIVERED,VAN,95
0c28a980-156c-49a9-9da7-2d5c95e61141,2026-05-01T09:35:41.349931,Sousa Paulista,Borges,4.12,CANCELLED,AIRPLANE,15
d21e8f95-50e9-4a5a-8919-61fa339fb77a,2026-05-01T11:34:02.805053,Gonçalves,Castro do Norte,10.22,IN_TRANSIT,VAN,59
61436094-2fbd-41a6-a065-3f9c6d82ed7c,2026-05-01T03:24:52.154558,Cassiano,Pastor,47.73,IN_TRANSIT,TRUCK,86
f36da11b-9ec6-4b19-b20c-52290c942ec6,2026-05-01T08:16:38.862287,Casa Grande Grande,da Rocha,14.86,CANCELLED,AIRPLANE,100
d0aaeb09-5449-42de-90f3-5b5f7ded0f86,2026-05-01T00:27:51.965320,Pereira de Dias,Sales,84.7,IN_TRANSIT,TRUCK,8
611ebd39-e093-47c4-be23-0d81920bc6f3,2026-05-01T10:19:54.100453,Martins,Moreira,47.37,DELIVERED,MOTORCYCLE,43
0db8f1f2-0a1f-4c1a-9ee5-d1ce090d8d09,2026-05-01T02:10:15.119868,Pereira,Pereira da Serra,48.14,DELAYED,TRUCK,12
f55110c1-a7af-4308-81c6-16ecb64a1d7b,2026-05-01T01:57:14.606554,Camargo,Duarte Alegre,62.88,DELAYED,MOTORCYCLE,8
42d44c46-a3ac-435a-a709-9427a26dd296,2026-05-01T03:26:42.700924,Silva de Costa,da Rocha de Minas,7.54,CANCELLED,VAN,82
d192c01c-5bbb-4bfa-8353-b2cbdf96a6d5,2026-05-01T07:26:00.407073,Costela do Campo,Caldeira,25.79,CANCELLED,VAN,37
4dc60cc5-b877-4356-b489-8181dca1a1a9,2026-05-01T11:11:23.399006,Barros,Pereira,94.31,DELIVERED,VAN,21
b30c04a4-6ddc-4918-b8f8-6c35c241d1db,2026-05-01T00:34:45.637847,Oliveira,da Cruz,86.78,DELIVERED,MOTORCYCLE,11
84a525ed-5389-4611-9518-d48f7fd6f510,2026-05-01T05:22:53.977229,Rios do Oeste,Barros,9.33,CANCELLED,AIRPLANE,117
9eee1403-b2cc-44f6-8164-364ec3ed96c7,2026-05-01T09:00:38.154536,Pereira da Mata,Jesus,7.17,DELIVERED,TRUCK,87
9f01b256-67a7-4bd5-a591-07c81fb78861,2026-05-01T09:22:53.798307,Fogaça de Garcia,Barbosa,55.52,CANCELLED,TRUCK,20
0397cc96-92ed-4c79-8d60-958d289b3cfe,2026-05-01T02:47:34.318644,da Costa,Leão do Campo,62.12,CANCELLED,TRUCK,30
22100a69-7364-49e8-8caf-d837fc161799,2026-05-01T09:06:31.195171,da Rocha,Macedo das Flores,74.13,DELAYED,MOTORCYCLE,112
1e84de5e-1d6d-4004-80b7-7278ade97b68,2026-05-01T01:38:30.972720,da Rosa de Minas,Camargo,68.72,CANCELLED,AIRPLANE,42
42e0bead-7cec-4946-b785-93e8a7d89327,2026-05-01T11:20:48.683829,Cavalcante,Garcia dos Dourados,31.75,DELIVERED,TRUCK,42
87e71bde-7910-46ea-8836-4e5c090b94aa,2026-05-01T09:46:21.560909,Pinto de Mendes,Costela de Teixeira,9.57,DELIVERED,TRUCK,71
197df772-956a-46ba-8163-e9922ff3db8b,2026-05-01T03:25:31.131946,Freitas,Vieira,47.12,DELIVERED,TRUCK,34
0e171315-be0c-49f4-ba58-be7dabbbb7fb,2026-05-01T02:11:17.201401,Peixoto do Norte,das Neves,69.31,DELIVERED,VAN,17
a60d7021-85fa-44e3-8641-0c33ed456954,2026-05-01T07:33:40.917516,Lopes,Duarte da Mata,44.76,IN_TRANSIT,TRUCK,19
a0e0a669-d4ca-41d2-96a0-37be4907df58,2026-05-01T06:33:02.212399,Câmara de Oliveira,da Rocha de Vasconcelos,12.78,CANCELLED,AIRPLANE,30
2136e9ac-8461-4581-93e7-ca49cda70e0c,2026-05-01T08:07:55.490000,Ramos de Farias,Rezende,2.0,DELIVERED,AIRPLANE,8
33a466ff-5adb-4b70-9f0a-722dd67dba79,2026-05-01T06:20:31.019706,Correia,Brito da Prata,16.88,IN_TRANSIT,MOTORCYCLE,79
dc44a45d-e4f4-474b-9991-1fe543c463ce,2026-05-01T04:16:08.828384,Lima Verde,Ramos,67.18,CANCELLED,MOTORCYCLE,58
f2f31907-09da-43ea-9f98-ed64b832ad5c,2026-05-01T02:12:44.280756,Pinto de Mendes,Casa Grande de Goiás,93.27,IN_TRANSIT,MOTORCYCLE,103
a0e48fa8-3d5b-4593-9d79-57c06806e727,2026-05-01T06:35:56.146835,Santos de Aparecida,Rodrigues Grande,77.19,IN_TRANSIT,VAN,87
efb4e087-282d-4c79-a8db-1f224806c404,2026-05-01T01:03:46.189623,Vasconcelos da Praia,Costela Alegre,8.4,DELAYED,AIRPLANE,99
c76f0393-d357-4eae-958f-aed7564589cd,2026-05-01T01:39:12.566853,Rocha,Lima,61.99,CANCELLED,MOTORCYCLE,43
e0316b6e-6f48-4275-a3fa-ecb17d488108,2026-05-01T08:32:32.514215,Campos Verde,Montenegro,89.57,DELIVERED,VAN,29
63875af6-54d4-48f6-b176-38a54df62190,2026-05-01T10:27:07.724234,Moura de Goiás,Sá,86.99,DELIVERED,VAN,52
319051a6-3deb-4126-99c4-4751c3dcb9bf,2026-05-01T08:52:52.829031,Cavalcante,Freitas,61.91,DELAYED,TRUCK,52
a1935810-d725-49b8-aae8-94d26b12589e,2026-05-01T06:44:46.165081,Rios dos Dourados,Vargas,56.85,DELAYED,TRUCK,60
552a4ef7-13e8-483f-8827-dd0690154fc2,2026-05-01T02:53:52.239326,Almeida das Pedras,Silveira do Sul,4.7,DELIVERED,MOTORCYCLE,6
b1f3a1d5-6936-4441-ac67-4eed81660d45,2026-05-01T07:56:17.050388,Oliveira de Nunes,Moraes,62.97,DELIVERED,MOTORCYCLE,30
401888b2-32a7-4b09-b96d-a21a02667706,2026-05-01T10:19:18.175195,Pimenta,da Rosa da Praia,71.6,IN_TRANSIT,MOTORCYCLE,88
5de6495c-be52-4bec-aa86-ce3c77d26213,2026-05-01T01:41:50.059282,Monteiro,Carvalho,94.92,CANCELLED,VAN,4
c81fc9f1-3cbc-4002-8a86-983161715fc2,2026-05-01T10:13:42.208220,Almeida,Almeida,99.35,DELIVERED,MOTORCYCLE,19
b9024a76-b1a6-483e-8ebc-1f3cb3b1d69b,2026-05-01T02:45:06.627831,Costa de Minas,Casa Grande,57.98,DELIVERED,TRUCK,69
690662ce-b438-452a-b0a4-78cead8c51ca,2026-05-01T04:13:43.242584,Siqueira,Freitas,50.18,IN_TRANSIT,MOTORCYCLE,108
59866d5d-f993-4545-90ec-e548e5ded8af,2026-05-01T08:40:06.736560,Costa de Siqueira,Abreu,16.8,IN_TRANSIT,AIRPLANE,65
1249bfc4-338b-4e15-ac23-1605155a2cc5,2026-05-01T11:11:24.645017,Mendes de Fonseca,Câmara,79.67,DELIVERED,VAN,1
463434b8-8703-43c9-a105-4a61d4039648,2026-05-01T05:51:59.464172,Teixeira,Montenegro de Ramos,65.88,IN_TRANSIT,VAN,100
da18ae86-8266-4e0f-b398-d4450560c1e4,2026-05-01T04:28:43.391539,Garcia,Cunha,87.86,DELAYED,AIRPLANE,116
79cbe94e-4b8e-4674-a229-81bdcfa1f65b,2026-05-01T09:57:00.089321,Azevedo,Mendes de Silveira,91.04,DELAYED,VAN,60
9f993496-f8ab-4267-a300-b872a7b6bfb2,2026-05-01T08:45:15.105384,Fonseca,Andrade das Pedras,48.99,IN_TRANSIT,AIRPLANE,5
1cddffda-6f7a-4998-b4f6-0b70321c314b,2026-05-01T00:48:02.055915,Abreu,Fogaça,42.91,DELAYED,AIRPLANE,14
52272a44-51bc-4e51-8ccc-f164b2f22d9b,2026-05-01T05:58:18.695638,Pinto do Amparo,Araújo de Oliveira,30.68,DELIVERED,TRUCK,36
7b5fa399-9a69-424c-99d6-567293be80f8,2026-05-01T12:03:37.534294,Caldeira,Rodrigues da Prata,51.74,DELAYED,MOTORCYCLE,46
ec815502-4d6b-4c5a-9dd7-7133f6b31570,2026-05-01T11:52:54.460846,da Cunha da Mata,Guerra,48.27,CANCELLED,AIRPLANE,5
17f6ecf2-8347-4ea9-ab4b-d4ce06e9af45,2026-05-01T01:56:14.996741,da Paz,Moreira do Norte,11.28,CANCELLED,VAN,31
3ec4727e-458a-4fdb-b472-a2e402b97ba0,2026-05-01T05:39:26.266813,Alves,Silveira,38.03,DELAYED,MOTORCYCLE,62
5f86e237-b60a-425e-b2ae-5632f546f082,2026-05-01T01:13:18.306448,Araújo do Norte,Pastor de da Cruz,33.88,IN_TRANSIT,AIRPLANE,50
6e768642-3696-499d-ba39-dd5b043298e1,2026-05-01T01:05:07.287386,Casa Grande,Araújo de Câmara,69.4,DELIVERED,VAN,70
d1a4151f-2b6a-4774-bbd9-c06f51583fd5,2026-05-01T02:58:29.139583,Vasconcelos,Costa,2.02,DELIVERED,TRUCK,63
e8e1dd17-075d-4437-b6f6-92b6282572b9,2026-05-01T01:24:11.072797,Câmara,Cavalcanti de Cavalcanti,43.01,DELIVERED,AIRPLANE,61
32e41d5f-21f6-4034-b216-f87f5b16c0d7,2026-05-01T04:02:11.898572,da Costa da Praia,das Neves do Oeste,75.6,DELAYED,AIRPLANE,66
0d83c0e9-49fc-4989-a3ea-810f0abd1bd5,2026-05-01T11:35:09.087919,Sousa,Santos da Mata,94.96,DELAYED,VAN,58
723a1d7e-59ce-45c5-86ee-fa1b0c80ad21,2026-05-01T07:59:57.377797,da Mota,da Cunha de Viana,99.45,DELAYED,AIRPLANE,29
2870d064-eb9f-4832-a0a3-4ee704ad1742,2026-05-01T08:56:25.239918,Silva,Pinto,95.18,DELAYED,MOTORCYCLE,44
ef6df70d-0ef4-40af-84c6-e0a912785f63,2026-05-01T08:21:32.905465,Souza,da Cunha,29.22,DELAYED,AIRPLANE,105
03bd5426-6c58-44f4-9fa1-a8d1d19e3619,2026-05-01T09:57:30.817660,Farias de Jesus,Fernandes,76.34,IN_TRANSIT,MOTORCYCLE,65
39805cb1-3d06-4548-9927-9eff93bda579,2026-05-01T11:57:29.934560,Carvalho de Mendonça,Campos de Ribeiro,64.96,DELAYED,TRUCK,111
8b3e11a3-994c-46f2-89a0-6728c2bb50fb,2026-05-01T00:40:29.517130,Rezende do Oeste,Sampaio Alegre,1.07,CANCELLED,MOTORCYCLE,64
45f0eac4-70c1-4129-859d-7514815f48b3,2026-05-01T04:19:02.036071,Monteiro da Serra,Freitas,10.4,CANCELLED,VAN,84
a9b75239-e522-4073-a542-724d44f8f600,2026-05-01T10:31:39.490630,Pereira do Campo,Guerra,84.56,IN_TRANSIT,MOTORCYCLE,34
336aa6c8-5c7e-4cc2-bc68-e3cad35c2512,2026-05-01T02:45:47.120709,Carvalho,Mendes Grande,11.45,DELIVERED,TRUCK,69
4ac924f0-57cb-457e-b31d-c92c4445e824,2026-05-01T01:13:56.287220,Sampaio das Pedras,Ramos,97.7,CANCELLED,VAN,36
b4d188be-adad-4c30-bce9-fc2c7ac104eb,2026-05-01T10:38:43.187113,Azevedo,Ferreira do Norte,52.01,DELAYED,TRUCK,54
980a90ae-2f85-4621-a9a0-ffd0a6191445,2026-05-01T03:05:22.500359,Oliveira do Amparo,Cunha de Santos,46.8,DELIVERED,TRUCK,2
8092be9f-e4ff-47c5-8248-a2c7b0fdf9f2,2026-05-01T03:18:50.525066,Rezende da Serra,Novais,90.22,DELAYED,VAN,99
56051d46-3924-42ac-b3b4-eadfe62d2f8a,2026-05-01T00:38:08.174191,Sá de Costela,Correia,20.17,IN_TRANSIT,AIRPLANE,81
eff9aaed-7078-4ba7-9630-b0774c5655c7,2026-05-01T03:16:01.243771,Rezende,Almeida de Goiás,78.23,DELAYED,VAN,40
8ac727fa-9ecf-4e96-9fd3-c26bbd0844b4,2026-05-01T11:52:40.365687,Pereira de Silva,Farias das Flores,64.43,IN_TRANSIT,TRUCK,61
fcb9951a-dad3-4180-b075-55f547cbb867,2026-05-01T04:08:24.370038,Silva da Prata,Marques das Flores,11.12,DELIVERED,TRUCK,97
3edbce4b-ee44-4175-9d8d-256bf3cf4abb,2026-05-01T07:28:36.659976,da Conceição,Camargo de Mendonça,43.53,DELAYED,TRUCK,66
52d79bc2-f579-4a66-a90e-b5cacd1c45d5,2026-05-01T02:57:45.235187,Fogaça da Praia,Novais do Norte,63.92,IN_TRANSIT,VAN,87
38868808-9fb6-4868-b270-8283c81a2cfa,2026-05-01T09:36:19.232836,Sousa,Andrade,19.45,CANCELLED,AIRPLANE,100
c3e40bce-4065-4efd-b14d-3826a5c85e75,2026-05-01T01:33:24.220179,Rocha do Norte,Vieira,33.79,IN_TRANSIT,TRUCK,93
704fc8df-9455-4f78-9cce-616b9a871f42,2026-05-01T09:54:40.484782,Fogaça,Nascimento,76.74,DELIVERED,AIRPLANE,78
65441582-245e-4872-b92e-22712610ce5a,2026-05-01T08:36:36.041130,Farias,Aragão do Campo,82.6,IN_TRANSIT,VAN,82
5993ce1e-d8ee-421c-9bfc-4937aebd808d,2026-05-01T03:46:36.618892,Fonseca Paulista,Fernandes do Oeste,32.68,DELAYED,MOTORCYCLE,47
a047173e-4341-4766-a01d-ee3532d7f639,2026-05-01T07:37:42.081952,Mendes,Mendes dos Dourados,36.13,DELIVERED,VAN,32
d0f83e86-6642-4059-803a-9601584e09df,2026-05-01T04:23:57.911221,Macedo das Flores,Pires Verde,49.62,CANCELLED,VAN,44
b0200e54-0543-4080-90c1-56ee09ea1a49,2026-05-01T03:23:30.689317,da Rosa,Almeida,25.57,DELIVERED,AIRPLANE,28
997e167e-f6fb-43e9-aa6f-1fbfa382aa6a,2026-05-01T09:27:27.661498,Cassiano de Minas,Lopes,58.52,DELAYED,VAN,22
67824973-3857-4418-9170-7d85e9abb783,2026-05-01T08:38:38.449487,Mendes,Câmara,25.55,DELIVERED,MOTORCYCLE,84
85b53b35-1979-44fb-9628-1f930a2428ec,2026-05-01T04:19:19.697278,Rezende,Cassiano do Sul,3.64,DELAYED,TRUCK,72
8d458826-f082-4608-8446-45da880a1151,2026-05-01T05:41:54.493793,Gomes de Mendes,da Rosa de Vargas,26.84,CANCELLED,AIRPLANE,17
2eefa6f2-9cdc-438d-96cf-932f0182fdc8,2026-05-01T06:20:27.095439,Cavalcante,Mendes,48.71,CANCELLED,VAN,40
9a1cd0ad-fee3-4d17-b080-4d7d6865d659,2026-05-01T01:34:34.274266,Pinto,Sampaio,78.49,DELAYED,TRUCK,96
f7240e46-2bc2-4787-b20a-35df8e33242f,2026-05-01T07:12:12.008604,Silva,Camargo,39.94,DELAYED,MOTORCYCLE,39
3b1a36d2-6cf9-407f-ae6b-5c3067faefc6,2026-05-01T12:23:46.606532,Barbosa,Rezende,92.3,DELIVERED,VAN,118
8f11ec09-729e-482f-ad51-94898dfbf46c,2026-05-01T05:01:52.216491,Sampaio da Prata,Rios do Amparo,63.95,IN_TRANSIT,TRUCK,108
44c8b32f-6322-4f6b-90c8-ae7d64f45e6f,2026-05-01T10:41:04.591250,Câmara,Vasconcelos de Castro,16.72,DELIVERED,AIRPLANE,115
38347d61-8d8c-41c5-93b5-b82b1c714425,2026-05-01T01:15:49.477613,Borges de Pimenta,Nogueira de Ramos,90.49,DELAYED,VAN,24
0ca03f40-7fa3-4b8e-9e96-d52af41849ee,2026-05-01T11:56:03.323768,Dias de Montenegro,Guerra do Galho,55.37,DELIVERED,TRUCK,111
48d44122-5c49-4ef8-aa66-ffa251081727,2026-05-01T04:32:49.815094,Gomes do Sul,Pacheco de Minas,5.39,CANCELLED,MOTORCYCLE,74
3df629f3-42be-4f61-95f6-2c842d662c2f,2026-05-01T09:19:03.279820,Lopes,Ramos,65.52,DELIVERED,MOTORCYCLE,93
22870e1d-9761-430e-8783-8f09d4ab7b22,2026-05-01T00:53:56.289520,da Rosa de Azevedo,Porto,61.31,CANCELLED,VAN,112
8ae022a3-c440-4c34-81f9-bc6a018df4ec,2026-05-01T01:54:53.533816,Albuquerque de Melo,Dias de Minas,19.58,IN_TRANSIT,TRUCK,61
e4fed45b-8fb5-4ebe-8814-b92ceded5b72,2026-05-01T11:03:19.619193,da Cunha,Porto,32.77,CANCELLED,VAN,74
caac3613-4113-43e7-9244-45ed15c21b5e,2026-05-01T00:06:27.132477,Lima,Camargo,37.04,CANCELLED,TRUCK,83
287401f4-a553-4666-83e5-7224b27a2a43,2026-05-01T11:14:02.982723,Ferreira,da Cruz do Amparo,74.85,DELAYED,TRUCK,57
b1397b61-3f2f-4acb-b7cf-3326318bb015,2026-05-01T00:16:19.431340,Leão de Jesus,das Neves de da Paz,44.6,DELAYED,TRUCK,26
072142e6-12b7-4acd-810f-8b6d8fa27377,2026-05-01T02:30:35.828398,Silva de Barros,Jesus,64.75,DELIVERED,MOTORCYCLE,48
c325d25d-d029-4acb-b443-61e0f5710d39,2026-05-01T02:36:32.737112,Sá,Sá,33.04,IN_TRANSIT,AIRPLANE,102
9605a126-6beb-44fa-807c-2bec31d0794b,2026-05-01T01:47:24.148510,Rocha da Mata,Abreu,77.63,DELAYED,AIRPLANE,77
93cf48ee-2dd5-445c-9993-eddf314e4e55,2026-05-01T01:29:28.597793,Carvalho,Pinto,33.46,CANCELLED,VAN,82
f6e6560f-bbcb-4225-8a01-93fe8ac4ea93,2026-05-01T08:52:49.625354,Moura,Cavalcanti,40.42,DELAYED,MOTORCYCLE,86
ffab3a5e-9d18-444e-bdf2-479cccc0915b,2026-05-01T10:01:33.990999,Ramos do Amparo,Cavalcante,25.08,DELAYED,MOTORCYCLE,41
cdd78b0f-8f2d-4c13-afd5-2ef9f07a99bb,2026-05-01T01:10:09.354757,Rocha,Gonçalves de Aparecida,22.35,DELIVERED,TRUCK,65
cb5e7c4c-48a2-4dbe-bba6-d0217d9aaafa,2026-05-01T06:53:30.891285,Andrade das Flores,Rocha do Campo,24.34,IN_TRANSIT,MOTORCYCLE,50
3dfeacce-470f-4ddf-9f4c-3524b5a7827e,2026-05-01T10:07:17.861426,Borges do Amparo,Teixeira das Pedras,45.29,CANCELLED,TRUCK,43
de9d785c-6b10-425a-8e94-3d8878157645,2026-05-01T09:42:28.896157,Barbosa das Pedras,Casa Grande,54.22,DELAYED,VAN,51
96960a87-94c3-40f9-b5bb-d1af89c71462,2026-05-01T03:24:02.506827,Cardoso,Pacheco,26.93,DELIVERED,MOTORCYCLE,97
3776f5ca-e729-45e1-9d48-130120813fe4,2026-05-01T08:59:34.871463,Pastor,Cavalcanti de Goiás,90.75,DELIVERED,VAN,74
e73255a8-f288-4bf8-b7f2-761efbb367ff,2026-05-01T10:08:06.674922,Machado,Rodrigues Verde,21.33,IN_TRANSIT,MOTORCYCLE,10
af6fe894-bfdb-4772-b736-0b83edf24143,2026-05-01T10:51:34.189767,Lima,Gonçalves da Prata,34.55,CANCELLED,MOTORCYCLE,57
3511bbdc-6602-4810-b4e0-77564822c54e,2026-05-01T06:55:24.713955,Cavalcante,Martins das Pedras,79.3,DELIVERED,TRUCK,87
5f41ac61-d62f-40d3-b536-466b15815340,2026-05-01T00:22:26.173095,Marques da Mata,Vargas do Norte,7.41,DELIVERED,TRUCK,9
ac992d02-4041-4faa-9ae9-c837dcbeecc5,2026-05-01T09:03:06.487283,Marques,Moreira de Goiás,82.8,DELIVERED,MOTORCYCLE,114
48027584-8638-4da5-9329-e5e7fd637684,2026-05-01T12:17:07.417715,Nascimento,da Mata,73.34,CANCELLED,VAN,43
55b2cba5-9d19-422f-8f6f-de8e72aefdd4,2026-05-01T03:15:56.632714,Sampaio,Pinto,24.13,IN_TRANSIT,VAN,80
8cc26532-432f-40d0-9077-214690dfb11a,2026-05-01T10:09:47.839742,Cunha,Campos,36.78,CANCELLED,MOTORCYCLE,4
5c82d3ee-3109-4308-b217-c9c975914a42,2026-05-01T05:17:15.526505,Machado Alegre,Peixoto de Novais,27.1,DELIVERED,AIRPLANE,107
04ce9867-8598-4cb8-a9c3-971e0f86e1f3,2026-05-01T12:03:53.887163,da Conceição Grande,Cavalcante de da Rosa,19.08,DELIVERED,MOTORCYCLE,104
904c6521-13e0-48ac-b2c4-85c20dcbe4f7,2026-05-01T06:53:44.467419,Correia,Moraes,40.9,IN_TRANSIT,MOTORCYCLE,18
049e45cc-a03f-4206-8647-01d3fd47ea47,2026-05-01T09:15:06.770684,Novaes,Mendonça,20.28,DELIVERED,VAN,96
fe67faab-1a6c-47fc-884f-12c2e0a0877e,2026-05-01T07:04:57.053425,Dias de Rodrigues,Alves das Pedras,18.24,CANCELLED,MOTORCYCLE,98
cdb6afa0-f01b-4d77-af8c-75e01941f5ff,2026-05-01T08:26:18.990172,Viana da Serra,Nunes,66.25,IN_TRANSIT,AIRPLANE,76
10790dad-d546-4d71-ab50-a5b40901c145,2026-05-01T09:22:16.414560,Santos,Machado,21.2,IN_TRANSIT,TRUCK,47
9a9ac6a6-254b-442d-8675-22caa5c41fad,2026-05-01T04:10:18.904131,Fonseca,Jesus de da Paz,15.97,DELAYED,TRUCK,78
33ad7890-6256-4a1f-8302-8cb65bf1c264,2026-05-01T08:47:58.710812,Camargo,Fernandes do Oeste,14.7,DELIVERED,TRUCK,54
96f32dcb-bc4e-4b28-9921-1e1d7e6ac918,2026-05-01T07:55:07.267591,da Cruz do Oeste,Mendonça dos Dourados,98.7,IN_TRANSIT,AIRPLANE,56
e4a414a2-89ca-4ae4-80e7-cc3a9af1b8a7,2026-05-01T08:11:48.198620,Borges,Alves Verde,97.32,DELAYED,TRUCK,9
0cc27969-ebcb-4405-968e-0060b321b500,2026-05-01T01:51:48.754505,Cardoso da Serra,Jesus da Praia,48.68,CANCELLED,AIRPLANE,69
5da3d014-059d-4516-a86b-5be5fc301409,2026-05-01T08:45:33.187494,Fonseca,Campos,7.26,DELIVERED,MOTORCYCLE,55
c56a9bba-6e2d-4806-8966-31d5af9d6d0e,2026-05-01T03:03:56.658674,Araújo de Barros,da Rocha Verde,28.75,CANCELLED,TRUCK,61
a30e083e-d9b7-428b-8379-0a227f34fb34,2026-05-01T09:21:58.716508,Rocha,Pinto,50.07,DELAYED,MOTORCYCLE,5
cbeaf858-ca96-42e9-91c9-86bb5f04f10c,2026-05-01T03:09:48.610299,Pimenta das Flores,Lima de Minas,15.7,IN_TRANSIT,MOTORCYCLE,41
55daba8e-f7d1-404b-92bf-40171e4f34a0,2026-05-01T11:25:18.350399,Câmara,Araújo,23.84,IN_TRANSIT,TRUCK,25
892d46f3-6090-4c69-a428-7b8f96ce9d34,2026-05-01T00:47:23.896641,Brito,Dias de Goiás,30.37,DELAYED,MOTORCYCLE,108
47def8c7-c147-4f40-b35f-b9b23cccac03,2026-05-01T08:41:40.901108,Marques,Sá de Aragão,60.14,DELAYED,TRUCK,72
987d70c2-8f68-4bd8-9cee-d5fc45bde814,2026-05-01T00:35:50.971546,Cavalcante,Peixoto dos Dourados,8.15,DELAYED,TRUCK,107
2c6962b4-0717-486a-a979-285e3cdd6abe,2026-05-01T06:00:51.579727,da Paz,Costela,61.55,CANCELLED,AIRPLANE,110
7f4a762b-b3ec-4ec9-a5e2-031e4a12997b,2026-05-01T06:56:34.680987,Costela,Dias de Lopes,55.29,IN_TRANSIT,MOTORCYCLE,43
8628ba6a-c357-412b-b129-90e2e55c1be2,2026-05-01T05:13:56.169552,Moreira da Praia,Sales,11.7,CANCELLED,VAN,21
88212985-0bcd-4c1a-8fbc-31f8e366a9fb,2026-05-01T01:27:59.787905,Porto do Amparo,Novaes,94.57,DELAYED,AIRPLANE,120
123e7338-f607-42e8-b875-ce09344cb91e,2026-05-01T09:21:39.813390,Melo da Serra,Pinto da Praia,15.06,DELIVERED,TRUCK,56
82acf750-7546-4c16-bd51-2f6fbf765c1d,2026-05-01T02:35:13.382042,Pastor de Rios,Nunes de Nogueira,96.31,CANCELLED,AIRPLANE,117
0b37c403-8ead-40c9-a29b-6857d188423f,2026-05-01T10:16:42.530962,Macedo da Mata,Nascimento,42.94,CANCELLED,VAN,25
4c6fcac3-bb11-45ec-9bcd-546fe3d1a1df,2026-05-01T00:46:05.832732,Novaes,Siqueira,41.79,DELAYED,TRUCK,59
f4558659-cf7a-4fbf-b61b-3a6ace6249da,2026-05-01T04:10:59.320531,Sales,Marques do Galho,79.84,IN_TRANSIT,VAN,72
5e4c27b5-2da9-477e-852d-b70ed0b05d77,2026-05-01T02:11:42.451040,Mendes,Dias,69.67,IN_TRANSIT,VAN,44
a2e90e14-a459-445d-921d-602f3c514167,2026-05-01T01:39:56.289076,da Mata das Pedras,Cassiano,82.87,IN_TRANSIT,MOTORCYCLE,11
70560032-4e83-49e3-bbf3-6ca31915a206,2026-05-01T12:07:30.976003,Machado,Aragão,3.88,IN_TRANSIT,VAN,25
1ea6dbc8-46d7-4a4f-ac7d-7fee40156bf8,2026-05-01T10:07:32.392927,Brito,Mendonça do Galho,96.16,CANCELLED,VAN,73
24b9b2b1-5a98-4293-9688-5910a16f191d,2026-05-01T05:48:03.611464,Melo Verde,Barbosa,15.99,CANCELLED,TRUCK,89
ee366577-1858-43af-8c27-5998f9849b21,2026-05-01T12:22:55.463328,Peixoto do Norte,Mendes,15.25,DELAYED,MOTORCYCLE,107
3bd6c4f1-c5be-45da-942e-afca549160e1,2026-05-01T06:40:52.398359,Araújo de da Conceição,Freitas,24.74,DELAYED,MOTORCYCLE,67
faa57d71-0979-45f8-86db-6469cf4a468a,2026-05-01T08:11:44.592218,Oliveira da Praia,Souza,33.82,CANCELLED,VAN,76
1a08d089-0254-4919-9337-82a3b4cdf19f,2026-05-01T04:46:10.230657,Freitas,Freitas,82.17,CANCELLED,TRUCK,116
b8f92a3d-12d2-4e51-9346-9bfb6194fa1e,2026-05-01T11:00:51.639380,Dias do Oeste,Sampaio das Flores,65.33,IN_TRANSIT,TRUCK,55
523307bd-40a9-44be-ac7c-cd9693fff349,2026-05-01T04:44:02.119500,Pimenta de Goiás,Machado,93.84,DELIVERED,MOTORCYCLE,40
5ce7262c-ebe9-465e-b9a7-59f566b4b16c,2026-05-01T12:24:20.812991,Nascimento do Norte,Ribeiro Paulista,29.93,DELIVERED,MOTORCYCLE,116
0fc7c989-c4b3-45bb-ab6b-d7a9417c97de,2026-05-01T11:05:17.280418,Garcia,Marques da Mata,33.97,DELIVERED,MOTORCYCLE,109
