shipment_id,timestamp,origin,destination,weight_kg,delivery_status,vehicle_type,estimated_delay_minutes
0303b6d3-d722-476b-892c-5c5712b8e9ed,2026-05-01T12:02:18.542387,Brito dos Dourados,Sousa,91.69,IN_TRANSIT,AIRPLANE,1
e725731a-b84c-4dda-bf02-221249c8b2a8,2026-05-01T12:18:04.638485,Pires,Sales da Praia,27.55,DELIVERED,MOTORCYCLE,4
311b093b-72b2-4886-aa3d-e5869a92331c,2026-05-01T03:48:28.769409,da Mata de da Cruz,Alves,4.08,CANCELLED,TRUCK,14
9cdaba16-15e0-450f-934b-27f34ea0a444,2026-05-01T12:23:16.192091,Cavalcante,Abreu,10.89,IN_TRANSIT,MOTORCYCLE,120
7e60d71f-87e4-4ca1-bf7d-822bafa0c583,2026-05-01T04:25:06.846712,Jesus,Rezende de Cavalcante,70.96,IN_TRANSIT,AIRPLANE,67
d07c84a4-f4ad-48cc-9ca8-fcdb7a89ebde,2026-05-01T05:33:45.781206,Moreira de Goiás,da Rocha de Cunha,98.83,DELIVERED,TRUCK,34
22c4c2dd-ebc6-4278-b300-360e297c8869,2026-05-01T10:18:36.573955,Cunha,Dias do Galho,97.23,IN_TRANSIT,VAN,109
d298b6d5-e2bf-499b-8a76-f0bff3c01912,2026-05-01T03:58:42.066712,Vargas,Nascimento,71.81,DELAYED,AIRPLANE,119
1170b34d-5bc7-493c-9cdd-d133f341e622,2026-05-01T06:42:32.254511,da Rosa,Ferreira,4.99,IN_TRANSIT,AIRPLANE,64
f37a9aca-7374-4765-8db1-444acf402be5,2026-05-01T11:44:02.817880,Pimenta,Cunha,23.72,IN_TRANSIT,MOTORCYCLE,100
b9f81f3b-f556-4968-bbc8-9fc00ea7626f,2026-05-01T08:02:21.926412,Fogaça,Pacheco,36.72,DELIVERED,AIRPLANE,59
347402f0-726f-49f1-81d8-91ea8d56654d,2026-05-01T02:33:17.076888,Sampaio de Silveira,Gomes,60.96,DELIVERED,VAN,58
6f2fb1f3-ad4e-412c-8c7f-671a0bddad7e,2026-05-01T02:41:57.931937,Teixeira do Galho,Brito Verde,75.67,CANCELLED,MOTORCYCLE,25
8481baf3-1b32-4de8-8da8-a40819bda483,2026-05-01T05:06:29.153692,da Costa,Aragão,80.22,DELAYED,MOTORCYCLE,8
5abfdc7d-a3a7-41f4-8b8a-a866d77a2d29,2026-05-01T09:54:07.007300,Monteiro,Martins,3.37,IN_TRANSIT,VAN,14
9a5e748a-28ce-4f5b-8aa6-d66197d09eb1,2026-05-01T10:36:31.694386,Cunha,Castro,36.5,IN_TRANSIT,MOTORCYCLE,92
39a15dc7-825c-4f48-a1e3-13a3d31687c9,2026-05-01T09:34:57.816041,Pacheco,da Paz do Galho,71.11,CANCELLED,TRUCK,59
5f78b3d0-210d-4ee5-974f-4744da895eb4,2026-05-01T10:56:33.396369,Carvalho das Pedras,Siqueira,78.25,IN_TRANSIT,AIRPLANE,14
e38ee204-e99a-4129-8038-efa68761a1c6,2026-05-01T01:48:42.344046,Cavalcanti,Campos de Goiás,48.75,DELIVERED,AIRPLANE,11
d3bf8b16-776b-4316-9f5a-4400b2ee4664,2026-05-01T05:04:15.504369,Viana,Correia Verde,52.39,DELAYED,AIRPLANE,85
80843107-75a2-45bd-853b-ee470d772def,2026-05-01T08:56:46.106957,Cavalcanti do Galho,Moura,69.73,DELIVERED,VAN,47
b707afd2-abe5-46fa-a861-c53bbf319a2a,2026-05-01T12:22:20.722641,Martins dos Dourados,Jesus,27.75,IN_TRANSIT,AIRPLANE,118
be7df240-cbf3-4404-a49c-ea8c0f85b758,2026-05-01T02:18:13.193884,Lima,Costela de Caldeira,32.11,DELAYED,MOTORCYCLE,48
1b0ac521-fbb4-4065-8894-12a7e4db8e9f,2026-05-01T07:01:21.249909,Barbosa,Moura do Galho,95.02,CANCELLED,VAN,67
c6f3bf0e-4abb-408e-a3aa-eba83e8c2fc8,2026-05-01T05:03:56.518485,Ferreira Alegre,Pastor de Gonçalves,76.84,DELAYED,VAN,68
b53a0729-7b32-4081-bd2b-f75f9aaec9d0,2026-05-01T08:07:39.500298,Duarte,Ferreira,96.38,CANCELLED,AIRPLANE,47
d2fe1135-76ec-4a08-a702-cc655e7b2cf0,2026-05-01T02:56:52.751832,Abreu da Mata,Correia,26.82,IN_TRANSIT,TRUCK,6
e77801d8-7e26-445e-9855-8b78bb6fa300,2026-05-01T02:46:54.950017,Macedo,Borges,29.35,CANCELLED,AIRPLANE,106
51732c74-0388-4481-b697-b3b292ff02aa,2026-05-01T03:25:56.815635,Fonseca de Novais,Lopes,63.63,IN_TRANSIT,AIRPLANE,16
1cce0b4b-15e0-46f3-803d-5d27dce5ca0a,2026-05-01T02:38:59.649593,Vieira de Rodrigues,Fernandes do Norte,45.77,CANCELLED,MOTORCYCLE,74
e2ffbd57-e152-48bd-9f6c-ca16da867e01,2026-05-01T06:51:12.615858,Camargo,Costa Verde,84.92,DELIVERED,VAN,103
e5cefbcd-dbc8-45df-bd13-77423e836e05,2026-05-01T04:25:10.305903,da Costa Grande,Carvalho,84.73,DELIVERED,MOTORCYCLE,37
f0d1e06a-90f2-49b1-adb4-842065c89307,2026-05-01T11:38:07.264827,Farias,da Mota,72.83,DELAYED,TRUCK,43
9da335ea-c3aa-43af-81a0-b2df25abedc1,2026-05-01T06:45:07.852142,da Rosa,das Neves da Serra,94.1,IN_TRANSIT,TRUCK,22
f39e47f6-efe3-4189-a529-7c1fb78114f6,2026-05-01T06:26:54.074464,Jesus,Sousa do Galho,77.32,CANCELLED,MOTORCYCLE,86
e2fbb2e8-9768-42f5-8532-931eea29d569,2026-05-01T11:57:05.013051,Aparecida,da Costa,48.62,CANCELLED,TRUCK,46
c7205dfa-28cf-4f7c-8026-9d230c7d1c9c,2026-05-01T11:37:14.491862,da Costa,Gomes de Costela,55.86,IN_TRANSIT,MOTORCYCLE,89
741829e7-2af9-4da7-a378-f2740b40e4e7,2026-05-01T03:31:03.410709,Costela dos Dourados,Abreu,20.23,DELAYED,VAN,44
a7674705-444c-4f0a-b2b5-0cb4e37f0922,2026-05-01T04:27:51.920011,Aragão,Cirino,30.97,DELIVERED,TRUCK,35
0c877bb0-e684-4b02-8489-60368f9fd404,2026-05-01T05:55:28.344678,Alves dos Dourados,da Conceição Alegre,32.25,DELIVERED,MOTORCYCLE,6
31c59b36-d7bb-495d-94d9-d69d0778235d,2026-05-01T01:10:40.861234,Sales Grande,Santos do Norte,96.31,CANCELLED,VAN,120
b04fc718-a63d-4a61-9ff2-5b151bca4e4b,2026-05-01T10:55:12.859589,Mendonça,Novaes de Minas,9.91,IN_TRANSIT,MOTORCYCLE,88
e71ed042-c2c3-42c3-9545-47949b3af7b5,2026-05-01T07:43:13.290225,Rodrigues,Jesus de Novais,9.03,DELAYED,AIRPLANE,59
77c3038e-ad0a-48d5-afbd-1702f79d7241,2026-05-01T00:58:51.666083,Silveira,Moreira,71.43,DELAYED,AIRPLANE,58
c63f25b2-fd9f-4995-9fbb-dda86cd560c9,2026-05-01T03:02:56.917084,Macedo,Pimenta das Pedras,20.46,DELAYED,MOTORCYCLE,29
78df718c-2937-4509-a3ed-94ab3acd047d,2026-05-01T10:46:21.329139,Lima,Nogueira da Mata,38.41,IN_TRANSIT,AIRPLANE,52
2aea7c1c-b183-4fcb-a7bb-990e702456e0,2026-05-01T05:38:13.430380,Caldeira,Marques,89.19,DELAYED,TRUCK,60
42454281-2dca-4427-ab79-96b962b214fa,2026-05-01T02:18:54.735821,Guerra,Cavalcante,93.52,CANCELLED,MOTORCYCLE,31
b38a51fd-4fe1-44af-a162-40d8bd02e18a,2026-05-01T11:51:10.436041,Teixeira,Cirino de Minas,32.53,IN_TRANSIT,MOTORCYCLE,105
f379a7f2-5be4-4449-9804-bcd9d643b7d5,2026-05-01T11:01:50.974665,Abreu,Moura Verde,87.04,IN_TRANSIT,AIRPLANE,116
f9ae706f-f5ee-4e8a-a142-69dac47f9625,2026-05-01T00:22:59.660891,Alves,Peixoto de Goiás,43.97,DELAYED,MOTORCYCLE,60
beda3890-247b-4079-b1a6-5c80a0598b2f,2026-05-01T10:33:45.158169,Cavalcanti,Siqueira do Galho,29.97,IN_TRANSIT,MOTORCYCLE,21
ebfddce1-bb10-41c0-ba78-dee039da3719,2026-05-01T08:30:22.448464,Martins,Martins de Goiás,43.84,DELIVERED,VAN,50
9f9d16e0-d368-4d61-ab00-1aae3d86bed6,2026-05-01T00:12:28.582245,Fernandes dos Dourados,Vargas da Mata,74.76,DELAYED,AIRPLANE,69
3afcfc8e-b657-426a-baf7-1a0ff38d3e9e,2026-05-01T11:49:37.115036,Vasconcelos Verde,da Conceição,9.03,CANCELLED,MOTORCYCLE,74
9cc5e6e8-774b-48df-8b12-4d78554b6d46,2026-05-01T10:28:25.871234,da Cruz da Mata,Viana,30.53,DELAYED,AIRPLANE,51
3b19c3ce-1561-4144-ab07-50a17c626e55,2026-05-01T05:28:18.894906,Dias,Monteiro do Oeste,63.4,DELIVERED,MOTORCYCLE,73
4d3b32f9-dcc8-4e5f-a12b-a826365abf92,2026-05-01T10:37:39.469277,Rodrigues,Casa Grande,46.4,DELAYED,VAN,17
3381de43-277a-43d9-ba4b-35222247026e,2026-05-01T12:04:20.540413,Cavalcanti da Praia,Peixoto da Praia,52.43,DELIVERED,MOTORCYCLE,34
c51ac167-0974-4f58-8aa4-5d9b84886603,2026-05-01T08:45:00.996907,Silveira,Sá,61.72,DELIVERED,AIRPLANE,99
d1ea1089-1fb1-460a-8984-d19e8a2304f7,2026-05-01T02:21:33.572395,Duarte,Garcia,17.4,CANCELLED,VAN,95
152d9655-1343-4cd0-84f6-24942dd37265,2026-05-01T04:52:50.586078,Rios,Jesus de Goiás,65.85,DELAYED,MOTORCYCLE,50
b61790e2-6454-4ae1-a12f-fb88979c3dac,2026-05-01T11:50:07.981929,Sousa dos Dourados,Silva,48.1,IN_TRANSIT,VAN,15
20cc297d-7f61-4af6-976a-586235634a46,2026-05-01T10:45:24.201424,Santos de Caldeira,Casa Grande de Minas,36.88,DELIVERED,TRUCK,91
45ce4353-b82c-4f15-8398-dd71fa23db3b,2026-05-01T08:42:48.632388,Martins,Pinto da Serra,25.43,DELIVERED,AIRPLANE,4
4c5ca32e-7d0b-48bc-ace5-812e3ccbec9e,2026-05-01T00:10:27.029813,Farias de Aragão,Santos de Costa,64.89,IN_TRANSIT,VAN,92
feb9b699-7b18-4c2c-9a7f-56cf25d2e0f6,2026-05-01T04:10:35.801461,Correia,Montenegro do Norte,45.98,CANCELLED,MOTORCYCLE,100
dedba61c-6bab-44f0-b7ad-923a3bb5173d,2026-05-01T08:04:40.518165,Freitas,Costa Verde,35.04,CANCELLED,MOTORCYCLE,108
5e72aaad-0869-458a-a58a-33ba2e009490,2026-05-01T02:12:31.491103,da Conceição,Câmara de Rios,96.54,DELIVERED,TRUCK,55
6c6eb030-5544-4555-80b9-23c9a5211767,2026-05-01T08:38:05.602247,das Neves,Cassiano,6.31,IN_TRANSIT,AIRPLANE,36
bfef2bb3-2045-421a-806d-2bd270898c40,2026-05-01T11:02:49.588014,Oliveira da Serra,Siqueira da Mata,48.36,IN_TRANSIT,TRUCK,23
cc874a8e-6a81-4825-8f96-753c91d536ad,2026-05-01T05:08:46.245669,Carvalho das Flores,Lopes,35.73,DELIVERED,VAN,94
3bc54be5-7866-4aac-9045-1e7cce490623,2026-05-01T03:49:35.814322,Andrade,Ramos,92.27,DELIVERED,AIRPLANE,22
10c1cae3-6c49-4984-aabe-057d2456916f,2026-05-01T05:34:10.816304,Teixeira,Vieira,37.94,DELIVERED,VAN,96
a4c4424c-2d88-44a2-a636-dbe66b2542ea,2026-05-01T04:23:49.754171,Garcia Grande,Porto do Sul,56.16,DELAYED,TRUCK,51
275ad907-9081-451e-8ab3-99f373df6ccd,2026-05-01T04:51:36.038878,Monteiro de Goiás,Oliveira de Leão,37.12,IN_TRANSIT,MOTORCYCLE,11
8369fcb4-1fc4-4a3f-b900-a1f9d1449ea7,2026-05-01T10:08:34.971652,Aragão de Abreu,Andrade da Praia,37.54,CANCELLED,AIRPLANE,58
812ffe5f-6556-4bc3-b1d7-e7f7ed66e3b0,2026-05-01T02:38:46.031728,Nunes de Minas,Camargo Grande,88.02,DELIVERED,MOTORCYCLE,72
24260fe9-1c24-40ff-a88b-eb34251468d4,2026-05-01T05:40:24.120201,Souza da Mata,Almeida da Praia,3.21,DELIVERED,MOTORCYCLE,104
52e376dc-b322-41a2-9195-53916e69709d,2026-05-01T03:46:01.097147,Leão Alegre,Cardoso,32.82,CANCELLED,VAN,77
fa49bbc0-6947-4e46-9795-851d565785b1,2026-05-01T07:17:27.736405,Oliveira,Azevedo,18.63,CANCELLED,VAN,17
29a010e4-5318-48e1-886f-d23704770e31,2026-05-01T11:14:42.419694,Rocha,Marques da Serra,64.32,CANCELLED,AIRPLANE,22
e2352be8-91ad-4d5b-8902-e5a1ee4248f1,2026-05-01T07:52:30.202248,Moreira de Goiás,Barbosa,68.59,DELIVERED,VAN,5
85c72bd1-682e-48c1-b253-2d52a8f8242f,2026-05-01T03:33:45.889419,Brito,Fonseca,14.19,CANCELLED,TRUCK,106
6edb7953-7376-4db7-8efc-988726bd3b28,2026-05-01T10:37:43.943019,Aparecida,da Mata da Prata,29.94,IN_TRANSIT,TRUCK,89
43b363dc-5d80-498c-93bc-de82792c5b57,2026-05-01T01:02:26.937819,Garcia do Norte,das Neves de Goiás,38.18,CANCELLED,AIRPLANE,57
f75445ba-9d79-4510-b1f3-dc31942ac98f,2026-05-01T00:22:34.407257,Costa,Novais,46.78,IN_TRANSIT,MOTORCYCLE,103
49fa5f90-6b84-40eb-9a4e-24141a606643,2026-05-01T01:13:59.803596,Cavalcante,Nogueira Verde,27.92,CANCELLED,TRUCK,87
1d662bce-9296-4466-93e1-b8b322f41216,2026-05-01T01:25:44.896109,Lopes de Nogueira,Porto,46.82,IN_TRANSIT,MOTORCYCLE,37
256972e2-7973-4ffc-8d24-48eb1ce434a4,2026-05-01T01:42:44.306622,Caldeira Alegre,Aragão,71.87,IN_TRANSIT,TRUCK,109
0d49c689-171a-4d8e-bae4-db0b2771c774,2026-05-01T10:08:03.859221,Marques,Cassiano do Norte,32.25,CANCELLED,TRUCK,7
cbf11f2b-889e-49e4-b874-784609719480,2026-05-01T08:39:21.032367,Lopes,Moura do Campo,4.0,IN_TRANSIT,VAN,11
6dc85302-8ed1-4707-9ff5-ad9f91140a72,2026-05-01T02:11:12.176104,Monteiro da Mata,Rios,17.03,IN_TRANSIT,MOTORCYCLE,73
6c325fbc-2e29-4d40-8fa6-9761c647b007,2026-05-01T01:47:42.661068,Câmara,Moura,13.16,DELIVERED,VAN,7
1903a0a9-8006-4e3b-ba49-c2a2866e888c,2026-05-01T03:05:36.430495,Lopes do Campo,da Rocha,36.23,DELIVERED,TRUCK,67
5d989dd3-209b-4ff9-be94-037eb129c026,2026-05-01T10:55:14.781636,Oliveira Grande,Oliveira Grande,45.25,DELAYED,VAN,113
d1be6536-e0ba-414d-829e-ead68536c92a,2026-05-01T04:56:01.533500,Rezende,Barbosa Grande,4.04,DELIVERED,AIRPLANE,7
37c0d28b-b9b9-4c78-9610-eafc33f88436,2026-05-01T02:11:01.453255,Mendes da Serra,Gomes,61.1,IN_TRANSIT,AIRPLANE,69
2521628e-e893-4366-92ed-828f38a046d5,2026-05-01T00:53:46.341472,Garcia de Goiás,Camargo,8.96,IN_TRANSIT,AIRPLANE,1
ffb5c565-eb78-4dff-ad5c-499cee4225d6,2026-05-01T02:45:42.920074,da Paz,Correia,16.31,DELIVERED,AIRPLANE,49
0c1d6ec8-1b40-41e8-bcd1-f48871086f3d,2026-05-01T11:06:02.935373,Nascimento,da Cruz de Cavalcanti,66.87,IN_TRANSIT,MOTORCYCLE,57
dd4814f8-e50a-4154-8e72-cf76e506ac08,2026-05-01T00:45:18.752451,Santos,Carvalho,44.53,CANCELLED,VAN,61
a8449372-362b-4b2e-95be-ba7e08c3d676,2026-05-01T02:00:08.897812,Vieira da Praia,Pastor da Serra,27.79,CANCELLED,AIRPLANE,30
ecd4c782-fdff-45fc-873c-b3dd03a9342d,2026-05-01T03:49:36.145487,Lopes,Pereira,53.65,IN_TRANSIT,MOTORCYCLE,90
c30c8b9c-a0c3-4582-b3ca-bdd71defc48a,2026-05-01T12:02:27.193395,Araújo,Jesus de Aragão,76.57,DELIVERED,MOTORCYCLE,93
7702306b-eeeb-4789-94e9-9aff747cb717,2026-05-01T07:38:39.650653,Lopes,Cavalcante,55.46,CANCELLED,MOTORCYCLE,38
1b8b3c0d-1373-4cb1-ba26-f6611b048ca1,2026-05-01T05:09:44.917440,Lima,da Costa,69.95,DELAYED,TRUCK,92
ed81a773-7e5c-4469-baba-783e126a83e3,2026-05-01T07:35:38.196515,Mendonça Alegre,das Neves de Mendes,60.0,DELAYED,MOTORCYCLE,94
028b6792-bf46-425c-bae0-1ef2b96bbd2d,2026-05-01T04:27:28.060094,Sampaio,Monteiro,75.66,CANCELLED,VAN,74
4feafbcb-e2d3-42fa-beb0-6543cdc0db55,2026-05-01T06:44:22.531554,Abreu,Moraes do Campo,58.35,CANCELLED,TRUCK,66
0fbdc012-8156-4f71-8741-b7c2dd7e7864,2026-05-01T05:21:54.662157,Mendes da Prata,Nunes,16.21,CANCELLED,TRUCK,6
5e25e2fe-5c61-4dad-9ec1-6c882e90b362,2026-05-01T05:29:06.491857,Mendes de Minas,Rezende do Sul,13.19,DELAYED,TRUCK,30
b0cd0b88-dd89-419f-a9d1-e52b41492ad4,2026-05-01T07:45:20.767981,da Luz Verde,da Costa de Câmara,41.8,CANCELLED,MOTORCYCLE,92
cb726faa-18fa-4d90-a196-09d6427e671f,2026-05-01T03:23:19.662102,Lima da Praia,Castro,40.05,CANCELLED,MOTORCYCLE,44
27992a72-226c-4d88-b87a-534fec68ee27,2026-05-01T09:32:24.163996,Rodrigues da Prata,Leão,66.88,IN_TRANSIT,VAN,85
28d68024-0483-492d-910b-999cac9d940b,2026-05-01T02:32:43.031016,da Luz,Gomes do Amparo,8.21,DELAYED,AIRPLANE,66
d7784f99-85c9-467a-881b-e1dde9c07c85,2026-05-01T10:11:34.189717,Azevedo das Flores,Duarte,18.85,IN_TRANSIT,AIRPLANE,59
2b2a773b-3bf9-4c0a-a9a9-d225e173bc81,2026-05-01T00:03:03.215634,Caldeira,Aparecida,92.73,DELIVERED,VAN,116
38b950b7-2016-407f-9787-9b1b8f784ecc,2026-05-01T01:47:55.194538,Nunes,Marques,26.76,DELIVERED,TRUCK,98
4c2011e6-42b3-41b1-9033-7265d50829ae,2026-05-01T04:41:59.747935,Costela do Campo,Gonçalves,32.31,DELAYED,MOTORCYCLE,115
b11cb7a1-0107-4afe-a7d3-4161c22c8c4a,2026-05-01T02:01:54.914635,da Costa do Norte,Camargo de Barbosa,88.01,DELAYED,TRUCK,106
6ce59d10-a83c-4a76-b9d2-2ded16313e26,2026-05-01T00:24:38.300472,da Cunha,Novaes,38.76,CANCELLED,MOTORCYCLE,18
a3881673-af23-41c5-bff7-a1861bcd90cb,2026-05-01T10:38:50.697527,da Rocha,Moreira,6.4,CANCELLED,TRUCK,49
a56df4e7-aee0-4583-8526-a4a0d381a9fa,2026-05-01T11:53:55.119557,Rodrigues Grande,Lima,24.35,CANCELLED,MOTORCYCLE,5
994cd8cf-ada5-4a0d-8db1-12ddf8be5841,2026-05-01T11:32:33.316266,Sá de Goiás,Sousa,88.37,DELIVERED,TRUCK,73
bbbe72e8-3d6e-49c3-b33a-8e01d6d4ca6a,2026-05-01T08:54:22.601760,Câmara de Goiás,Caldeira,86.35,IN_TRANSIT,MOTORCYCLE,11
3984d5f7-2ac0-4475-a207-7c2e4c8bface,2026-05-01T03:06:55.788314,Sales do Oeste,Costa de Farias,32.09,IN_TRANSIT,VAN,90
9a8a93bf-51af-42e9-937b-7abff719af7d,2026-05-01T02:54:26.827400,Viana,Silva de Borges,60.9,CANCELLED,AIRPLANE,112
ff6c8b94-887e-47c5-bb17-250bc5ee6f8b,2026-05-01T10:20:58.725710,Dias de Souza,Oliveira Grande,28.05,DELAYED,MOTORCYCLE,119
1348bd9e-1324-4b83-93da-326206007e4d,2026-05-01T05:09:20.092356,da Rocha de Barbosa,Nunes,18.27,CANCELLED,MOTORCYCLE,44
54a5860e-9117-4be3-b827-71e8e359d87c,2026-05-01T07:52:27.695489,Casa Grande,Macedo,59.05,CANCELLED,TRUCK,73
8d53f732-8117-42e6-b030-3c69f565131b,2026-05-01T05:28:52.859770,Rios de Marques,Souza do Campo,20.64,DELIVERED,MOTORCYCLE,95
27f4adc0-67db-4d5a-b922-dbfbe2cc2db6,2026-05-01T00:39:22.930827,Costa,Santos da Serra,2.9,DELIVERED,AIRPLANE,94
22d4c024-1b42-4db7-a5f7-d4ca74b747c3,2026-05-01T08:01:50.240429,Mendonça de Freitas,Nunes do Norte,88.99,DELAYED,VAN,69
4f537c6c-9c1b-4853-a370-4340a41a6218,2026-05-01T07:30:33.043864,Casa Grande de Leão,Ramos de da Mata,51.24,DELIVERED,TRUCK,5
21e969dc-813e-4a2c-b5a1-74394dbfeefe,2026-05-01T11:05:20.150695,Lopes,Sousa do Oeste,63.2,CANCELLED,VAN,44
26aa3ac1-7a0e-412a-880a-6a7fb67fefe8,2026-05-01T10:35:45.388000,Borges,Melo de Rezende,56.54,DELIVERED,MOTORCYCLE,30
93127938-8025-455e-b9d0-6b7f698b901b,2026-05-01T08:06:13.650743,Silveira do Sul,Brito,48.77,IN_TRANSIT,AIRPLANE,103
7fa3f3ef-4db9-4ea3-8381-e87cf75fc1bd,2026-05-01T02:03:49.137660,Gomes das Flores,Rios de Minas,31.49,DELAYED,MOTORCYCLE,63
1c5188d7-caec-419c-be21-36d81e867bc2,2026-05-01T03:09:07.311013,Pacheco,Gonçalves,71.29,DELIVERED,VAN,36
e6ea4451-9089-42c0-bc3b-611ba8b57d3f,2026-05-01T05:09:13.198506,Martins da Mata,Garcia dos Dourados,36.59,IN_TRANSIT,AIRPLANE,113
b95c8ecd-257c-450d-a65f-35916d7f0928,2026-05-01T07:36:30.906459,Martins,Fogaça da Serra,26.21,CANCELLED,MOTORCYCLE,33
86bd0ba0-5336-41de-ab35-7f731517efdb,2026-05-01T00:13:25.289659,da Paz das Flores,Freitas do Sul,61.75,DELIVERED,AIRPLANE,69
79852f2d-8e87-4aed-ada4-a9eb854227a5,2026-05-01T04:22:57.620165,da Luz,Sampaio Verde,18.39,CANCELLED,MOTORCYCLE,11
214add58-9270-44c2-ac3b-c833981deda3,2026-05-01T10:20:47.880449,Siqueira,Barbosa de Porto,65.7,CANCELLED,MOTORCYCLE,3
7a3f73e3-6189-4f88-928a-faaf10084508,2026-05-01T02:37:49.774930,Sousa de Viana,Siqueira da Mata,78.08,IN_TRANSIT,VAN,42
9e94c363-034a-4fc1-9861-363feb0dbedc,2026-05-01T00:01:40.739488,Silva da Prata,Pinto de Macedo,0.53,DELIVERED,VAN,75
d32a635d-9ea2-4196-ad05-60a7f2a4cfd2,2026-05-01T08:17:37.530990,Porto da Serra,Moraes de Machado,27.88,CANCELLED,VAN,115
27e23772-62b9-4773-8a88-bb9704958dcc,2026-05-01T11:45:52.414837,Carvalho do Sul,Nunes,6.88,CANCELLED,VAN,21
fe245d71-5490-473e-b1a8-863e21c00844,2026-05-01T00:30:05.826730,Castro,da Costa dos Dourados,70.58,DELAYED,VAN,52
0c037a20-1110-46a1-95e4-c48a31f2729b,2026-05-01T00:36:37.130510,da Paz de Aparecida,Castro de Goiás,9.08,IN_TRANSIT,MOTORCYCLE,97
ce743431-4277-4443-9d53-c1734f51b894,2026-05-01T00:32:54.326206,Pacheco do Sul,Peixoto,13.89,DELAYED,TRUCK,111
d5a6b75a-36fd-450c-8405-690a429f34bd,2026-05-01T00:19:49.930658,Pires,Farias Paulista,31.56,DELAYED,VAN,90
87b7fa67-34e0-4e42-b467-8a0ac9f9d288,2026-05-01T08:07:47.223070,Pereira,Carvalho da Mata,50.66,DELAYED,MOTORCYCLE,111
ff4f6c67-3504-4777-8473-4fd182419364,2026-05-01T01:56:20.108160,Martins,Pires,97.63,DELAYED,TRUCK,5
560effb8-c5af-485e-9772-46ac6f0b7c10,2026-05-01T10:42:16.149231,Novaes,da Conceição,98.55,IN_TRANSIT,VAN,51
0f5f47d1-fddb-4d53-8ba1-ed50f469b399,2026-05-01T08:23:59.799690,da Paz,Câmara,12.5,CANCELLED,TRUCK,80
c8e55acf-5d1d-4f44-a721-30efd750dfff,2026-05-01T01:37:36.227051,Nogueira,Jesus do Oeste,57.58,IN_TRANSIT,TRUCK,81
6c00cd31-06b3-4a58-b079-861fb996c088,2026-05-01T07:46:16.443497,Viana,Castro,46.06,DELIVERED,AIRPLANE,26
e04e9506-1578-4b9f-9c08-19f2e3dcff54,2026-05-01T03:04:24.914793,Pacheco,Porto Alegre,11.64,DELAYED,VAN,65
329775f9-6f31-4989-beea-8d573b0cda2d,2026-05-01T12:18:42.288578,Cassiano,Cassiano,66.59,DELIVERED,TRUCK,16
9131511e-a5cf-4ba5-87f8-12c8fde5bc50,2026-05-01T08:41:39.651594,da Mota do Galho,Duarte da Praia,3.55,CANCELLED,MOTORCYCLE,40
91ed63ab-81da-4ecd-8018-910703298d9d,2026-05-01T00:59:12.661343,Novais do Norte,Rios,25.01,DELAYED,MOTORCYCLE,31
5ce1013f-77a3-4b5b-8354-34ba683fce6a,2026-05-01T07:42:37.355422,Rodrigues,Pinto,42.91,IN_TRANSIT,VAN,42
e8b48c0f-ed37-4a1f-8e9b-50d85389122c,2026-05-01T06:44:21.019064,Gonçalves,Sampaio de Correia,16.17,CANCELLED,AIRPLANE,55
5919fab3-fe8b-4b9c-a2e7-9304b1c05cdc,2026-05-01T09:38:12.975554,Teixeira,da Mata Paulista,65.0,CANCELLED,AIRPLANE,77
675a720f-09a9-47e5-93ee-69e32f1cb939,2026-05-01T01:17:56.640857,Sá,Azevedo Paulista,19.4,DELAYED,VAN,26
3f06bf81-019d-4fdc-a50a-cb3b89a29d11,2026-05-01T04:06:18.746757,Sousa,Moraes,74.92,DELIVERED,AIRPLANE,99
dd6cdca1-c479-4258-9599-f3de3371db17,2026-05-01T09:54:59.249152,Cardoso da Serra,Pimenta de Rezende,12.22,CANCELLED,TRUCK,113
d45f010f-88a8-4e06-9a74-6a8941807554,2026-05-01T01:01:42.653179,Ramos,Rodrigues das Pedras,7.98,DELIVERED,AIRPLANE,8
97c106b7-36e8-48e0-a662-83a6488ac400,2026-05-01T07:53:35.425740,Castro das Pedras,Nogueira da Praia,27.55,CANCELLED,AIRPLANE,82
f1b8a806-5c5d-47c0-9afa-58f2b5f792ab,2026-05-01T12:22:43.836704,Barbosa de Monteiro,da Mata da Praia,3.69,DELIVERED,MOTORCYCLE,66
e7487ec3-f4e9-46bf-84f6-feebed429393,2026-05-01T05:16:01.652518,da Rosa de Aparecida,das Neves,0.15,DELIVERED,TRUCK,14
dbcd627a-343d-4317-b3c7-f741f619d84b,2026-05-01T03:46:14.358112,Martins,Costa das Flores,34.75,CANCELLED,TRUCK,99
b51c42c9-a9e1-4b64-86df-d874c6a2c975,2026-05-01T03:51:49.570435,Monteiro,Pastor,79.79,DELAYED,MOTORCYCLE,7
2a023e73-648f-4897-a3a3-ce647ee8e6bb,2026-05-01T06:40:57.934951,Sampaio de Goiás,Aparecida das Pedras,29.12,IN_TRANSIT,TRUCK,116
be8a83f9-b787-47d9-bf32-0048082466aa,2026-05-01T02:52:01.983908,Pacheco,da Rocha Grande,78.68,DELIVERED,AIRPLANE,88
82962850-a05e-4889-90cd-03b11fe7fe7d,2026-05-01T07:14:29.108470,Vargas da Prata,da Rosa,93.74,CANCELLED,VAN,83
205dfc49-fa41-428b-a9ff-f147607d6912,2026-05-01T11:17:15.319968,da Cunha,Leão,99.18,DELAYED,AIRPLANE,82
31bc5f71-6de7-4c29-b650-d06aaa5739b8,2026-05-01T07:33:01.768193,Abreu de Aparecida,Silveira da Serra,82.03,DELIVERED,MOTORCYCLE,76
502c544f-0be9-4e9a-9db8-c12ad44eccfb,2026-05-01T00:02:41.828976,Rocha das Flores,Ribeiro,52.55,DELIVERED,TRUCK,65
9d55561e-bc6d-4152-9330-e13d166e1265,2026-05-01T11:34:01.590186,Moreira,Camargo Paulista,67.51,CANCELLED,VAN,46
66e4f299-eb1f-47c6-ac96-b683e1a96ba3,2026-05-01T09:28:08.944656,Vasconcelos Verde,Silveira de Ferreira,28.39,DELIVERED,AIRPLANE,37
0051ee95-2a53-4bd6-85a9-16f82695ee4d,2026-05-01T04:53:19.219426,Câmara da Mata,Pinto das Pedras,52.75,IN_TRANSIT,VAN,100
bc7852d5-1b04-40c7-80c8-d5136bab4982,2026-05-01T05:10:37.521612,Martins,Pacheco dos Dourados,1.22,DELIVERED,AIRPLANE,76
c5ca44cd-58b8-4271-a5bb-5446f6d180d3,2026-05-01T09:33:37.787322,das Neves,Rodrigues,57.92,CANCELLED,MOTORCYCLE,64
099a1448-621e-4e7a-a1a0-27cbf9c8ee2a,2026-05-01T10:10:52.971606,Peixoto,Siqueira da Serra,90.77,DELAYED,AIRPLANE,61
1a740ac7-ecd9-402e-aac1-8f06f0b39737,2026-05-01T02:58:49.663091,Almeida,Câmara,8.6,DELIVERED,VAN,93
c4218fde-3662-4d3d-ae57-105a737a47ab,2026-05-01T00:22:43.618886,Sales de Albuquerque,Fogaça,8.69,CANCELLED,AIRPLANE,58
073da862-1a8f-42d7-a40c-b98d4c22ba74,2026-05-01T08:35:54.773571,Viana,Sales,88.4,IN_TRANSIT,MOTORCYCLE,16
443c7dba-a97e-4dfa-8e2b-c75f77e81721,2026-05-01T11:17:04.096594,Nunes Grande,Leão do Norte,60.12,IN_TRANSIT,TRUCK,57
7ce0eddf-7bab-4361-9a21-0de51ec16d91,2026-05-01T10:20:11.306682,Vieira do Campo,Farias Paulista,23.28,DELIVERED,MOTORCYCLE,104
314afac3-462b-4c00-80e7-575e8359b4d4,2026-05-01T10:20:53.686909,Pimenta Alegre,da Conceição Alegre,37.42,CANCELLED,TRUCK,99
71821bd4-fcce-419d-89df-eb43fb39821a,2026-05-01T10:28:17.526004,da Cunha,Sá,77.56,DELAYED,AIRPLANE,51
ca7eaecf-05cb-4d7c-ba76-77c4286729a4,2026-05-01T08:38:29.302356,Mendonça,da Mota,85.34,DELIVERED,AIRPLANE,69
81a6cbee-dada-42d8-99ef-f2865b67ba77,2026-05-01T00:29:17.588470,Azevedo,Guerra,85.89,DELIVERED,MOTORCYCLE,20
2a92c494-a93a-46dd-8d00-d74db1194f02,2026-05-01T02:25:13.332704,Sousa,Azevedo de Brito,49.63,IN_TRANSIT,MOTORCYCLE,39
8a6100fd-b969-4add-b6d7-c462cc67fe59,2026-05-01T08:15:29.421733,Fernandes,Albuquerque da Prata,73.14,DELAYED,VAN,8
a5f532c5-01d7-4722-87b3-8e7613d473da,2026-05-01T03:29:09.517926,Andrade,Ramos Grande,77.08,IN_TRANSIT,AIRPLANE,39
c88c7490-1785-4bef-a55c-6eec6c390870,2026-05-01T05:46:47.349461,Teixeira,Casa Grande,92.86,CANCELLED,VAN,37
33ee0600-e9f8-416d-8229-679af2489a71,2026-05-01T09:36:19.652495,Siqueira do Galho,Montenegro de Moraes,67.5,CANCELLED,VAN,34
4eb3580c-a773-45eb-8ef7-269925ff7126,2026-05-01T11:38:19.238604,Pimenta,Freitas,29.83,IN_TRANSIT,AIRPLANE,6
782f3ee7-91bf-4d5e-8df5-f5311503681f,2026-05-01T04:16:45.868121,Caldeira,Costa de Goiás,68.8,CANCELLED,VAN,89
ecde847f-0e3c-46be-989b-475a210254d0,2026-05-01T06:33:07.482484,Barros das Pedras,Guerra Verde,67.04,CANCELLED,AIRPLANE,1
c65933d0-0599-4c9b-a227-d4ef9609df1b,2026-05-01T12:03:55.137295,Gomes,Barbosa dos Dourados,78.41,IN_TRANSIT,MOTORCYCLE,106
ed4254c6-db6f-49b9-a83a-e1084ec4c2a7,2026-05-01T02:54:38.468347,Pinto,Castro,56.29,IN_TRANSIT,MOTORCYCLE,115
6f5488c4-7440-40ed-85b9-1bd4b7211ce4,2026-05-01T11:11:06.423024,Macedo,Macedo,57.62,DELIVERED,TRUCK,48
daec89a7-0357-453c-88a5-fab9bc2e2664,2026-05-01T04:06:32.626771,Vargas,Casa Grande do Amparo,64.46,DELAYED,AIRPLANE,35
0b1715b7-8d20-4b39-b0ee-209dfe01e6fc,2026-05-01T06:29:39.121000,da Mata,Peixoto,37.61,IN_TRANSIT,AIRPLANE,46
093ea69f-d203-46d0-bed6-ce4e78631b2e,2026-05-01T04:55:40.127811,Fogaça,Pastor de Guerra,55.67,DELAYED,TRUCK,87
ab200e27-8203-41bd-9c62-dcfb89fcddaa,2026-05-01T08:20:34.951958,Duarte da Serra,Castro,3.61,IN_TRANSIT,AIRPLANE,44
ddd1cb1b-cf02-4882-ba3b-feed8d58c1d2,2026-05-01T03:43:46.332308,Cunha,Barros de Brito,60.21,IN_TRANSIT,TRUCK,87
a17b5f06-7e0c-4320-902d-9f410360b545,2026-05-01T09:09:18.673299,Rocha,Sá de da Paz,69.4,DELIVERED,AIRPLANE,8
0f570fff-e293-4658-8e90-b8fa37bf4ede,2026-05-01T08:47:15.682564,Nunes de Leão,Vasconcelos,66.92,CANCELLED,MOTORCYCLE,55
fd481206-168f-422b-a204-02fdea28aac5,2026-05-01T08:05:39.125134,Rios da Mata,Peixoto de Siqueira,11.46,DELIVERED,AIRPLANE,12
3782e033-ae8b-4cc8-ba06-44fb3cdbef87,2026-05-01T03:23:15.915488,Moreira do Campo,Moura,30.49,CANCELLED,VAN,46
9532c088-33e1-45bb-9be4-33bc3721f33f,2026-05-01T01:53:25.742464,da Rocha,Leão da Prata,73.39,IN_TRANSIT,VAN,27
4dba8468-6b09-49cc-827a-a062dbfa0304,2026-05-01T08:55:18.395967,Moura do Norte,Pimenta do Campo,20.52,DELAYED,AIRPLANE,91
3d903d7c-f9b1-4f2b-ab3b-b6c5ed928266,2026-05-01T07:34:11.047554,Fonseca,da Rosa de das Neves,27.01,DELIVERED,AIRPLANE,91
d407134d-2b64-40b4-8cc0-59f634b74dfb,2026-05-01T02:53:36.823533,Correia,Cirino de Goiás,69.2,DELAYED,TRUCK,110
6d624445-e797-4246-b3ac-cde6d1cc287b,2026-05-01T10:08:25.344883,Farias de Gomes,Siqueira,13.42,DELIVERED,TRUCK,46
f2dea62a-0f55-4ad7-8e47-6bb5cd912fd3,2026-05-01T02:12:50.855577,Jesus dos Dourados,Cunha,72.86,CANCELLED,TRUCK,78
8e3e9d5b-429b-4e64-8189-9feab0c2d0dc,2026-05-01T01:02:12.945674,Rocha,Fogaça do Galho,60.54,CANCELLED,TRUCK,99
bff4f7c4-d859-4a57-852a-5ff52d5cbf5e,2026-05-01T03:43:14.690799,da Mota,Cavalcante de Câmara,44.22,DELAYED,AIRPLANE,111
52934e5a-a642-43fd-838a-8e150ec2e72c,2026-05-01T07:08:43.013708,Silveira,Lima,17.32,IN_TRANSIT,AIRPLANE,5
047e80d0-72b4-4180-9757-94eae8525d48,2026-05-01T02:42:08.672082,Pacheco,Cirino do Sul,76.38,IN_TRANSIT,TRUCK,48
2d71ce9c-34fd-4346-aa18-635c8c67ed53,2026-05-01T12:14:20.428681,Cassiano da Serra,Alves de Viana,81.85,IN_TRANSIT,MOTORCYCLE,31
41d529e0-3ba6-4bb1-8297-455f3111808f,2026-05-01T02:02:31.704463,Borges,Camargo Alegre,36.19,CANCELLED,TRUCK,30
b17cbe12-d15d-4fc1-b93a-849b7d5d2c59,2026-05-01T12:14:58.621308,Rios,Moraes dos Dourados,35.84,DELIVERED,TRUCK,5
3cd3f5fd-46a7-4a44-8bae-c36b2b861088,2026-05-01T10:21:27.030262,Ramos da Mata,Costela das Pedras,37.19,CANCELLED,MOTORCYCLE,111
41fd4fbc-c9ba-4fff-9b26-386d563135af,2026-05-01T03:00:07.599177,Ramos de Goiás,Pimenta Alegre,0.31,DELIVERED,TRUCK,54
4a11809b-024f-43c2-8420-46aaa48cfae6,2026-05-01T10:18:48.393544,Vieira,Garcia Alegre,28.58,DELIVERED,TRUCK,60
e539a29a-678b-47e1-b31d-101e234614fe,2026-05-01T09:42:33.559752,Pires,Brito,16.83,DELAYED,TRUCK,23
03c10004-fb4c-4823-9fd5-1f4a93469d70,2026-05-01T04:37:32.104775,Guerra da Praia,Fogaça,16.4,DELAYED,TRUCK,93
38d4e16b-3cce-4db5-867a-f91916588b72,2026-05-01T05:50:26.338575,Costa,Pastor,29.88,IN_TRANSIT,MOTORCYCLE,30
da248a9c-b84b-4885-97a3-681bcf447535,2026-05-01T09:52:42.751252,Moura,Lopes Verde,76.28,IN_TRANSIT,VAN,32
d2028e25-8c55-4a96-9b0c-1aaab6cf1152,2026-05-01T08:45:55.325765,Pires,Dias da Praia,56.8,DELAYED,TRUCK,24
a4322413-7e33-4f36-acfb-7288d365bb42,2026-05-01T04:16:58.525246,Viana,Nunes,59.78,IN_TRANSIT,VAN,37
d47229a4-72c5-4a28-be36-2d13cc9698de,2026-05-01T00:20:02.957162,Barros,Albuquerque,92.13,DELIVERED,MOTORCYCLE,92
ba128d54-84ea-4657-885d-c6c9cb68484b,2026-05-01T00:31:35.737126,Fogaça de Minas,Guerra Paulista,49.69,DELAYED,AIRPLANE,22
540f1812-4aa3-4a4e-a9d2-e444c05e0991,2026-05-01T09:45:22.561071,Peixoto de Sá,Rodrigues,68.09,DELAYED,VAN,92
37856d91-14cd-4c9c-bf37-167de536f521,2026-05-01T07:13:25.977298,da Conceição,Cavalcanti,16.16,CANCELLED,TRUCK,111
b8e93d85-80ff-4d47-8b16-1d33cebf2363,2026-05-01T01:07:29.248452,Montenegro,Mendes do Norte,68.29,DELAYED,AIRPLANE,61
f5138a04-15b6-43fe-b5a2-8ffc6a0aaaf8,2026-05-01T07:46:30.110986,Almeida,Lima das Flores,63.36,IN_TRANSIT,VAN,22
1ec4a9e1-56a5-4479-90f9-bffb7dcefe28,2026-05-01T11:53:00.967322,da Luz das Flores,Gomes,41.22,CANCELLED,AIRPLANE,55
961e0a25-195d-4988-afcb-6166fe6415b9,2026-05-01T02:23:08.971534,Câmara,Lima das Pedras,84.67,DELAYED,TRUCK,50
696a1a15-aa82-416b-a915-1a71c8bd77bc,2026-05-01T02:10:26.788153,Vasconcelos,Vieira de Novaes,54.01,IN_TRANSIT,VAN,79
baf1993f-237a-4b7b-8743-334c8eca40b2,2026-05-01T02:55:49.812757,Fernandes do Galho,Barros,93.8,CANCELLED,MOTORCYCLE,84
c9c075cf-ab48-45f6-857d-414481722a52,2026-05-01T00:46:21.628007,Castro de Rios,Novais do Oeste,27.2,CANCELLED,MOTORCYCLE,12
985eb042-ef44-42c8-b205-d9d97234431d,2026-05-01T06:45:05.971114,Abreu das Flores,Gonçalves das Flores,20.64,IN_TRANSIT,MOTORCYCLE,30
2c9829e2-4fd3-4076-915d-bedeb3f7977b,2026-05-01T07:12:53.096111,Lima da Serra,Silva de Pimenta,44.37,IN_TRANSIT,VAN,13
9ed296ac-0a2b-423e-b975-0136d068fedd,2026-05-01T01:43:14.332916,Caldeira,Marques de Correia,79.32,CANCELLED,MOTORCYCLE,81
c874ea43-73c9-4973-b5ff-dc6f87139430,2026-05-01T00:35:32.534523,Abreu de Sampaio,Cavalcanti das Flores,15.83,CANCELLED,TRUCK,34
a3d3c44b-1369-46a8-92c9-7cc3e2993612,2026-05-01T03:50:19.394459,Ferreira,Rocha de Brito,52.24,IN_TRANSIT,TRUCK,57
15c51a03-ce27-41a9-94e1-741d6478eb8b,2026-05-01T07:11:24.520318,Peixoto de Carvalho,Cassiano de Goiás,78.66,CANCELLED,VAN,114
4bf0e63b-32f8-476a-8e2c-e50bac67e0f8,2026-05-01T01:30:31.076916,Azevedo,Correia,94.67,CANCELLED,AIRPLANE,1
cfcefbc3-87e4-469d-8d51-27574de2d93c,2026-05-01T03:20:26.969876,Monteiro,Moreira,69.83,DELAYED,VAN,83
f6d2ff4c-868a-484a-85e3-80758b3c197e,2026-05-01T07:19:06.811227,Pimenta,Araújo,43.1,CANCELLED,TRUCK,91
04507285-2d05-4976-8984-7ae46d9ac051,2026-05-01T12:23:43.957309,Fernandes,Rocha,72.72,DELIVERED,VAN,47
1a0290f7-5bb2-4cc8-8cc0-bf88ac2a6beb,2026-05-01T08:56:35.662462,Garcia,Dias da Praia,80.58,DELAYED,MOTORCYCLE,63
c6454f26-6211-43f9-b7cf-4f7a28a99b82,2026-05-01T03:21:40.024978,Viana,Pereira,11.62,CANCELLED,MOTORCYCLE,51
f058acc5-4aa4-44ad-a75b-1f661cc8eea8,2026-05-01T03:23:24.236614,Câmara,da Conceição,77.33,IN_TRANSIT,MOTORCYCLE,0
21de9a8c-640c-40f6-888c-bc0f343d151d,2026-05-01T05:01:59.455267,Fernandes Alegre,da Paz de Peixoto,96.49,IN_TRANSIT,MOTORCYCLE,55
efe1c9c9-9010-425b-b9ae-0ad75bdf8b5f,2026-05-01T06:34:51.133725,Martins do Amparo,Pinto de Almeida,22.05,CANCELLED,VAN,95
9338b160-f374-42f1-b376-8ffbd2056fb1,2026-05-01T06:21:45.285303,Silveira,Pinto,25.16,CANCELLED,VAN,76
98052a3f-a199-49dc-93af-f919fe5bc00b,2026-05-01T05:56:19.104467,Costela Grande,Pastor,97.12,IN_TRANSIT,AIRPLANE,20
3ab32922-d9e1-4da4-8ec9-889cc20fe018,2026-05-01T00:02:59.156400,Aparecida de Albuquerque,Correia da Serra,43.51,DELIVERED,AIRPLANE,93
b3bd11ce-8924-43c6-a4ff-abb6cd76c148,2026-05-01T03:51:14.751559,Rocha do Norte,Novaes do Oeste,38.0,CANCELLED,AIRPLANE,86
c9a83faf-7e7f-44ed-9d08-b603be9f28d2,2026-05-01T05:19:10.999461,Almeida,Silva,16.15,IN_TRANSIT,VAN,38
d4a186f2-0996-4846-935f-a700950b80cd,2026-05-01T03:29:14.628265,Borges do Amparo,Montenegro,47.88,DELAYED,TRUCK,13
ad2f5d73-befc-4e89-bda2-20132781937e,2026-05-01T08:56:09.117131,da Mota de da Rocha,Campos dos Dourados,58.74,DELAYED,TRUCK,96
06cc417d-9a57-40ff-8b3f-2147ae943616,2026-05-01T03:52:20.549276,Vargas das Pedras,Albuquerque Paulista,94.09,DELAYED,VAN,110
140e6bea-b0a3-4cfe-865d-c42db028a957,2026-05-01T06:47:38.086508,Machado da Mata,Pastor de Minas,68.34,DELAYED,TRUCK,36
2f18ae8d-0eb6-4815-a305-c63b1f0e02b0,2026-05-01T09:14:00.952829,Novais,Dias de Guerra,30.4,CANCELLED,VAN,50
e12c56be-fd3b-4f6f-a25f-6abe29a23f9a,2026-05-01T11:53:47.789787,Correia do Oeste,Lopes de Machado,21.96,DELAYED,AIRPLANE,105
e7ced490-8997-4282-9f8a-e3f727aaefa4,2026-05-01T07:37:03.670310,Caldeira de Abreu,Marques,95.58,DELAYED,MOTORCYCLE,55
ea4e1359-0944-4d14-8b34-3ce6780a0b6d,2026-05-01T03:37:31.767817,Silveira,Lima de Andrade,4.44,CANCELLED,MOTORCYCLE,14
9b3c5c37-c1d2-4ae7-ba80-5afab07597ca,2026-05-01T12:23:39.476791,Freitas,Costela,92.92,DELIVERED,AIRPLANE,9
06a8630f-39c3-4af9-a07e-742de8a7bb0d,2026-05-01T00:46:04.931695,Moraes de Guerra,Siqueira de Vieira,27.28,IN_TRANSIT,TRUCK,26
f23838b2-f181-4307-8611-8a53c1f68c9f,2026-05-01T05:52:41.359692,da Rosa da Mata,da Rocha,73.0,CANCELLED,VAN,47
ca2f33bc-ff75-4e5d-9708-eefae503a2f3,2026-05-01T08:59:15.045059,Alves,Sá,29.3,DELIVERED,TRUCK,89
02c12da5-b3bb-4251-9fdb-8ea31c28b3d5,2026-05-01T03:45:30.380749,Pacheco Alegre,da Cruz da Serra,4.8,DELIVERED,VAN,11
7863f8ed-ee45-4eb9-8cfd-bd273dc676e3,2026-05-01T07:10:15.905890,Andrade das Pedras,Albuquerque do Amparo,58.35,DELIVERED,AIRPLANE,67
081f9485-1f42-4c6d-a245-82f672909d34,2026-05-01T09:18:29.963584,Machado de Goiás,da Luz,18.83,DELIVERED,AIRPLANE,81
683172f9-a7c1-4501-bf60-b28d0fca0fba,2026-05-01T00:30:13.967066,Viana,Nunes,7.09,DELAYED,AIRPLANE,79
5ac722d5-e2c5-4a9b-997a-6680131c3820,2026-05-01T01:31:23.733325,Moura do Norte,Silva do Sul,6.68,CANCELLED,MOTORCYCLE,74
5bb20c96-4032-420a-be8f-d01ed1266f98,2026-05-01T04:38:30.201091,Almeida de Minas,Sousa de Goiás,51.63,DELAYED,MOTORCYCLE,92
d5d6770a-9c82-477f-96a7-c8e3f5e2e8bd,2026-05-01T10:28:50.167203,Novaes,Peixoto das Pedras,23.54,CANCELLED,TRUCK,41
90138aaa-4b48-49d6-8556-4b1cee6af527,2026-05-01T06:55:03.855167,Cunha do Galho,Camargo,85.34,IN_TRANSIT,TRUCK,9
42b4d167-4b59-41d6-94da-6920c99a0ef4,2026-05-01T03:06:31.029346,Viana Paulista,Almeida,80.34,DELIVERED,TRUCK,46
78fb92bf-2cc2-46c4-9868-24a815985a23,2026-05-01T02:43:57.361152,Novais,Moraes do Galho,6.95,IN_TRANSIT,MOTORCYCLE,114
176fa38a-9573-4553-b99c-e49ba90e0b15,2026-05-01T02:14:35.514956,Cassiano dos Dourados,da Paz,29.99,CANCELLED,MOTORCYCLE,74
51d4527e-02fc-4b3e-aa65-31ed5ff5d6fd,2026-05-01T10:22:00.997120,Caldeira,Barbosa do Galho,38.72,CANCELLED,MOTORCYCLE,95
93add81d-c63a-4365-873f-14753dd3ed47,2026-05-01T06:20:21.704713,Albuquerque de Duarte,Almeida,70.93,DELAYED,AIRPLANE,80
f992dc7c-561a-4aa3-8566-951a53512b52,2026-05-01T08:36:47.291589,Mendonça do Sul,Ramos do Sul,21.8,IN_TRANSIT,AIRPLANE,21
91ecd0c5-f90b-40ed-bf85-80f8cdb424e9,2026-05-01T06:55:58.265437,da Cruz,Monteiro,4.51,IN_TRANSIT,VAN,19
fdcd5480-4165-404b-8fe8-7759595980f7,2026-05-01T08:00:39.082539,Peixoto de das Neves,Duarte,6.67,CANCELLED,TRUCK,88
34bd2eda-0309-4a8f-a1fa-bb577394e03c,2026-05-01T07:07:50.769246,Monteiro Grande,da Rosa,42.03,DELAYED,VAN,39
c3f85041-6bf3-4c3e-83c1-d796568f8de0,2026-05-01T04:24:43.339280,da Rocha,Cirino,15.12,DELIVERED,AIRPLANE,104
66d7a445-c83f-4113-b365-e38365f24300,2026-05-01T00:11:25.733967,Almeida,Monteiro,6.55,IN_TRANSIT,TRUCK,58
c0e7819e-531d-421b-bbca-59ba0cc8079a,2026-05-01T00:51:54.781672,Camargo da Prata,Nogueira,36.76,CANCELLED,AIRPLANE,71
577e98e7-4b3d-44fb-9373-c1e1b6e5739f,2026-05-01T01:16:08.553266,Correia,Camargo,82.6,DELAYED,VAN,78
e3d10eba-d94c-47eb-92bf-cdc1a26931f3,2026-05-01T09:13:48.006237,Pastor,Silveira,89.2,IN_TRANSIT,TRUCK,47
f31f73d2-6068-4611-9e71-a4afadb7a196,2026-05-01T08:10:39.314820,Barros,Silveira,81.96,DELIVERED,MOTORCYCLE,47
f2e80386-eea5-44fc-b166-bae506d456cc,2026-05-01T11:14:24.524334,Vasconcelos Verde,Mendonça Grande,3.83,DELIVERED,TRUCK,111
eeb80582-5509-47b7-a35a-0a83027681d4,2026-05-01T11:03:44.667130,Abreu,Leão,80.04,IN_TRANSIT,MOTORCYCLE,2
870117bb-50a1-49dc-8dce-cce7d1d5e366,2026-05-01T09:31:00.062088,Costa de Cassiano,Campos,2.65,DELIVERED,MOTORCYCLE,118
dd1252e9-7643-4c8d-a277-02e8c00fe671,2026-05-01T01:47:37.100366,Pastor,Fogaça,39.33,IN_TRANSIT,VAN,67
ee71ad81-a3d7-4a80-83f9-4caafada38c9,2026-05-01T05:23:02.933336,da Costa de Sales,Souza,43.63,CANCELLED,VAN,59
bd58d081-3a7e-469e-b123-e58b96bf6c4f,2026-05-01T06:44:41.054858,Garcia,Melo,33.19,CANCELLED,VAN,80
a4773a14-3d8e-489a-8045-cd38e01672b2,2026-05-01T11:30:29.167825,Carvalho de Mendes,Castro de Sousa,85.53,CANCELLED,TRUCK,12
d198ebc2-691d-4996-bcaa-02aa330b0cbc,2026-05-01T06:25:15.412915,Porto,Martins Alegre,71.17,DELIVERED,TRUCK,59
fe1a08ed-f73d-453e-829b-95f8e4f01b40,2026-05-01T04:44:07.075869,Fonseca,Fernandes de Ferreira,53.72,DELAYED,AIRPLANE,58
7b4b165a-ba8f-4e47-b5a2-bb04c3bd19d6,2026-05-01T05:15:09.741504,Pacheco das Flores,da Costa do Norte,56.01,IN_TRANSIT,MOTORCYCLE,58
c6076188-1475-40cf-99c4-c2795c6502f0,2026-05-01T04:25:08.200377,Rocha,Lima Alegre,11.88,IN_TRANSIT,MOTORCYCLE,8
d9fdf4c5-9014-4043-a47c-4faef6a0fd21,2026-05-01T12:00:06.849998,Rocha de Correia,Carvalho da Prata,36.43,DELAYED,TRUCK,113
d57af9e4-a51e-4a4c-a833-7837ca27d350,2026-05-01T09:33:59.232811,Farias,da Rocha,16.73,IN_TRANSIT,AIRPLANE,46
e4aef36f-5da5-4720-8e2e-07ca604d4037,2026-05-01T06:28:14.115512,Ribeiro,Macedo,31.03,IN_TRANSIT,AIRPLANE,14
ef8d7db2-a190-4a77-ad87-49d08be66eee,2026-05-01T12:17:50.236338,das Neves de Moura,Pacheco,18.75,DELAYED,AIRPLANE,4
4c1d69b2-118c-4ef3-917b-6d06d4c26a3c,2026-05-01T06:44:00.712315,Sá,Pires,67.17,IN_TRANSIT,AIRPLANE,64
11392652-dce2-404d-849b-4ad74d43d313,2026-05-01T01:43:32.583734,Mendonça de Goiás,da Paz,91.62,DELIVERED,TRUCK,117
b0b92ba5-5ecb-479c-8c20-9512d4074f7b,2026-05-01T03:56:46.842993,Barros do Galho,Aparecida,70.15,DELIVERED,MOTORCYCLE,69
4cd6c515-28a9-445c-b956-00d1cb8febe1,2026-05-01T07:20:33.551007,Casa Grande da Praia,Leão de Aparecida,50.43,DELIVERED,VAN,53
f6dfb52c-8f6d-4f31-9fbc-dd82023f0a23,2026-05-01T11:52:26.668407,da Luz,da Paz,85.09,DELAYED,VAN,9
82effbb9-2efc-424e-8f77-924f4ab840ae,2026-05-01T09:22:01.416211,Peixoto de Lopes,Pimenta,30.97,DELIVERED,TRUCK,85
9aea7a97-0178-4856-9046-2c4ab415f7b6,2026-05-01T00:37:59.310994,Aparecida dos Dourados,Albuquerque,78.28,CANCELLED,AIRPLANE,46
40677e5c-3801-466f-b69c-6a728601c680,2026-05-01T00:32:40.006501,Nogueira das Flores,Cassiano das Flores,30.04,IN_TRANSIT,TRUCK,52
209176de-45e4-42e7-9604-886cf9b270a5,2026-05-01T10:11:01.318274,Casa Grande da Serra,Garcia,62.88,IN_TRANSIT,TRUCK,71
bcfb2969-0fa9-42a6-b949-a50009d1f497,2026-05-01T09:35:11.012997,Cirino,Mendes Alegre,59.65,DELIVERED,VAN,83
996c4d9a-6f63-4e44-b850-0dca29937048,2026-05-01T10:20:41.498670,Sales do Sul,Pimenta,96.08,DELAYED,MOTORCYCLE,48
5778da6b-960e-495d-9e0e-de91be3ca0e2,2026-05-01T09:17:56.202787,Macedo,Viana de da Mota,90.07,CANCELLED,MOTORCYCLE,9
8555b5c1-ea0a-48c7-8a40-8f03db911e80,2026-05-01T11:01:33.638787,Fonseca,Rodrigues,29.07,DELIVERED,VAN,15
7e74c2b8-86fc-4fe1-a638-d5ec108f0c16,2026-05-01T09:57:15.546340,Aparecida,Correia de Oliveira,91.91,DELIVERED,AIRPLANE,100
059246b7-49a3-4def-954a-75d70e5b21ab,2026-05-01T06:28:17.949408,Nunes,Cavalcante,40.69,DELIVERED,VAN,101
0678f156-32b7-42e0-8237-45b2e4210c82,2026-05-01T06:26:12.927125,Aparecida,Nogueira do Galho,81.46,DELAYED,TRUCK,52
37fa666d-4554-496a-b326-5cc90db029aa,2026-05-01T03:48:18.291265,Mendes de Câmara,Gomes de Nogueira,12.63,IN_TRANSIT,TRUCK,67
ce8cc4bb-e158-4cee-a23e-d6d283292145,2026-05-01T11:51:22.460191,Novaes da Serra,Aparecida,38.58,IN_TRANSIT,AIRPLANE,72
1f64c74e-10eb-4daf-8878-b0aa933561a6,2026-05-01T07:35:21.160567,Mendes,Moraes,20.64,IN_TRANSIT,MOTORCYCLE,32
af10e9f9-8212-467a-81f3-af4603ac97da,2026-05-01T02:22:36.502460,Carvalho,Vargas do Galho,67.48,DELAYED,TRUCK,82
bf4fa53c-c635-440b-82f6-a36d17d4b837,2026-05-01T08:11:50.845381,Cunha Alegre,Ramos,33.17,DELIVERED,AIRPLANE,21
ebe16bf3-450a-46aa-a248-cb9fbfeb7ba1,2026-05-01T08:40:53.982566,Cirino,Castro Verde,61.33,IN_TRANSIT,AIRPLANE,66
9393420e-6d06-43ca-accc-bbb1c8bdb31c,2026-05-01T07:57:52.542447,Abreu,Pacheco Grande,49.16,DELAYED,VAN,106
cd1d7148-3204-4104-99a9-39128b53586f,2026-05-01T02:42:52.571901,Peixoto Paulista,Souza,94.1,DELAYED,AIRPLANE,20
bb4df6a7-407a-4a40-81a8-4d2e1680ccfa,2026-05-01T00:06:49.664245,Jesus,Jesus,57.59,IN_TRANSIT,AIRPLANE,56
bbd4fae8-6bff-4147-bfaf-a53eb8ef5cbf,2026-05-01T09:00:09.014078,Jesus das Flores,Lima,58.84,DELIVERED,TRUCK,103
229c35e5-0f08-4dbc-a73a-0650505ba796,2026-05-01T05:07:36.555054,Gomes do Oeste,Barbosa Verde,50.55,DELAYED,TRUCK,72
05f27d76-ade1-44d2-917d-2f437dd81fc9,2026-05-01T03:32:39.107560,Gomes,da Rocha,84.89,CANCELLED,TRUCK,54
46f4844f-a1a7-48fb-84c6-dd4a8910815a,2026-05-01T11:15:37.357559,da Cruz de Pimenta,da Luz,25.48,IN_TRANSIT,TRUCK,88
43395c69-8477-404b-a605-1a15bea9464f,2026-05-01T07:13:58.331147,Peixoto da Praia,Rezende,55.67,CANCELLED,AIRPLANE,53
7b1d6533-481a-48ac-9583-113f85319037,2026-05-01T04:56:23.869947,Pacheco,Teixeira,14.7,DELIVERED,VAN,67
5a7704b3-7939-4aca-99b6-6cc5aa32f173,2026-05-01T09:35:05.025415,Lopes,Cunha da Mata,27.5,CANCELLED,AIRPLANE,48
1694d316-f862-4a5b-a261-fa9aa58848be,2026-05-01T02:16:44.297190,Dias,da Luz Grande,45.32,CANCELLED,AIRPLANE,19
88c3c66c-3c2d-449b-a50b-0e1ffa1c125d,2026-05-01T07:47:05.663445,Cardoso,Souza,84.19,CANCELLED,VAN,79
72254cd3-a5e4-49e5-955c-2ee6b3a31772,2026-05-01T05:47:26.592664,Caldeira,Correia do Campo,19.33,IN_TRANSIT,VAN,66
68ca7a13-4bc8-4151-9594-0ec197e49392,2026-05-01T12:06:50.539560,Mendes,Correia,43.96,CANCELLED,AIRPLANE,72
c35c1bd7-47a6-4c6a-b3fa-8303bda53629,2026-05-01T11:29:21.525481,Vasconcelos,da Cruz,84.74,DELAYED,AIRPLANE,46
c1580e7f-bfd9-47bb-b806-9f73de2a105e,2026-05-01T01:24:28.958536,Sá das Flores,Alves,43.6,DELIVERED,TRUCK,113
2fe2afb8-dc1e-40cf-a789-b2144e515006,2026-05-01T03:59:32.545598,Pinto da Praia,Casa Grande de Alves,30.0,DELIVERED,AIRPLANE,103
bccf0f53-569a-4ec3-ab17-c2bb5258a0f4,2026-05-01T04:06:50.282651,Sousa de Silva,Caldeira da Mata,80.44,IN_TRANSIT,TRUCK,98
d8492bc9-b9c1-4a62-a7a4-697203f7e927,2026-05-01T04:19:33.947970,Cavalcanti,Ramos,75.8,DELAYED,VAN,58
af2eca9a-6038-4f75-8c05-9785b375762a,2026-05-01T00:36:08.550634,Almeida Verde,Gonçalves da Serra,85.72,DELIVERED,AIRPLANE,49
42d78818-00a1-431a-9b1f-3081ff426f7b,2026-05-01T06:47:02.865319,Vieira,das Neves de Azevedo,41.86,DELAYED,TRUCK,80
d969f055-be62-4425-a46b-78ecb8ba71ec,2026-05-01T04:13:13.648158,Nunes do Campo,Oliveira Grande,14.0,DELIVERED,AIRPLANE,20
fa31b80e-2260-488b-b459-c6225eac26e5,2026-05-01T10:26:21.704010,Pacheco,Caldeira,68.44,DELIVERED,AIRPLANE,22
47ca48b1-d464-4428-836e-6c9daa3dffd9,2026-05-01T09:01:52.534302,Novaes de Pimenta,Barros da Praia,25.79,DELAYED,MOTORCYCLE,97
a5f148a3-4c63-4a6d-9f77-0559faabf65e,2026-05-01T04:43:28.593223,Ferreira de da Costa,Pimenta,55.88,CANCELLED,VAN,37
cf062333-3623-4c8f-a816-1597ae640739,2026-05-01T06:24:45.841199,Duarte,Barros da Praia,94.47,DELAYED,TRUCK,113
8d1c1e62-338d-4723-a164-5ecb658af856,2026-05-01T11:20:04.678023,Siqueira,Fernandes,74.74,DELAYED,AIRPLANE,20
add91e8a-257c-426b-81fb-c8bd9ef15517,2026-05-01T03:26:42.345951,Cavalcanti da Prata,Oliveira do Amparo,86.91,CANCELLED,MOTORCYCLE,28
82f36e05-e5e7-448e-832d-4d6442cf7375,2026-05-01T00:15:38.714616,Casa Grande de Almeida,Cavalcante do Oeste,70.7,DELAYED,TRUCK,89
10d9b1a7-7f13-4f05-b497-74bdc030795e,2026-05-01T00:42:38.119886,da Luz do Norte,Campos do Sul,26.25,IN_TRANSIT,AIRPLANE,30
fb1fb359-3085-44ee-87e4-7a328e4b8328,2026-05-01T11:38:00.298894,Cardoso,Rios,95.71,CANCELLED,TRUCK,79
54f5494e-a270-41b3-aa0c-60cb6705bfc6,2026-05-01T06:22:59.784217,Viana,da Mata Verde,70.66,DELAYED,VAN,17
a0ce7fe5-37f9-4cd7-92b3-e737b9fcb5da,2026-05-01T02:37:44.685680,Almeida dos Dourados,Nunes do Campo,24.29,DELAYED,VAN,23
0b1de06d-3750-422d-9fe2-85e913072c0a,2026-05-01T06:54:06.090255,Novais,Barbosa,72.44,DELIVERED,VAN,43
d0bbb7f0-d18b-4c3a-b642-760e363650b5,2026-05-01T00:59:07.840371,Vieira,Aparecida,46.59,CANCELLED,VAN,83
d9a79d99-f6a1-4d04-8374-71f6e5ad0461,2026-05-01T02:52:34.611799,da Cunha,da Paz,48.3,CANCELLED,VAN,4
0e7b9ff3-bb56-47e1-9768-4049cc88ea72,2026-05-01T05:11:07.954010,Camargo de Leão,Caldeira,68.3,IN_TRANSIT,MOTORCYCLE,91
f38ceecf-88de-46c7-9acd-933f548a1267,2026-05-01T01:25:08.679949,Vargas,Albuquerque da Serra,5.36,CANCELLED,MOTORCYCLE,113
7adb53bb-0e87-41ce-91ec-88cb5a7bf045,2026-05-01T08:08:07.691466,Rezende de Câmara,Freitas de Gomes,33.91,DELIVERED,AIRPLANE,29
6d4a65eb-666d-4f33-876d-c3eca9c51ade,2026-05-01T01:54:19.170237,Gonçalves,Andrade de Correia,19.7,DELAYED,AIRPLANE,18
43103e66-a098-4051-b512-b38c9aaaeb0a,2026-05-01T10:52:08.437145,Cavalcante,Porto,25.85,CANCELLED,AIRPLANE,109
9e38535d-6566-49c4-ad99-d8be1fbc8502,2026-05-01T06:22:18.737339,Cardoso Paulista,Monteiro do Sul,50.06,CANCELLED,TRUCK,69
c75beca1-f8f5-40a7-b88f-cbd13935568e,2026-05-01T11:15:24.250221,Ribeiro da Mata,Pires de Borges,54.01,IN_TRANSIT,MOTORCYCLE,12
d542a452-82b1-4a99-a289-720c6e948731,2026-05-01T00:08:18.228691,Nunes,Machado,85.51,DELAYED,MOTORCYCLE,76
e92b5552-136a-47e6-8f4e-4275a26a2a4a,2026-05-01T04:34:00.296302,Viana das Pedras,Vieira,95.33,DELAYED,AIRPLANE,58
8ba63c88-df49-481e-8afc-bf0a312ef18a,2026-05-01T06:35:47.922616,Caldeira,Costela,72.23,DELIVERED,VAN,20
6eb3e917-2a0c-41ec-9c87-c83e84534ada,2026-05-01T06:23:35.217821,Abreu Grande,Mendonça dos Dourados,58.34,IN_TRANSIT,TRUCK,47
034e46ff-5994-4ee0-8037-89e92ec17825,2026-05-01T06:59:07.415771,Barbosa de Costa,Sousa,57.95,DELIVERED,TRUCK,66
1573ec5e-fe72-434e-9d93-12b1baefa25e,2026-05-01T07:54:45.126148,Peixoto de Goiás,Santos do Oeste,37.02,CANCELLED,AIRPLANE,113
684e8c5a-71e4-4a92-96a8-1c9c9236e934,2026-05-01T02:35:03.046164,Martins da Serra,da Paz da Prata,59.39,DELIVERED,MOTORCYCLE,31
0db0c703-72db-4e1f-8f1d-d6130a60dc21,2026-05-01T10:13:44.426097,Peixoto de Goiás,Rodrigues,55.5,DELAYED,TRUCK,75
e79da446-bd1e-4e54-8203-1f63262add61,2026-05-01T05:11:30.158423,da Mota de Araújo,Ferreira do Oeste,18.88,IN_TRANSIT,TRUCK,45
d1a1b3b4-f319-4d0f-85c3-cf10faf985dc,2026-05-01T04:47:15.204021,Aragão de Moraes,Vieira do Sul,98.47,IN_TRANSIT,MOTORCYCLE,82
4ee69748-078f-40f0-9154-b5c537bebf5e,2026-05-01T01:47:26.894979,Andrade,da Conceição Paulista,25.16,DELAYED,MOTORCYCLE,111
d1126bb2-64f6-4b6b-bd93-b13275183e22,2026-05-01T01:56:53.535757,da Mata do Galho,Vasconcelos,4.48,CANCELLED,VAN,109
ec959c0e-a42b-4084-bc63-26d0242ca25e,2026-05-01T03:07:37.495798,Moura,Cirino,48.32,IN_TRANSIT,TRUCK,100
afac45e6-4a14-4310-ad32-3b4689826251,2026-05-01T09:51:38.735217,Brito,Rezende,90.35,DELAYED,VAN,52
508a863a-f6ba-4165-80ba-4ba7c71c357e,2026-05-01T02:53:02.838683,Oliveira das Pedras,Nascimento,68.32,DELIVERED,TRUCK,92
85dbab58-8e32-4570-ba59-9c2da066c268,2026-05-01T05:19:52.757505,Rios das Flores,Cirino,81.88,CANCELLED,VAN,43
78273e25-7444-4bc6-bc0e-8bdf02b6d3fd,2026-05-01T07:37:35.901244,Camargo,Pimenta de Andrade,99.86,DELIVERED,AIRPLANE,8
1e2d8080-7904-448a-a29d-a80752452c84,2026-05-01T07:57:05.168665,Lima,Barbosa,86.71,DELIVERED,TRUCK,85
0073795c-5400-40d3-9c45-7811cc55d876,2026-05-01T10:22:19.412745,Peixoto,Duarte de das Neves,52.09,IN_TRANSIT,VAN,38
6364a9e5-ddfc-4f0c-969c-2adf7edfa080,2026-05-01T05:56:04.386764,Campos de Moreira,Fonseca,88.85,DELIVERED,AIRPLANE,25
21d4224c-99f0-474d-8318-7c8153376d77,2026-05-01T09:49:23.576991,Jesus,Mendonça de Moraes,49.22,DELAYED,TRUCK,36
4f7f8d73-6658-4d95-a763-c8a88ffc6879,2026-05-01T07:52:52.599464,Caldeira do Sul,Mendonça da Prata,41.91,DELAYED,MOTORCYCLE,88
68bc29bc-ffa2-4c91-86d5-b268290ccf49,2026-05-01T07:15:08.253301,Pires de Cavalcante,Porto,50.87,CANCELLED,VAN,9
c5de1f11-e720-4b94-8b78-4814b3b0fe0a,2026-05-01T08:07:52.362937,Pacheco,Machado,13.06,DELAYED,MOTORCYCLE,20
8fbef999-a447-48ab-aead-80a76115252e,2026-05-01T08:04:27.584846,Montenegro das Pedras,Silveira,68.51,DELIVERED,AIRPLANE,71
a5feb4d6-9c06-49ce-aeb6-d1a11432889e,2026-05-01T00:44:12.570431,da Conceição,Dias,65.96,IN_TRANSIT,AIRPLANE,111
f05c3ed3-7ce8-4695-9a4d-abf9f2cdc322,2026-05-01T07:09:01.087969,Pires,Costela,63.9,CANCELLED,VAN,79
972bff91-4df3-4b4e-913b-e44f7fd0c896,2026-05-01T05:26:51.758361,Porto de Andrade,Lopes,16.58,DELIVERED,AIRPLANE,47
50393e9a-54d5-4851-9169-bd23964190e5,2026-05-01T03:47:26.132213,da Cunha,Costela de Nunes,92.43,IN_TRANSIT,TRUCK,7
5a970be7-557c-400f-afe4-d45641f9cc15,2026-05-01T07:04:27.789532,Pires do Campo,Mendes,50.77,DELIVERED,TRUCK,57
ffe56243-29a5-47ad-b729-68bb51027810,2026-05-01T00:47:05.575292,da Paz Grande,Aparecida,10.11,DELAYED,MOTORCYCLE,18
311a2b86-faff-48db-a992-ec941f1666f7,2026-05-01T03:54:29.401642,Costela do Campo,Fernandes,75.13,DELIVERED,MOTORCYCLE,12
d7b131ef-90c6-4014-95f5-7ccbfba499e2,2026-05-01T11:36:49.261307,Fonseca,Pereira,18.83,IN_TRANSIT,AIRPLANE,8
cd6cbe06-e20a-44df-912f-bceeb4fe1fc8,2026-05-01T06:35:54.498365,Silva de Martins,Oliveira,77.8,IN_TRANSIT,TRUCK,95
279433f7-096f-46ca-887d-7e756df81bc7,2026-05-01T01:21:24.363090,da Cunha,Machado,6.5,DELIVERED,TRUCK,103
3aebc8f3-5a6c-44be-bc33-081ebfa6095d,2026-05-01T09:37:02.269333,Silveira do Campo,Melo,38.25,DELIVERED,VAN,90
ece7a89b-214c-4b66-bd37-243049d82e7f,2026-05-01T02:07:40.954016,Cavalcanti,da Mota de Cardoso,75.02,DELAYED,VAN,6
7f3dee56-304e-4388-ac36-3d9422f49bb1,2026-05-01T12:23:37.508929,Alves do Sul,da Cunha de Macedo,68.92,DELIVERED,MOTORCYCLE,89
5b7ab984-082a-4ddf-a4d7-5b5ec4345f13,2026-05-01T00:57:26.099854,Novais,Silva Paulista,89.08,CANCELLED,AIRPLANE,111
bd645296-672d-4c9a-87a6-4a5281727235,2026-05-01T07:10:36.128609,Souza do Galho,Mendes,1.46,DELIVERED,AIRPLANE,44
49c58785-edcb-4e86-b6ac-58015177702c,2026-05-01T01:58:03.342089,Vargas do Oeste,Gonçalves,77.15,IN_TRANSIT,TRUCK,14
70566e3f-f2f2-483c-b4ff-a8462f44b5ed,2026-05-01T02:00:29.176110,da Mota Grande,Nunes do Galho,65.79,CANCELLED,VAN,24
62803fbf-4ac1-44f0-8e87-09eee63d3495,2026-05-01T09:46:41.170029,Costela,Camargo,39.83,DELIVERED,TRUCK,27
431835a5-f5b0-4fbf-b7d7-4389dd264258,2026-05-01T08:36:58.151501,Vasconcelos,da Conceição das Flores,20.49,CANCELLED,AIRPLANE,105
b5df2ea7-4f70-4fb5-9049-a8b3f3a03dfd,2026-05-01T11:42:59.022191,Albuquerque de Rios,Garcia,48.38,CANCELLED,AIRPLANE,57
96df782b-ac08-4f7f-b784-49f6b1d1520c,2026-05-01T12:18:08.103620,Sousa de Goiás,Nunes,25.24,IN_TRANSIT,VAN,1
f1daeb25-8bd5-44f4-a6f2-b96c5a42b117,2026-05-01T03:39:41.953129,Ferreira de Silva,Vieira,56.92,IN_TRANSIT,VAN,75
4d5f5dff-eb86-4d1a-9179-d61ed9cb8c4a,2026-05-01T08:22:23.201986,Monteiro Grande,Costa,71.51,DELIVERED,AIRPLANE,20
54347982-28b1-4839-901c-d8c55204cfc8,2026-05-01T07:49:27.744105,Vasconcelos das Pedras,Moraes,91.61,DELIVERED,AIRPLANE,114
ff8a20e6-51f6-4d73-bdf2-b324fa1c730e,2026-05-01T09:46:35.890285,Leão de Dias,Castro Alegre,11.5,DELAYED,VAN,108
74a7bfc8-8068-4340-849e-a2ece188220a,2026-05-01T10:48:42.493599,Cavalcanti,Cavalcanti da Prata,30.6,IN_TRANSIT,VAN,96
0268466c-6aca-4513-8cce-c6f0ef8a9b63,2026-05-01T00:34:32.299678,Lopes,da Costa,62.35,DELIVERED,TRUCK,9
de245eef-29b3-4330-be0f-63861634b4c9,2026-05-01T06:13:16.022150,Guerra de Sales,Ferreira do Oeste,69.41,DELIVERED,VAN,10
98e7842e-1471-4ff5-9098-5be35c3a857f,2026-05-01T04:00:38.329983,Cavalcanti da Serra,Moreira,97.05,DELAYED,VAN,105
7b671458-7aed-46ec-912a-88860ff8b744,2026-05-01T00:50:24.888206,Moura do Oeste,das Neves de Goiás,40.14,DELAYED,VAN,37
85806ea7-b2dd-4cd5-95a1-a550bf8931b1,2026-05-01T08:13:04.935923,Costa de da Paz,da Mota do Norte,4.61,DELAYED,TRUCK,17
317737ac-5cb6-4ccd-ace5-5c42981f4dd8,2026-05-01T08:15:59.585956,Viana Alegre,Pinto do Amparo,20.13,CANCELLED,MOTORCYCLE,61
8ea83d07-8076-4e11-8d9e-bc31a6021fbf,2026-05-01T02:56:40.169680,Cavalcanti,Dias das Pedras,28.64,DELIVERED,VAN,79
e36cdfe4-6e10-40ce-8749-62f43db1bd13,2026-05-01T02:54:12.983151,Garcia,Ribeiro dos Dourados,11.69,DELIVERED,VAN,52
de83d010-22b7-45b8-ad4e-2c208b38d45e,2026-05-01T09:16:34.082669,Souza,Barbosa da Praia,91.02,CANCELLED,VAN,105
ab2960e5-149a-4a54-bdbc-92c620c254fe,2026-05-01T09:26:07.833761,Brito,Pastor Grande,33.75,DELIVERED,AIRPLANE,46
aed005ac-7d3e-4ca8-b4a0-09b0b45f7570,2026-05-01T08:22:09.484536,Abreu,Brito,39.63,DELIVERED,AIRPLANE,67
a9c44588-6b2b-4575-8d60-6b5852956864,2026-05-01T01:49:31.856841,Gomes de Novaes,Rocha,39.82,CANCELLED,MOTORCYCLE,40
a14c9cec-1b41-4021-b714-910da65ca72a,2026-05-01T04:23:39.089806,Rodrigues,Melo da Mata,66.58,CANCELLED,AIRPLANE,120
f59a1f99-a43b-4977-879f-654a943f9660,2026-05-01T00:53:40.047936,Farias das Pedras,Araújo de Garcia,14.37,CANCELLED,AIRPLANE,57
9cf40166-41e9-40d3-934b-63136683c6c6,2026-05-01T06:32:50.281981,da Paz,das Neves do Norte,41.94,CANCELLED,VAN,52
f1f41fa2-c169-4e88-ac54-16e9dbe67967,2026-05-01T09:29:51.245807,Leão dos Dourados,Viana,77.18,IN_TRANSIT,MOTORCYCLE,26
b0652bda-6d3a-45e2-b7f5-948eede099c2,2026-05-01T06:25:13.533452,Barbosa,Gomes,3.5,CANCELLED,MOTORCYCLE,109
6c7b2977-6547-425c-8ce2-b11cd762a4f6,2026-05-01T04:17:33.488727,da Conceição,Pimenta,39.6,CANCELLED,AIRPLANE,102
8a9fe7fa-051a-45a8-99e1-2ee2e311abef,2026-05-01T10:33:16.930475,Mendonça das Pedras,das Neves das Pedras,5.8,DELAYED,MOTORCYCLE,115
962cabee-ff79-428c-abd9-4f92691f02f7,2026-05-01T12:09:13.309367,Abreu do Norte,Barbosa de Minas,68.39,IN_TRANSIT,AIRPLANE,61
86f33ed5-7dab-4931-b24c-ec67fb11aceb,2026-05-01T03:07:32.981524,Barros,Borges Paulista,2.61,IN_TRANSIT,AIRPLANE,120
2ce6a675-903c-4227-b661-e0624a31c66c,2026-05-01T06:28:47.036483,Macedo,da Conceição,27.95,DELAYED,VAN,10
64b68bc6-1fd2-4ede-b9fd-eb5af810a3f3,2026-05-01T11:08:06.432622,Silveira de da Rocha,Vasconcelos,62.65,IN_TRANSIT,MOTORCYCLE,120
ddf5e0d2-f748-4f97-82a9-573ca48a4ed0,2026-05-01T03:16:28.144775,Andrade da Praia,Campos,42.86,DELAYED,MOTORCYCLE,80
a3ec6c69-de69-4d8c-9123-31bb8b757a43,2026-05-01T07:25:53.018416,Sampaio Alegre,Vieira,60.34,IN_TRANSIT,AIRPLANE,14
f61b408b-5731-49ab-acad-32e5c0f7c063,2026-05-01T03:09:41.911330,Camargo da Mata,Pires,5.95,DELAYED,AIRPLANE,8
e595dd1f-c977-434c-b389-d797fc12da0c,2026-05-01T07:58:37.825855,Nunes,Alves,80.47,DELAYED,VAN,55
8e219cc4-7a9f-4ab0-bfd0-0fa9ce4f4af3,2026-05-01T03:49:33.797496,Pereira das Flores,Costa,86.98,IN_TRANSIT,AIRPLANE,30
7dc29d0f-3433-4222-9371-c8bca3e81773,2026-05-01T00:46:26.311674,Casa Grande,Pires,37.4,IN_TRANSIT,VAN,19
3fd37311-1c85-409b-8492-242d4e942702,2026-05-01T09:11:41.533760,Oliveira,Cunha da Prata,61.54,IN_TRANSIT,VAN,104
57eda22d-a1dc-4679-94b5-8db7a8495cd9,2026-05-01T05:49:38.196837,Vasconcelos,Costela Alegre,62.19,CANCELLED,AIRPLANE,23
8f9663d4-88ff-4e96-9449-eaf9f41aed84,2026-05-01T03:36:04.747157,Santos de Pereira,Lima,57.76,IN_TRANSIT,VAN,118
08bf510d-819e-4b0f-b301-2ef24878b54b,2026-05-01T06:32:03.240026,da Luz do Norte,Viana de da Rosa,56.36,DELAYED,VAN,108
bb463667-373a-4c1e-b391-f096651403e7,2026-05-01T03:01:25.706387,da Paz do Campo,Aragão,33.88,IN_TRANSIT,MOTORCYCLE,25
8d8e2781-e645-44dd-88fd-b628156e942d,2026-05-01T01:24:16.666939,Moraes,Machado das Pedras,50.69,DELAYED,VAN,87
8ac9f2dd-04f1-48cd-943c-f9bd9e8bcaaf,2026-05-01T05:15:58.764311,Fernandes de Moreira,Porto,33.71,IN_TRANSIT,TRUCK,18
70c6b963-403c-4942-9841-67e79364818a,2026-05-01T08:37:42.374268,Lopes da Mata,Siqueira do Galho,16.49,DELIVERED,VAN,98
e9d1ed4d-498d-49c8-80ae-0493ede106d7,2026-05-01T01:00:21.219918,Moraes,Moreira,8.53,DELAYED,VAN,34
05c0e2b2-1271-410f-bd5d-c0c057d56e86,2026-05-01T02:05:35.699847,Melo Alegre,da Mota de Melo,90.2,DELIVERED,MOTORCYCLE,37
e5aac58e-a939-42c5-b2e3-378ae1fb30c1,2026-05-01T06:37:06.791465,Vasconcelos,Silveira,31.72,IN_TRANSIT,MOTORCYCLE,78
d56690c3-d375-4803-8956-46aee94a8a77,2026-05-01T07:54:52.169257,Jesus de Goiás,Duarte do Galho,10.97,IN_TRANSIT,AIRPLANE,59
1371cb89-374e-4649-aecd-9a42044cbe71,2026-05-01T11:47:34.305400,Fonseca de Brito,Silveira,79.28,DELAYED,MOTORCYCLE,16
9393030f-e1bf-490c-95fc-476d29d2b6ac,2026-05-01T03:59:37.773829,da Rosa Verde,Aragão de Lima,46.81,DELIVERED,MOTORCYCLE,41
c88c3a0c-3a22-4b31-b365-13958e517d0a,2026-05-01T08:16:26.333084,Marques de Pinto,da Conceição,29.49,IN_TRANSIT,AIRPLANE,7
5e670f49-51c1-49ad-93f9-8d3d74ea2f39,2026-05-01T03:10:39.580146,Santos,Peixoto,31.72,DELIVERED,MOTORCYCLE,70
e9a484ef-33fa-4f4e-b11b-ca7e7b96c064,2026-05-01T05:50:23.242849,da Paz,Silva,11.28,DELAYED,AIRPLANE,79
0f3cfc56-ac0a-41e6-8198-b85b91be8f1e,2026-05-01T00:52:57.564271,Santos,Sales,69.67,DELAYED,TRUCK,19
a20fef2f-26ca-44a7-b009-516dbb7e09e2,2026-05-01T00:22:56.360600,Pinto,da Rocha de Minas,87.61,IN_TRANSIT,AIRPLANE,87
c8685cd0-88a7-4f55-abfe-414362406784,2026-05-01T09:29:41.873367,Campos do Norte,Machado,90.53,IN_TRANSIT,VAN,84
9b99ee70-f0a7-440e-b886-2191c972259a,2026-05-01T07:23:56.714043,Novaes,Viana do Galho,85.12,IN_TRANSIT,MOTORCYCLE,67
d31abaf1-59cc-42a4-988f-beac8a7ec42e,2026-05-01T10:05:19.826302,Cardoso,Pereira Grande,58.68,DELAYED,AIRPLANE,13
290d513a-04f1-44fc-9d70-a9d2029c534d,2026-05-01T09:19:58.287062,Pastor da Serra,Vargas,68.02,DELAYED,AIRPLANE,7
ca969f4d-f1cc-4b4f-8eb8-872dc7879b0c,2026-05-01T04:58:50.646117,Sampaio,Montenegro,13.85,DELAYED,AIRPLANE,89
7e7a25f9-1217-4fbb-9e67-65c3788215ec,2026-05-01T04:47:46.860172,Ramos,Martins,16.55,DELIVERED,TRUCK,112
02c14619-87ce-4f16-939b-37300bf5bca2,2026-05-01T08:58:04.423595,Macedo de Vargas,Costela,76.24,DELIVERED,AIRPLANE,27
1180c4c0-ce52-4bbe-845b-c9abe7b029ee,2026-05-01T11:51:36.731093,Nunes Grande,Leão,93.77,IN_TRANSIT,TRUCK,28
b72aec69-8d2b-4828-a6b6-430bc6d4b047,2026-05-01T06:43:49.037190,Silva do Sul,Cirino da Prata,80.02,IN_TRANSIT,MOTORCYCLE,26
74d9d3f0-da46-4ad8-a746-6d2814d12b0e,2026-05-01T04:00:26.943979,da Costa,Montenegro,78.8,CANCELLED,VAN,84
5e0d94cf-247a-4420-8971-5596c051946b,2026-05-01T12:13:35.421481,Cardoso das Flores,Borges da Praia,51.88,DELAYED,AIRPLANE,98
f3ce95fa-0771-431a-b22b-e6ba569b68fc,2026-05-01T09:49:00.086803,Pimenta,Machado,78.46,IN_TRANSIT,MOTORCYCLE,93
f6677881-3a02-450c-889f-99921e6fd748,2026-05-01T02:14:21.466656,Cirino,Porto de Minas,87.24,CANCELLED,TRUCK,111
59e5abd2-0d4d-4c6a-b574-3af5145d1318,2026-05-01T04:32:58.860680,Mendes,Guerra,84.31,CANCELLED,MOTORCYCLE,55
48c69df6-c9b5-465c-b2ea-f9d3868cac40,2026-05-01T05:51:06.900136,Moreira Alegre,Pastor de Minas,38.21,DELIVERED,TRUCK,86
762e3ef0-d722-4fc0-a233-4bcdd2cfe469,2026-05-01T01:06:56.746986,Gonçalves Verde,Rodrigues Paulista,91.47,CANCELLED,VAN,9
c56fcd28-6a0f-4165-8b00-071f241675ca,2026-05-01T03:26:53.631263,Cassiano,da Cruz,5.75,DELIVERED,AIRPLANE,26
32786343-b4fd-40e8-b0f3-bdfa048b34d7,2026-05-01T06:49:37.547529,Macedo,Vasconcelos,60.04,IN_TRANSIT,TRUCK,21
c6ee6dc9-f55b-4c6b-ae45-2008fd823026,2026-05-01T10:53:02.692400,Brito,Guerra de Jesus,46.11,DELIVERED,AIRPLANE,21
cd58431d-476c-4edf-a10f-daadc39d0598,2026-05-01T03:58:42.769596,Nascimento Alegre,Aparecida de Oliveira,23.05,DELIVERED,TRUCK,65
e7e286f6-e252-4ae4-86ee-13d49f20ef81,2026-05-01T00:41:24.238920,Azevedo das Pedras,Pastor,0.14,IN_TRANSIT,VAN,17
ecf414d3-092f-4129-b079-8cd8b61bb83f,2026-05-01T12:11:53.273312,Gomes,da Luz da Prata,39.49,DELAYED,TRUCK,103
a2dccc63-75a8-48a7-b347-1d6edafdf2c6,2026-05-01T04:50:31.809329,Lopes,Pastor das Flores,67.45,IN_TRANSIT,TRUCK,103
afd5053d-52a7-41b9-97c7-f3301bc4ccaa,2026-05-01T05:00:34.945053,Peixoto de da Costa,Marques do Galho,67.48,DELIVERED,MOTORCYCLE,39
5adfdffa-9cfa-4abd-80e1-3b6bea8fb2eb,2026-05-01T01:35:32.723414,da Mata,Campos,58.87,IN_TRANSIT,AIRPLANE,93
68f561f2-e907-42ee-8933-eaab96b286c3,2026-05-01T08:05:18.374530,Guerra da Mata,Rocha,92.4,IN_TRANSIT,AIRPLANE,33
a22348a9-a6d6-4fb2-aa65-1dcc15b0ad51,2026-05-01T06:45:49.331037,Gomes do Oeste,Martins Grande,70.12,DELAYED,TRUCK,18
e6dcc158-1271-4867-8ea9-1ce9efd21251,2026-05-01T00:29:44.549740,Pereira do Amparo,Aragão das Flores,82.66,DELIVERED,AIRPLANE,3
e62f1169-e5f5-4f49-bda7-fd75eb4d9fb3,2026-05-01T01:45:18.806984,Aragão,Azevedo,79.93,DELAYED,VAN,111
86a6170f-66ea-4aa8-a775-e469a6787535,2026-05-01T05:24:54.686373,da Mota,Aragão do Amparo,46.05,IN_TRANSIT,AIRPLANE,107
37046f49-b93c-4729-844a-92eb9f59ee70,2026-05-01T10:24:05.497411,Machado,Farias,11.0,DELAYED,AIRPLANE,22
ee579744-4b3f-4ded-9ad5-451009a94d33,2026-05-01T03:20:38.854594,Andrade,Rodrigues de da Paz,49.45,DELAYED,MOTORCYCLE,40
1248b06d-d58a-4019-ab72-42b958697b1a,2026-05-01T01:58:44.909810,Nascimento Verde,Sá,99.37,DELIVERED,TRUCK,100
e5f86e43-f1cc-4751-870c-896aa781f0ee,2026-05-01T09:11:41.881956,Sá,Jesus da Praia,71.98,IN_TRANSIT,AIRPLANE,25
2be3e52f-f938-4c7e-9449-852f99f19084,2026-05-01T06:39:32.553286,da Luz,das Neves,30.15,DELAYED,AIRPLANE,19
c6bb02f8-46d9-4195-bc95-bfffb0cb533c,2026-05-01T08:50:04.117337,Azevedo de Carvalho,Pastor,95.99,CANCELLED,AIRPLANE,116
53a369a7-3edd-410a-85f4-b44ef26bba74,2026-05-01T12:08:53.739977,Brito Alegre,Ferreira,14.26,CANCELLED,VAN,85
50d09036-cfeb-47ff-8eec-0dc7f9822655,2026-05-01T05:54:16.170877,Campos,Camargo de Cassiano,80.33,IN_TRANSIT,MOTORCYCLE,9
59add894-f0dc-43ec-abeb-f58078c6938e,2026-05-01T07:05:09.893728,da Cunha de da Conceição,Aragão de Pereira,81.65,IN_TRANSIT,TRUCK,4
695268e1-352a-47d9-8f17-4580df3adbcf,2026-05-01T06:36:57.647485,Caldeira,Moraes de da Paz,98.25,DELAYED,MOTORCYCLE,95
b6e4454b-0ee7-4431-ba19-29ac8e6a4ce7,2026-05-01T04:20:05.385946,Pacheco de Leão,Silveira de Brito,65.56,CANCELLED,TRUCK,25
80d57bdb-c95f-4fb0-9207-d90e11eed5d3,2026-05-01T11:30:08.662617,Peixoto do Sul,Melo,64.25,CANCELLED,VAN,97
6f580a3c-698c-4335-8a3a-7c84e938529a,2026-05-01T01:28:53.166245,da Paz do Oeste,Pacheco do Galho,38.63,IN_TRANSIT,AIRPLANE,80
d7b65310-7bce-4bdc-a0f7-e7e274802cf3,2026-05-01T03:08:55.680456,Mendes Grande,Mendes de Rios,66.8,CANCELLED,AIRPLANE,106
710633f6-21fa-4171-9356-a278dcbd6d85,2026-05-01T01:26:17.682501,Ferreira,Barros,90.58,CANCELLED,MOTORCYCLE,84
c5ca684e-b022-46d8-b16a-db975e7a05ae,2026-05-01T07:12:44.594635,Nogueira de Novais,Casa Grande,69.52,DELAYED,VAN,75
070d970d-fc64-4a06-bdfc-8f6563314ff0,2026-05-01T01:43:28.119756,da Cunha de Casa Grande,Fonseca de Sá,89.11,IN_TRANSIT,MOTORCYCLE,116
35737068-9ac8-4af7-a014-d2b7ed67b591,2026-05-01T10:59:11.393222,Rios,Abreu,51.48,IN_TRANSIT,VAN,31
24f3ce07-7876-4bb1-b9f4-682500ab05e3,2026-05-01T07:37:13.456748,Teixeira,Costa das Pedras,38.08,IN_TRANSIT,TRUCK,34
90de5039-d516-46b3-b5a8-927bf1270bbf,2026-05-01T03:02:39.485740,Vieira das Flores,Moraes do Oeste,93.72,DELIVERED,VAN,1
3caa0274-4e53-4b0b-a8ee-ccdaffe72d6c,2026-05-01T08:33:48.595135,Moraes de Sá,Leão de Pimenta,71.09,DELAYED,VAN,47
2c50440e-19f2-4fb4-94f6-b5d03b3fce3d,2026-05-01T01:23:05.673891,Moraes,Rios do Oeste,91.23,DELAYED,VAN,104
a59fa487-ff4c-4924-b917-a0d3d8c35490,2026-05-01T11:40:09.176888,da Mota Alegre,Rodrigues das Flores,19.59,IN_TRANSIT,TRUCK,91
59e300ff-ac68-4817-ac61-3638828269ca,2026-05-01T10:00:32.688308,Farias,Barbosa de Ramos,25.77,CANCELLED,AIRPLANE,112
22062e1c-a782-49a0-ba82-746634b02570,2026-05-01T06:13:32.006262,Guerra,Gonçalves de Goiás,62.9,CANCELLED,TRUCK,113
40dfa407-bd2e-485f-a39f-33f2009e4736,2026-05-01T07:42:25.650281,Camargo da Praia,Moura da Prata,92.76,DELIVERED,VAN,117
066dd5bf-0331-4a28-83e2-b6b65c2bcff4,2026-05-01T02:23:17.321203,Andrade Grande,Azevedo,84.11,DELAYED,TRUCK,28
e31ae2f5-2587-49fb-813d-91a6acfbd09f,2026-05-01T01:50:09.218169,Cassiano de Moraes,Câmara,64.44,CANCELLED,AIRPLANE,115
24a85387-30ba-437e-bf07-ba999a703eac,2026-05-01T11:07:54.170210,Souza,da Cunha,55.22,CANCELLED,AIRPLANE,46
d7faf2bd-4d2f-4b58-866a-5e0a7733e419,2026-05-01T10:27:36.559322,Vasconcelos de Machado,Mendonça,85.23,CANCELLED,TRUCK,79
90c541ba-3267-4f2b-a1f6-48cf4150d1dc,2026-05-01T02:37:46.129277,Sá,Azevedo da Praia,61.63,DELIVERED,TRUCK,44
b4329e5b-31c7-43c9-8cb5-dcec53cd5839,2026-05-01T12:07:38.350131,Fernandes,Cavalcanti do Galho,83.59,IN_TRANSIT,AIRPLANE,21
1f501bf6-6c1a-417f-bd50-8317fe2a74f5,2026-05-01T10:25:13.602463,das Neves de Siqueira,Correia,48.1,CANCELLED,TRUCK,46
3b8d66c3-ae19-4895-83e7-9bbea5055bfa,2026-05-01T06:45:24.850100,Macedo das Flores,Fonseca Alegre,13.57,DELAYED,AIRPLANE,42
c0bc58f0-f0d7-4c3d-8b7a-e6fbd4b8048b,2026-05-01T03:38:47.194726,Albuquerque da Serra,Costa da Praia,99.05,CANCELLED,TRUCK,114
0d61b084-20d1-4c43-972a-5352ac3e2bf1,2026-05-01T05:28:01.059841,Brito,Ferreira de Goiás,69.15,DELAYED,VAN,59
8993bdfc-ff54-40f5-9831-9ff24854023a,2026-05-01T10:25:56.867823,Machado,Cavalcante,17.43,DELAYED,TRUCK,44
32292690-75e0-4fba-9eab-da0150f1a42d,2026-05-01T10:26:12.983909,Vieira,Silva de Minas,67.93,DELIVERED,AIRPLANE,0
942c6331-dcb7-4390-b30e-507a814d83b4,2026-05-01T02:14:20.977538,Cirino da Serra,Novaes,44.06,DELAYED,TRUCK,105
2bf7ad10-c880-49ae-ad15-d496d975090c,2026-05-01T06:39:06.063841,Guerra de Leão,Fonseca,57.41,DELAYED,AIRPLANE,26
b5ae9b95-a917-4863-8b08-6e65113728b4,2026-05-01T01:43:40.087645,Marques,Carvalho,75.27,DELAYED,MOTORCYCLE,34
9299d0f5-814c-4a96-8fa6-110e75c93472,2026-05-01T10:57:44.270419,da Luz Alegre,Fogaça,11.3,DELAYED,VAN,10
f8a0c577-7fac-4f8b-816b-ddf0b6431fba,2026-05-01T12:03:23.724816,Fonseca do Sul,Mendes das Flores,96.14,IN_TRANSIT,VAN,90
d6d24925-f109-4999-bbd6-7c17aabf7bea,2026-05-01T01:52:20.825208,Gomes de Gonçalves,Silva,99.18,DELAYED,TRUCK,78
95118387-24e4-4d28-8894-0417cd23a47b,2026-05-01T02:50:00.783541,Jesus de Costa,Camargo,73.02,IN_TRANSIT,VAN,98
96d7dafb-3d43-4e96-a9a1-e92440272b76,2026-05-01T11:14:42.729130,Nunes,Fogaça dos Dourados,8.4,DELIVERED,VAN,88
1bdea272-d373-45df-86d0-1b7baac4c2aa,2026-05-01T05:56:46.114158,Pimenta,Brito de Brito,97.78,DELIVERED,VAN,56
2e1bfd84-7af0-4498-8160-390cfc88fd7a,2026-05-01T11:13:28.151840,Araújo,Vargas de Machado,92.53,DELAYED,MOTORCYCLE,39
18f1c637-35cf-4007-9c9b-8f1231ef862b,2026-05-01T11:19:32.476005,Aragão da Praia,Aparecida,5.71,DELIVERED,MOTORCYCLE,67
b4bde548-be7b-414c-8f44-8ff2fdb61ec6,2026-05-01T07:09:32.533070,da Costa do Campo,Barros,56.47,IN_TRANSIT,VAN,105
dee40dbc-958a-4ab0-a454-562394fd885f,2026-05-01T06:17:24.152088,Câmara,Peixoto da Mata,82.32,DELIVERED,TRUCK,33
2646da6e-9ddb-41e9-8218-2ba4fb6b4102,2026-05-01T04:27:20.815781,Ferreira de Melo,da Paz,12.28,DELIVERED,AIRPLANE,41
1fe84925-9afa-4595-ba89-17ca6ae245f9,2026-05-01T07:16:09.709874,Brito do Oeste,Fogaça,14.26,DELIVERED,MOTORCYCLE,110
30eb5448-b584-4392-a6d0-221e051d04b7,2026-05-01T01:09:36.355895,Nunes,Pires da Mata,61.37,DELAYED,TRUCK,41
0ac1e55b-f8a0-4109-b48d-245ad1fe3139,2026-05-01T08:15:49.425621,Marques das Flores,Teixeira da Mata,12.73,CANCELLED,TRUCK,56
99f6231a-9be1-4d49-8b7f-a89119915bbc,2026-05-01T00:12:20.570589,Dias,da Mota da Serra,62.28,DELAYED,MOTORCYCLE,32
20ebe3f1-7976-443c-aa07-dd0e37e1cea6,2026-05-01T00:47:00.514469,Ferreira,Freitas,46.0,CANCELLED,TRUCK,77
b47aa9eb-7cd6-4b1f-a24f-2b49a51968fb,2026-05-01T00:17:17.610514,Jesus do Amparo,Caldeira,64.4,DELAYED,MOTORCYCLE,34
996e8cb7-1ef2-40b4-942e-dcbdfcb8bcd4,2026-05-01T02:21:01.386421,Rios,Monteiro do Norte,6.14,DELIVERED,VAN,78
64ed0481-1d8d-47ac-b8d3-abde2e6c1d74,2026-05-01T08:13:06.778642,Pinto,Oliveira de Goiás,42.73,DELAYED,AIRPLANE,8
d754bd92-bfb0-42b9-826f-48c7c3a30c05,2026-05-01T00:43:36.511898,Nunes,Novais de Goiás,49.83,DELIVERED,VAN,55
9e41fc42-2a06-431c-b551-09201866f8fb,2026-05-01T03:51:24.528797,Pastor,Pires,71.22,CANCELLED,TRUCK,10
7625247f-4972-4140-a46b-ba41791fad1a,2026-05-01T01:45:21.759188,da Luz de da Cruz,Azevedo de Mendes,57.32,CANCELLED,MOTORCYCLE,6
19abb32f-c1db-4f66-8502-d804e4cf687f,2026-05-01T02:24:33.071728,Porto,Albuquerque Paulista,27.66,CANCELLED,AIRPLANE,58
a54b34f1-965b-4784-b4fb-1b7463dfdcb4,2026-05-01T10:00:22.033090,Sá,Dias de Camargo,4.79,DELIVERED,VAN,95
6055c462-92d1-4d1f-980c-417ac362014d,2026-05-01T08:39:27.323138,Fernandes de Cunha,Moraes das Pedras,69.39,CANCELLED,MOTORCYCLE,55
97dc7fd8-96a5-48f4-8911-9fcba0b6c517,2026-05-01T05:30:15.812977,Marques,Cunha,25.19,DELIVERED,MOTORCYCLE,25
b091de78-1404-4375-a544-1538263d1821,2026-05-01T03:32:55.413110,Jesus do Norte,Albuquerque da Praia,92.26,IN_TRANSIT,MOTORCYCLE,105
e8deb5e5-8d71-490b-99d5-75e701b24dc9,2026-05-01T06:44:46.087346,Ribeiro,Silva,49.2,DELIVERED,AIRPLANE,15
42c825f2-18b5-4233-9d58-a01665c5ddb8,2026-05-01T04:30:07.321598,Melo da Mata,Vieira,52.22,IN_TRANSIT,MOTORCYCLE,76
b50ca300-b5f7-4248-8faf-4413c8cb0a56,2026-05-01T06:38:26.930232,Guerra de Sousa,Marques,37.84,CANCELLED,VAN,24
b4d2c768-07a7-494d-a4db-30e83303659b,2026-05-01T08:40:43.994144,da Rosa,Nascimento,25.97,DELAYED,VAN,95
8efe9800-9213-4257-8e9b-41671793f26a,2026-05-01T03:05:57.385792,Pacheco,Sá Verde,44.84,DELIVERED,AIRPLANE,102
8bd5454b-0bb4-406c-b6e6-f3708e4d7bd7,2026-05-01T10:06:33.714951,Souza,Carvalho do Norte,96.03,CANCELLED,MOTORCYCLE,22
2b2f9ea1-6a09-4c79-9fa1-cc6bcea0015e,2026-05-01T11:15:24.458358,Melo Grande,Machado,42.24,IN_TRANSIT,AIRPLANE,75
aeb22c44-3c4f-46d0-853f-e0d815679d5a,2026-05-01T04:05:10.388908,Azevedo,Campos da Mata,77.84,DELAYED,VAN,104
5ed5b810-bf9f-4eae-8c82-927da01b4b53,2026-05-01T11:40:05.792836,Barbosa do Amparo,Cirino,3.33,DELAYED,TRUCK,53
8a6fb743-f735-40d8-9330-d307a18a493f,2026-05-01T04:19:10.667128,Moura da Prata,Gomes de Minas,21.45,DELAYED,TRUCK,104
734c7f7a-a98a-4329-8f85-93a18215736e,2026-05-01T05:46:56.129196,Oliveira da Serra,Porto,99.18,IN_TRANSIT,AIRPLANE,98
f4caabed-fa56-4483-bc0d-3d25dfcf74bc,2026-05-01T07:43:20.430425,Lima,Azevedo,35.35,DELIVERED,VAN,58
46393da2-fdef-4bdd-bd73-a47de2d3149a,2026-05-01T10:52:21.012556,Jesus,Pereira da Mata,5.96,DELAYED,MOTORCYCLE,46
f994d3e2-edbf-45b5-b7e7-bc5ea7bb5222,2026-05-01T08:07:22.172593,Teixeira,Porto,89.7,CANCELLED,TRUCK,88
d862fb5b-5496-4ad9-a21f-620389121e0f,2026-05-01T02:02:09.900123,Silveira do Norte,Marques de Brito,77.61,IN_TRANSIT,MOTORCYCLE,85
9c455e9f-c252-442b-8f3d-1c274f942840,2026-05-01T03:46:28.691028,Costa,Casa Grande,42.35,CANCELLED,VAN,42
83a22492-2993-4fbc-ba1f-eead6b0d159a,2026-05-01T03:57:18.594664,Fonseca,Pinto,69.9,DELIVERED,AIRPLANE,106
ee108267-e467-4c98-9427-112523d0b2ae,2026-05-01T11:45:52.653012,da Mota,Guerra,94.93,IN_TRANSIT,TRUCK,69
29987245-317b-44a6-a99d-d2285a8dab8e,2026-05-01T02:22:47.220362,Viana,Marques,96.59,DELIVERED,VAN,1
483962b8-4a83-46b6-b7f4-987f37b8c9ca,2026-05-01T02:34:18.685014,Gomes,Silva,1.47,DELAYED,TRUCK,114
abddbb4e-17c1-458e-8204-c6112cec81ed,2026-05-01T06:47:05.239798,Abreu,Gonçalves de Cunha,76.27,CANCELLED,MOTORCYCLE,102
c37fc023-dc97-4f49-ac4a-9888007d5a87,2026-05-01T05:14:15.414358,Carvalho,Montenegro,24.35,IN_TRANSIT,VAN,114
f819b159-647f-4baf-8bdf-de4b6099a28d,2026-05-01T12:16:53.327646,Rocha do Oeste,Guerra,29.99,DELAYED,AIRPLANE,25
05fa3499-9948-45c9-bfec-266d1b688443,2026-05-01T11:29:34.317484,Viana,Castro,55.17,CANCELLED,TRUCK,97
241cde37-485c-4971-b78e-f83ee6566148,2026-05-01T00:37:52.499147,Vieira,Castro de Sousa,84.89,DELIVERED,TRUCK,120
9eb98fc5-ad42-4f12-8345-038e09145817,2026-05-01T08:24:44.441941,Cavalcante do Sul,Peixoto,0.29,CANCELLED,MOTORCYCLE,0
b833c924-dba3-4038-a45e-a566a7883ec9,2026-05-01T01:58:03.081118,Borges,Fernandes,34.22,CANCELLED,MOTORCYCLE,4
3b47d667-cde5-4a89-ac9e-35262a529b42,2026-05-01T12:17:14.942356,Melo,Barbosa do Norte,59.06,DELIVERED,VAN,113
3f89c817-467e-4b56-8f0e-45dc8ab81a09,2026-05-01T08:05:20.893597,Barbosa,Sousa,59.06,DELIVERED,AIRPLANE,89
fd87e044-973f-4f11-bb97-5f7aec1dc84c,2026-05-01T02:48:09.515473,Fernandes,Vieira do Galho,11.87,DELIVERED,AIRPLANE,58
9bc0acea-8632-46dc-a981-2726226ee895,2026-05-01T06:38:50.934792,da Rosa do Sul,Pimenta de Nogueira,10.03,DELAYED,TRUCK,20
fdbcd092-6b47-43ab-ade4-7943f9df16c0,2026-05-01T02:09:27.597247,Rocha,Pires do Norte,83.72,IN_TRANSIT,AIRPLANE,21
beed522b-9366-4d72-903b-d75210aff501,2026-05-01T09:46:35.489947,Costela,Nunes,64.36,DELAYED,AIRPLANE,12
1eb8f120-010d-4fac-a7d0-6056f501b330,2026-05-01T10:14:07.964796,da Paz,Cavalcanti,30.04,IN_TRANSIT,VAN,1
40fa6102-9f28-4a0d-874d-118f94883b01,2026-05-01T06:27:44.787068,Rios das Pedras,Aparecida de Aparecida,73.29,DELIVERED,MOTORCYCLE,16
5903dee4-a422-4da2-bb42-aaceea7356d7,2026-05-01T08:55:14.116230,Nogueira,Novais,2.87,DELAYED,AIRPLANE,111
b2256e11-6508-4da2-8eb1-557c984354a7,2026-05-01T04:48:13.413822,Melo,Novais,33.29,CANCELLED,AIRPLANE,16
dae92d61-8680-4459-8397-c32c95d85e83,2026-05-01T00:31:38.006855,da Rosa,Pacheco do Amparo,71.25,DELAYED,VAN,101
573fdc2e-0074-496c-94ad-ad7a7d81605e,2026-05-01T01:52:13.818837,Mendonça Verde,Fonseca,41.0,IN_TRANSIT,MOTORCYCLE,29
6b96df9c-aa0b-465e-993d-4f81ef95859b,2026-05-01T01:04:07.994346,Cirino da Mata,Barros,38.2,DELIVERED,VAN,96
8521fdc4-9409-4849-a459-fa466bdfdff6,2026-05-01T03:05:54.324354,Souza,Castro,96.07,CANCELLED,TRUCK,56
f6ee31b4-49fd-4b26-aad3-2d5171300ad7,2026-05-01T07:01:21.795404,Duarte,Sampaio das Pedras,16.15,DELAYED,AIRPLANE,11
29a25aa2-3ba9-4286-b388-c878754d04ef,2026-05-01T02:46:33.771042,da Conceição das Flores,Siqueira,9.15,DELIVERED,VAN,75
d9060b6a-a428-4e0d-b1f8-3f777e0e201a,2026-05-01T03:08:04.160530,Moura,da Paz das Pedras,19.49,DELAYED,VAN,51
e169bf42-8e31-4436-91bc-838dadce85c0,2026-05-01T04:50:44.426217,Martins de Silveira,da Rosa,97.71,DELAYED,VAN,22
201097b8-30e9-4d94-873d-97eb44142c8e,2026-05-01T06:22:54.982394,Gonçalves,Fonseca do Galho,66.26,DELAYED,AIRPLANE,28
aff4f65b-91fe-4da8-b531-c6a65879e2a0,2026-05-01T12:02:20.524578,Fogaça de Minas,Moura,97.75,DELIVERED,AIRPLANE,65
88d21b65-ad77-4aa9-851e-1887beb8a6b8,2026-05-01T12:19:50.688719,Dias do Campo,Nunes,6.69,IN_TRANSIT,AIRPLANE,106
d62477b2-cd6d-4ea5-ad3f-24daf4f9928b,2026-05-01T09:46:01.583628,Rios,Novaes,67.37,DELIVERED,AIRPLANE,90
94521e77-e34d-451b-abf7-8337b8710fd4,2026-05-01T04:00:52.998293,Ribeiro Alegre,Ferreira da Mata,66.56,CANCELLED,VAN,12
4c754317-4e71-47c8-a005-d08dd0f22f0d,2026-05-01T10:46:04.910773,Novais,Vieira,58.15,DELIVERED,AIRPLANE,87
f67b237b-d3fc-4968-89f4-d5130c4686aa,2026-05-01T04:51:43.163984,Pinto,Marques do Campo,19.91,IN_TRANSIT,VAN,69
8a156ec5-640e-42ed-a143-bca4c6ca001c,2026-05-01T11:25:14.309556,Pacheco da Serra,Mendes Verde,58.57,CANCELLED,AIRPLANE,82
cc5d1117-1855-4f21-97b4-b03b58274c76,2026-05-01T03:18:49.099475,Castro de da Conceição,Cunha,50.18,CANCELLED,AIRPLANE,37
a7d71fd1-12ab-40a2-84a3-de5a1556b50d,2026-05-01T04:05:02.482839,Pimenta do Oeste,Cunha Alegre,79.01,IN_TRANSIT,MOTORCYCLE,25
002b78a7-11a2-44a8-9c9e-6a7b838ab09e,2026-05-01T11:53:52.901574,Borges Grande,Macedo do Norte,56.05,IN_TRANSIT,MOTORCYCLE,2
e72cd78d-91da-495e-b34b-f094e0b0292e,2026-05-01T02:55:34.195106,Cassiano,Guerra das Flores,53.68,DELAYED,VAN,85
08605882-bff4-4c15-9b49-c727f266a607,2026-05-01T07:21:34.881918,Pires,Pires de Minas,70.2,IN_TRANSIT,AIRPLANE,3
37198fa1-b279-44e3-8bf8-dad491bf979d,2026-05-01T05:15:30.572920,Mendes,Cardoso,74.82,DELIVERED,TRUCK,80
76375199-ccdb-4157-b3e4-0fb0767dad0c,2026-05-01T01:55:07.961987,Pinto das Flores,Teixeira da Mata,42.49,DELIVERED,AIRPLANE,25
12d90aa4-5f55-4656-872c-f03ff9771e54,2026-05-01T04:24:45.860866,Camargo,Araújo,13.18,DELIVERED,VAN,111
4523e20f-b790-4fe7-94de-6c8a06386a77,2026-05-01T09:22:19.563109,Pereira do Galho,Cunha Alegre,61.31,IN_TRANSIT,TRUCK,106
664df7f2-430b-4b53-b654-e905763e00de,2026-05-01T07:09:52.765132,Vargas de Sousa,da Cruz,72.34,IN_TRANSIT,AIRPLANE,54
ac8f823c-7c60-409b-ab6f-6f5537c1fc0d,2026-05-01T08:22:30.490510,das Neves de Costela,Pinto,90.04,IN_TRANSIT,VAN,77
f8759fb0-4e32-4613-9a50-a34fb87a8b58,2026-05-01T02:38:42.432267,Pimenta da Prata,Moura,31.79,CANCELLED,TRUCK,54
d4e90b09-15a9-47fa-8786-3350d59bb28e,2026-05-01T08:52:43.658436,Cassiano,Guerra,89.75,DELAYED,AIRPLANE,36
b2559d99-32e9-49ae-a92f-9eb30c259ce3,2026-05-01T05:48:58.723374,Castro Grande,Freitas,59.97,IN_TRANSIT,VAN,99
ce869216-d662-4f03-8828-5d4a39c5ace1,2026-05-01T05:23:44.629392,Fernandes,da Conceição da Praia,83.62,DELIVERED,VAN,64
65abb590-ab8c-4abb-83e9-8928441f57bc,2026-05-01T00:52:48.117007,Moura de Teixeira,Castro de Goiás,67.0,IN_TRANSIT,AIRPLANE,74
21633f0d-311f-49fa-8df4-fd22653184f7,2026-05-01T06:33:54.785606,Lima,Rodrigues de Mendonça,21.15,DELAYED,TRUCK,85
bdff8456-d488-48d0-9df2-2fd9ced7d327,2026-05-01T10:24:08.970562,Casa Grande,Ramos,80.73,DELIVERED,AIRPLANE,3
34b5cc0d-e063-4832-9a98-2e77f1f30e54,2026-05-01T04:23:24.436261,Abreu,Garcia,27.29,DELAYED,MOTORCYCLE,44
50976270-818a-476a-a947-9bcaa25c7835,2026-05-01T02:21:10.061742,Campos Paulista,Rios de Jesus,89.12,DELIVERED,VAN,93
661f1a96-16fc-4e01-992a-614124dad004,2026-05-01T04:43:42.647497,Santos dos Dourados,Gonçalves Verde,75.11,DELAYED,TRUCK,43
50170b16-2881-4610-adeb-5a9bf93c1c6a,2026-05-01T03:48:19.605958,Duarte das Flores,Monteiro,36.81,IN_TRANSIT,VAN,64
579be1ae-7cc8-496a-bf3f-c091dc6b4e29,2026-05-01T06:24:25.132777,Rodrigues de Goiás,Viana,82.88,DELAYED,VAN,27
ad9a6a2b-d787-4887-ba1c-dc9ed3a31b9a,2026-05-01T11:47:51.560667,Rodrigues,Melo,81.74,IN_TRANSIT,TRUCK,23
e45a5784-98d9-446b-bd32-0d6044e04753,2026-05-01T06:32:51.120238,Alves Verde,Martins,70.55,CANCELLED,TRUCK,36
62f64227-aa5a-4fa0-9f67-65de08e9771e,2026-05-01T12:00:55.632365,Nascimento do Galho,Barros,12.55,DELAYED,TRUCK,50
7692ec44-512e-4b18-be2e-cae3ca653b4b,2026-05-01T08:41:57.145703,Cassiano,Pimenta,17.3,DELIVERED,AIRPLANE,32
e3366b11-0927-416a-933d-883926fea58f,2026-05-01T02:25:09.157780,Silveira,Porto,20.25,CANCELLED,AIRPLANE,66
d590aae3-60f9-4c36-a7d3-6afc67ca9c42,2026-05-01T08:03:56.374825,Moreira,Gomes,48.08,IN_TRANSIT,VAN,29
764a6bf3-bbec-412b-a6ca-2dd4d1dffd56,2026-05-01T08:26:44.198505,Casa Grande,Ferreira,22.22,DELAYED,VAN,28
5a3f1bad-57a3-40f7-8ed1-6cd024e39dbb,2026-05-01T06:12:47.745285,Castro Grande,Albuquerque do Galho,2.68,IN_TRANSIT,AIRPLANE,39
9124e05e-883c-45e2-a807-79c9a14ed1b4,2026-05-01T04:47:22.039357,Moura Grande,Macedo,88.32,CANCELLED,AIRPLANE,113
fb30b94b-59d7-4684-87b6-4c4b13101b20,2026-05-01T00:41:38.792538,Souza de Minas,Freitas das Pedras,51.24,CANCELLED,VAN,78
c5dc29fb-417d-4d9f-afdc-27a60b94ee8e,2026-05-01T05:35:25.502520,da Mata da Serra,Cardoso das Flores,30.33,DELAYED,VAN,83
62dfe84c-05b3-4a53-92d0-3262d1ae353c,2026-05-01T09:35:58.135900,Aparecida do Campo,Gonçalves Verde,32.18,DELAYED,TRUCK,74
56a448ab-0ee7-4bf2-aa54-ea0860c40d28,2026-05-01T08:12:44.530153,Melo,Melo,8.51,DELAYED,VAN,62
e5e42f99-f9be-4f76-8a1f-bc3c94794a7f,2026-05-01T03:22:00.180432,Pinto,Costela da Prata,95.62,IN_TRANSIT,MOTORCYCLE,3
4a422c77-6e5f-4441-9eca-d06eacd27dc4,2026-05-01T02:19:01.159270,Duarte de Souza,Martins Verde,39.69,IN_TRANSIT,MOTORCYCLE,91
b4a50142-87d3-425c-b69b-0ed52d566033,2026-05-01T09:47:31.171668,da Cunha das Flores,Cardoso,46.77,DELAYED,MOTORCYCLE,103
0fe69428-30bb-4cfe-b025-fd041222c67d,2026-05-01T10:04:22.005869,Fogaça de Ramos,Cassiano,30.26,CANCELLED,TRUCK,70
ea6f42f5-e713-4af2-8227-0036d9e2847a,2026-05-01T08:43:31.613635,Abreu,Sousa,93.4,IN_TRANSIT,AIRPLANE,45
b6e6f267-a423-43d9-b5f1-bcc64e555704,2026-05-01T04:03:55.945148,Barros de Minas,Gomes,72.04,CANCELLED,VAN,41
61480dc6-3a2a-4619-9df9-18d2a5574564,2026-05-01T05:49:50.112759,Albuquerque de Moura,Castro,81.43,DELAYED,TRUCK,16
696ce715-fca6-4b8f-af76-fa74c965636c,2026-05-01T09:49:30.948109,Cassiano,Rodrigues,47.68,DELIVERED,MOTORCYCLE,85
9bf80f8c-a251-48d6-86fb-520567d23d14,2026-05-01T05:10:26.190016,Vargas dos Dourados,Mendonça,71.88,DELAYED,VAN,11
0332acb9-fa97-4179-84a0-b2430df260ac,2026-05-01T06:01:47.317374,Sá de da Cunha,Santos,67.15,DELAYED,TRUCK,91
baa795a8-d130-4ba3-90c5-f0022e6bb6e0,2026-05-01T10:05:48.091240,Teixeira de Goiás,Abreu,3.72,CANCELLED,VAN,23
fe15a3cf-6a1b-4c29-84e4-b9ed7b699e17,2026-05-01T08:06:23.328599,Alves de Moura,Campos do Campo,21.95,DELIVERED,MOTORCYCLE,25
3222b125-18ba-4538-b2f6-2824b8ec0230,2026-05-01T00:48:06.797266,Fernandes,Caldeira,41.53,DELIVERED,AIRPLANE,43
2fcbc83c-1d1d-43ae-b422-7218bc617713,2026-05-01T06:11:55.525034,Correia,Alves,94.31,DELIVERED,MOTORCYCLE,89
72d73184-e571-4a0d-a59e-d4b568a32f77,2026-05-01T11:12:21.285258,Cavalcante,Borges,37.31,IN_TRANSIT,TRUCK,92
23a5f42d-6ae0-44a0-82ea-86add45a57c7,2026-05-01T09:36:18.579592,Carvalho,Novaes de Martins,22.37,DELAYED,AIRPLANE,99
6cfa38c8-6cc8-45ad-83bc-c055d5409cc6,2026-05-01T03:25:47.412813,Pereira,Leão do Amparo,97.2,CANCELLED,VAN,91
6478f71c-a4c4-431e-b631-5d7df6be2f46,2026-05-01T09:54:35.951453,Mendes,Dias do Sul,16.59,CANCELLED,AIRPLANE,47
d145ce73-c545-48f7-a69e-936db9ff51b8,2026-05-01T07:34:32.654143,Souza,Campos,97.75,DELAYED,TRUCK,91
d4c95ae2-59fd-456b-af7d-9dd7b5872c0d,2026-05-01T06:07:42.312816,Moraes de Garcia,Silveira,63.22,IN_TRANSIT,AIRPLANE,36
500ffcee-af46-471b-8d9f-0453c45fdb00,2026-05-01T05:39:13.698361,Lopes,da Cruz Paulista,18.64,DELIVERED,AIRPLANE,88
b5ef42eb-1b6d-4190-8655-0e5a1a17e453,2026-05-01T11:50:05.594610,Camargo,Nascimento,64.41,IN_TRANSIT,TRUCK,36
ff431023-a67d-4c14-8d44-55df986a6f2f,2026-05-01T06:23:30.557927,Oliveira dos Dourados,Lopes,31.55,DELIVERED,VAN,72
eb79dfcb-1e2a-470c-aadc-97a155a451d4,2026-05-01T08:49:00.024541,Pimenta,Fernandes dos Dourados,90.57,DELIVERED,MOTORCYCLE,66
0e6c49a3-5d52-4756-adaa-132ff16320f7,2026-05-01T01:57:25.007318,Novais Grande,Montenegro,5.18,DELIVERED,TRUCK,73
aba049d9-f032-4e7b-8b86-bb46ff498c78,2026-05-01T00:36:28.428775,Melo do Galho,Abreu da Serra,91.46,CANCELLED,AIRPLANE,52
d17a9825-075d-47aa-96ed-41b11c22dc7e,2026-05-01T06:37:41.523374,Cassiano de Correia,Duarte,70.93,DELIVERED,VAN,116
8bf548f6-4a70-4ffb-9170-8cde07a3ef93,2026-05-01T02:51:37.368002,Azevedo Paulista,Costela,72.51,DELIVERED,VAN,31
8dca6d35-3ca4-45e2-82c2-afcd4e67753a,2026-05-01T05:33:00.520838,Silva,Ramos,93.24,DELAYED,MOTORCYCLE,44
cc788194-14d3-4a96-a4cf-e3630d8eadd4,2026-05-01T01:39:02.690359,Guerra da Mata,Santos de Borges,77.08,DELAYED,AIRPLANE,61
31e7f2fd-69c1-454a-80ff-74b3974a9e23,2026-05-01T06:58:43.044756,Viana,da Mata,79.87,CANCELLED,MOTORCYCLE,87
b9fec326-62df-4014-8604-f06db0aaa0df,2026-05-01T00:08:41.513904,Cardoso,Cavalcanti Paulista,18.56,IN_TRANSIT,TRUCK,13
724465c1-e1ad-4fe4-9e3b-99ee3ed5ebd0,2026-05-01T04:30:23.463464,Nunes,Teixeira,3.14,IN_TRANSIT,TRUCK,116
3d6689be-228b-41b7-9df8-68167e432491,2026-05-01T00:51:08.698100,Aparecida,Mendes,72.87,DELAYED,VAN,94
6193fc15-a13f-4308-9c6d-9517201d511e,2026-05-01T05:07:11.184660,Nunes das Pedras,Freitas,71.91,IN_TRANSIT,TRUCK,3
46716114-a51e-4bda-898e-62764d949525,2026-05-01T03:24:28.515162,da Cruz do Norte,da Conceição de Minas,19.4,CANCELLED,MOTORCYCLE,49
cbad192b-722b-4c0b-984a-4d089daa7695,2026-05-01T10:40:40.493278,Cavalcante do Norte,Sá de Correia,16.65,DELIVERED,VAN,47
88d0bcb7-4ac8-4295-a761-58e25679f45f,2026-05-01T05:07:58.412956,Lopes de Sousa,Cardoso,72.68,IN_TRANSIT,AIRPLANE,70
97e9e930-9d1f-4bcb-b0e3-48b7c997da24,2026-05-01T06:31:17.890878,Casa Grande,Santos,60.91,DELIVERED,VAN,102
5aa966fa-432a-452d-89d7-c45be9d335d8,2026-05-01T10:49:41.997480,Pacheco do Amparo,Cunha,8.82,IN_TRANSIT,AIRPLANE,107
f963b538-01ea-4d9b-8ef7-1d66a2756cc8,2026-05-01T04:31:53.571507,Freitas,Pimenta Alegre,87.02,CANCELLED,VAN,68
59a2161d-8774-485a-9e28-b3af87afd401,2026-05-01T06:52:24.690410,Azevedo de Siqueira,Melo Verde,29.16,CANCELLED,AIRPLANE,27
e99d1168-a9a1-45c7-a081-25b4f8af793c,2026-05-01T06:13:12.480253,Vasconcelos Grande,da Cruz,47.73,CANCELLED,TRUCK,48
5f60da45-1d13-4c2a-a074-1bfd969e9775,2026-05-01T07:34:34.655072,Pereira,Aparecida,24.11,CANCELLED,AIRPLANE,21
1d58b0b9-d150-45b4-9779-7af068fb6dc3,2026-05-01T08:09:17.661609,da Costa,Albuquerque,22.17,IN_TRANSIT,TRUCK,91
3d1cb966-e5f6-4c6b-b893-84db96de1a12,2026-05-01T09:49:50.228182,Pastor,Lima Paulista,94.12,DELIVERED,TRUCK,78
13694623-8c81-4dc2-b215-fc8c87c2a403,2026-05-01T10:27:51.640279,Sampaio,Cunha,48.64,DELAYED,TRUCK,19
6a794c26-e1da-4896-ae04-fea88b6d15db,2026-05-01T11:10:05.501508,Nogueira,Sousa do Galho,20.42,DELAYED,TRUCK,88
7427f4d2-7653-47d1-95cd-cfdfbe1e029a,2026-05-01T09:29:38.549422,Aparecida,Costela,84.95,DELIVERED,MOTORCYCLE,86
6269d3f4-2b76-421f-b453-245fa7a79339,2026-05-01T09:24:46.069284,Moraes,Nunes Grande,89.32,DELIVERED,VAN,68
39148995-80ab-4c5f-98ab-506f1cacc484,2026-05-01T03:11:31.437654,Cavalcante,Pereira,10.27,DELIVERED,VAN,111
087bdd62-cdc3-4ec9-8d2b-842a2b1cdf3f,2026-05-01T07:37:33.463616,Nunes,da Paz,7.83,CANCELLED,VAN,35
346558fc-6f4e-4878-a71a-36c806402f5c,2026-05-01T07:03:04.424175,da Rocha,Castro,76.29,CANCELLED,MOTORCYCLE,114
37f05272-34b6-4ffc-9205-2e7ead912e51,2026-05-01T11:27:54.850758,Macedo,Costa das Flores,62.51,DELIVERED,AIRPLANE,37
35867359-0ba7-42cd-8a57-29dccd2b857a,2026-05-01T11:53:59.375402,Peixoto,Gomes,8.48,DELAYED,TRUCK,85
3ab38e7c-9a39-4fac-9e8f-c6e7849f7819,2026-05-01T11:53:24.620163,Souza do Sul,da Cruz Alegre,74.36,DELAYED,MOTORCYCLE,71
7bf53308-8e0f-402c-aabf-3cc94df18954,2026-05-01T04:19:17.298680,Cirino de Ferreira,Cassiano,76.63,DELAYED,VAN,7
78b73a56-0e74-4e27-a536-907339282a08,2026-05-01T03:09:00.654520,Pastor,Mendonça,3.31,CANCELLED,MOTORCYCLE,111
3d867b00-f023-4e41-af5b-bbc3e0028e7f,2026-05-01T11:02:17.352462,Martins,Pimenta,71.58,DELIVERED,MOTORCYCLE,29
1313f267-c9f3-4f6d-9325-258c79ef9fd7,2026-05-01T00:21:24.251994,Melo,Casa Grande de Garcia,45.2,CANCELLED,MOTORCYCLE,25
f8801103-e565-49e5-b06f-98c11d761496,2026-05-01T06:50:26.507290,Vargas,Pereira,91.34,DELAYED,VAN,33
0acb6bf3-e16a-4e27-8a9e-b69370be7618,2026-05-01T02:30:56.187663,Gomes do Norte,Cavalcante de Vasconcelos,92.89,IN_TRANSIT,AIRPLANE,65
0a407022-0907-429e-889f-723206fd1201,2026-05-01T07:49:54.030280,da Mata da Praia,Almeida de Minas,20.3,IN_TRANSIT,AIRPLANE,37
498c236e-f628-40da-8d21-08e73cb8afdc,2026-05-01T03:53:51.747247,da Luz da Prata,Rodrigues da Prata,82.67,DELIVERED,TRUCK,12
ea571cfb-ca9c-454a-b865-bfa90115adf5,2026-05-01T05:33:33.844974,da Cunha de Teixeira,Araújo de Cavalcanti,48.41,IN_TRANSIT,TRUCK,22
aab27f81-5bae-4736-ba57-44d0f260c9aa,2026-05-01T05:42:41.828151,Moraes de Sales,Moreira,96.94,IN_TRANSIT,VAN,72
fa1b39a8-daf7-4109-912c-98eccc313fe0,2026-05-01T11:00:55.749981,Caldeira de Sampaio,da Cunha,22.36,IN_TRANSIT,VAN,18
ec35bc89-8406-4e7e-b5ba-7ea9358dd2b6,2026-05-01T11:17:00.252454,Albuquerque,Gomes,36.03,DELIVERED,MOTORCYCLE,106
db424cff-cfce-49b0-bba6-49988ff647af,2026-05-01T01:21:24.499345,Nascimento,Pastor das Pedras,23.87,DELAYED,TRUCK,53
5f02dde0-27cd-4e33-af94-7b32141d771c,2026-05-01T06:29:22.078385,Guerra Alegre,Casa Grande,99.05,DELAYED,AIRPLANE,37
9f3365dd-c02e-4dab-afd8-10d40120ed64,2026-05-01T10:26:31.198740,Mendes,Guerra,32.12,CANCELLED,TRUCK,34
ff1c6b1d-3990-4eed-a8b9-e1494208cae4,2026-05-01T05:24:03.435724,Aparecida do Amparo,Câmara do Galho,85.63,IN_TRANSIT,AIRPLANE,107
fa6e704e-d187-4742-b251-f26dc02872e6,2026-05-01T07:41:11.080822,Rodrigues,da Cruz do Galho,39.08,IN_TRANSIT,VAN,14
0b264abc-b10f-4fcb-b870-52626298d0db,2026-05-01T03:32:47.396029,da Rosa do Oeste,Pacheco,95.63,DELAYED,AIRPLANE,97
0266da9a-0f7c-4e2a-accb-981c94aba4b3,2026-05-01T04:35:56.199385,Gonçalves,Vieira do Oeste,2.14,CANCELLED,MOTORCYCLE,77
4d32165e-5ada-4435-9bf9-50f3bbc54375,2026-05-01T07:06:19.735522,Montenegro,Leão,40.61,IN_TRANSIT,VAN,48
0a739860-d05f-4203-a312-9d68b54aaba8,2026-05-01T04:31:52.609321,Rezende de Minas,Freitas,97.07,DELAYED,TRUCK,97
e8abc8fa-f82c-4a81-b85a-ae2060611f2a,2026-05-01T07:18:50.016788,da Conceição das Flores,Camargo do Campo,16.74,DELIVERED,TRUCK,94
678ab32e-80ae-4c7d-b354-cfb817bb475e,2026-05-01T05:52:37.396195,Azevedo Alegre,Cavalcanti,66.37,DELIVERED,VAN,15
8425d394-66f5-43bb-baf8-d29edbb8c5d3,2026-05-01T06:13:13.059471,Pereira de da Costa,Novais,75.67,CANCELLED,MOTORCYCLE,27
2bac2e81-6af2-4baf-947e-5f8a964378bc,2026-05-01T05:40:54.693544,Sá,Farias de Monteiro,99.07,DELAYED,VAN,45
b4e8089e-e7d6-482c-9d72-57e072558ab5,2026-05-01T05:09:56.299749,Fernandes da Prata,Fogaça da Serra,66.91,CANCELLED,TRUCK,117
039b3562-7cb4-4d2e-a159-3caee3484e63,2026-05-01T03:16:38.849522,Andrade,Sá,37.25,DELIVERED,AIRPLANE,17
68f3a6b3-69df-4bc1-bf3c-dded51fd0c06,2026-05-01T05:54:34.408119,da Costa,da Mota,17.74,DELAYED,AIRPLANE,12
74ce8169-efba-4c74-bba2-f47efc148e98,2026-05-01T04:32:49.716830,Sampaio do Oeste,Camargo,31.34,DELIVERED,AIRPLANE,68
60c05f5a-2d63-4d6a-9d74-b2a797482cde,2026-05-01T00:24:11.019275,Ribeiro de Novaes,Martins,83.72,IN_TRANSIT,AIRPLANE,108
18fa2b01-fbd3-49f1-861d-9deb7f0a79a7,2026-05-01T10:58:19.862792,Cardoso de Caldeira,Cassiano dos Dourados,14.91,DELAYED,MOTORCYCLE,34
f7c3f77d-dcc6-4695-a2fb-c59620d2a101,2026-05-01T01:32:07.764729,Garcia Verde,Araújo,79.09,IN_TRANSIT,TRUCK,108
e15a2f69-def4-42b0-b98a-5e9fadf2a880,2026-05-01T07:52:39.491479,Duarte de Cassiano,Araújo das Flores,36.31,DELIVERED,TRUCK,51
9ca79583-7412-40f8-b8fe-a293f9b1a218,2026-05-01T00:50:27.311387,Garcia,Souza,29.13,IN_TRANSIT,VAN,102
b62e826e-0b37-413e-94ba-fd7bad8235e5,2026-05-01T07:16:07.507900,Albuquerque,da Costa,7.44,IN_TRANSIT,MOTORCYCLE,100
3f7831aa-6266-474f-a684-9c6348f372d8,2026-05-01T02:42:15.250122,Marques de Goiás,Duarte,9.53,IN_TRANSIT,AIRPLANE,81
5fd4dd5f-b1a2-452a-88f6-7d5d9d511657,2026-05-01T01:05:12.068464,Viana das Pedras,Machado,25.59,CANCELLED,AIRPLANE,82
d35a38b5-7e87-43ff-b823-1a757eb0d2d4,2026-05-01T01:57:10.492768,Barbosa da Prata,Araújo,40.74,DELIVERED,TRUCK,74
8db95a4c-3e35-487a-b0db-3bcacc7450c9,2026-05-01T05:29:56.777887,Ramos do Oeste,Teixeira,52.69,DELIVERED,VAN,18
e07501af-8e08-45c7-8ad1-6f72d017082c,2026-05-01T10:52:31.211476,Azevedo,Oliveira,76.22,CANCELLED,TRUCK,91
4015b892-d8b3-4dcf-903d-babffe8fee56,2026-05-01T05:14:55.087112,da Cunha das Flores,Abreu,12.35,DELAYED,TRUCK,39
e92d3a38-f6d9-4ca5-b21b-726214fe2af6,2026-05-01T11:18:28.793318,Novaes de Minas,Rocha de Ferreira,97.94,DELAYED,TRUCK,111
2bbd9d2c-f95d-4103-9dfc-a3a08496a130,2026-05-01T02:02:47.161613,Campos de da Rosa,Costela,64.9,CANCELLED,AIRPLANE,20
831e6b6e-9b53-423e-b8fc-43962f9b8ce2,2026-05-01T09:54:55.744381,Porto de Ramos,Moreira de Souza,69.82,IN_TRANSIT,TRUCK,27
031ab952-78be-4a78-8443-4d324f68aa9f,2026-05-01T00:01:12.565058,Nascimento das Pedras,da Rosa,9.07,DELIVERED,TRUCK,104
3e719361-ef86-46ae-a1d3-9c6125b47792,2026-05-01T07:25:22.723156,Fernandes de Montenegro,Cunha do Sul,9.6,CANCELLED,AIRPLANE,22
fcb65d1d-8190-4a75-994c-3f0df0c04afe,2026-05-01T08:10:20.409461,Vieira,Garcia,90.72,IN_TRANSIT,VAN,72
e16d7238-0ddb-494d-b7e6-5a11081c238a,2026-05-01T03:42:02.951150,Marques,Santos de Minas,69.81,IN_TRANSIT,VAN,113
cfbb8d42-c3ad-4926-9c71-c1f6b967accd,2026-05-01T11:16:43.910170,Montenegro de Goiás,Fogaça,46.8,DELAYED,AIRPLANE,27
af091f9e-b7c5-42e2-bb5e-d0fb8a2a5451,2026-05-01T11:48:22.438492,Novais,da Cruz de Azevedo,88.53,CANCELLED,TRUCK,89
7353f0c1-b704-49d6-8db5-59dbcbd398fa,2026-05-01T08:34:06.635560,Lopes,Aparecida,43.67,IN_TRANSIT,MOTORCYCLE,31
19a83584-9461-4df3-aa9d-7883fec8a850,2026-05-01T10:45:08.180302,Ferreira de Caldeira,Oliveira da Mata,97.37,DELAYED,VAN,109
67c16524-5b57-47b5-abb8-0f884a6edcab,2026-05-01T12:10:44.863198,Castro de da Luz,Aparecida,74.14,CANCELLED,AIRPLANE,49
523e32ed-b882-44da-aee8-5ec29af01999,2026-05-01T02:06:37.160633,Caldeira,Campos das Flores,45.65,DELIVERED,VAN,101
17cda797-9008-4ebe-845e-9f180ae9edad,2026-05-01T10:32:26.965362,Pereira de Teixeira,Rocha dos Dourados,71.83,DELIVERED,MOTORCYCLE,103
03968c44-abeb-47c6-a5f5-8c5b70202401,2026-05-01T04:00:58.213539,Garcia,da Cunha,42.55,IN_TRANSIT,VAN,74
b17eb7b4-af20-48c3-8226-f30e572c687a,2026-05-01T07:44:11.040648,Caldeira,Lima do Galho,14.39,DELIVERED,AIRPLANE,4
28523a82-dd48-4abe-9c02-5e46167bfec5,2026-05-01T08:07:01.252206,Correia do Sul,Oliveira das Pedras,23.52,DELIVERED,VAN,77
0d2ab53b-acf6-4cea-9c28-3b31aab4d686,2026-05-01T09:01:27.590220,Pimenta,Mendes,79.66,DELIVERED,TRUCK,81
57a17894-779b-4ca1-a23c-8992ff1f2d17,2026-05-01T12:24:04.560102,Guerra de Minas,Sales de Barros,22.56,DELIVERED,MOTORCYCLE,49
915fc037-6f4f-4595-905f-c8f12df26ca6,2026-05-01T04:36:30.456576,Rodrigues do Campo,Fonseca do Oeste,59.58,DELIVERED,VAN,92
007d5d5e-5164-41cb-b0d4-3588629c3382,2026-05-01T07:50:56.427029,Moraes,Peixoto do Galho,31.2,DELIVERED,MOTORCYCLE,52
6662e153-4a77-4043-999a-c62d14d6f52e,2026-05-01T00:54:35.575970,Campos,da Rocha,43.69,IN_TRANSIT,MOTORCYCLE,19
0353f15c-0931-4ebd-8914-873c65ae57a6,2026-05-01T04:43:13.459812,Correia de Guerra,Camargo Grande,51.23,CANCELLED,MOTORCYCLE,106
7ea9b7f9-e28a-4cda-9b93-5a19aebed4ed,2026-05-01T11:32:47.530545,Azevedo,Rocha do Oeste,20.56,CANCELLED,MOTORCYCLE,72
5163fce8-e072-4f00-9da1-4c2fac315cb8,2026-05-01T04:19:09.548068,Barbosa,da Rosa,2.05,DELIVERED,VAN,98
b822669c-d0e0-4639-9bc6-e44ae94b1ee4,2026-05-01T09:12:19.794824,Carvalho,Caldeira,2.04,DELAYED,AIRPLANE,82
691560a4-1320-4134-b743-e13026d152a2,2026-05-01T00:04:14.316147,da Paz Paulista,Garcia,12.06,DELAYED,VAN,29
b843dd87-1ca4-47f7-b04e-8945c5e46c89,2026-05-01T00:15:49.067844,Barros,Montenegro do Amparo,86.91,DELIVERED,AIRPLANE,112
ed67e275-c920-4dc3-b77e-8323ff92de17,2026-05-01T04:36:09.181078,da Paz,Cavalcante,26.44,CANCELLED,MOTORCYCLE,58
c7088b91-2a40-4eda-b365-3d4d9c7bf5dd,2026-05-01T00:36:52.804885,da Mota,Casa Grande,65.79,IN_TRANSIT,VAN,95
64e17b34-8567-44a5-a411-2d9cb346fabc,2026-05-01T10:18:24.476110,da Cruz,Macedo,69.78,CANCELLED,MOTORCYCLE,115
a95656ae-1628-431b-96ae-1044bc45c6a2,2026-05-01T08:11:34.008405,da Mata,da Luz,45.7,DELIVERED,VAN,78
663f139d-516b-4b14-9c11-3e881686ef9d,2026-05-01T04:55:58.831582,Cirino de Cavalcante,Sampaio,26.88,DELAYED,TRUCK,88
397ed2b7-ea11-495e-a053-850de3ea416b,2026-05-01T06:06:15.846473,Sá de Goiás,Fonseca,45.32,CANCELLED,MOTORCYCLE,45
d02cd07d-5aa6-44fa-bad1-8efeae204e08,2026-05-01T08:54:52.247623,Macedo,Caldeira de Camargo,16.11,DELAYED,VAN,56
b65705ee-37e8-47f6-95a0-a7dcbd08dea9,2026-05-01T00:50:17.190449,Guerra Alegre,Souza,11.01,IN_TRANSIT,TRUCK,32
3deb5cc4-1696-4273-9ab0-5cf468aab3b0,2026-05-01T07:10:39.136835,Guerra,Souza do Sul,89.23,IN_TRANSIT,TRUCK,43
1633e2cf-dfec-480b-84c2-40d7f5c6cb6d,2026-05-01T05:36:12.296270,Cunha,Monteiro,42.25,DELAYED,VAN,116
0cbd26d8-4e84-4bc1-a0d8-af0c6d5465e7,2026-05-01T03:13:01.837935,Cavalcante do Galho,Pires,27.16,IN_TRANSIT,TRUCK,116
0ab7a4ff-832a-4bf7-8db7-9d42f35ed675,2026-05-01T02:45:29.496907,Jesus do Campo,Barbosa,93.58,IN_TRANSIT,VAN,27
6b808745-b805-4aa4-b16f-538682392c7b,2026-05-01T05:04:30.711874,Casa Grande dos Dourados,Mendes do Amparo,13.07,CANCELLED,TRUCK,10
1e50cf99-0be6-4650-a4f9-adef87e6deb6,2026-05-01T08:54:43.548637,Borges,Castro de Minas,45.99,CANCELLED,AIRPLANE,22
81b39f59-adac-4000-aa78-4e1ad3a26b6a,2026-05-01T00:57:11.062280,da Luz da Serra,Sá do Sul,15.02,DELIVERED,VAN,35
14933f1a-45d0-4495-ac54-d091c9f200c2,2026-05-01T03:44:49.075986,Fogaça de Goiás,Porto do Galho,19.1,DELAYED,MOTORCYCLE,96
ab7ba30e-2356-4d58-82b9-a24c13830b92,2026-05-01T01:09:05.706476,Leão de Fernandes,Carvalho de Rodrigues,8.52,DELIVERED,VAN,7
e1256256-6ff3-475a-ae58-37918932c0c3,2026-05-01T07:45:52.684816,Araújo,das Neves,71.24,DELAYED,MOTORCYCLE,66
3acfb560-c26c-4708-8c92-4001c3577a79,2026-05-01T06:08:40.818688,Freitas de Lopes,Farias,24.23,DELAYED,AIRPLANE,13
84fd7dad-8280-439a-b9fe-9eb659b747d5,2026-05-01T11:34:11.768485,Sampaio,Rezende Grande,96.69,CANCELLED,MOTORCYCLE,22
29ed117b-3f3f-4b85-8d64-7ce4b7f83b6d,2026-05-01T07:21:16.795835,Farias,Rios da Serra,96.69,DELAYED,AIRPLANE,117
f2558878-78b4-4038-a27a-6ba2ccd8aac8,2026-05-01T05:55:55.696046,Sá,Campos,97.34,IN_TRANSIT,TRUCK,88
3182054d-ee8d-4497-9d15-1ea3ef311456,2026-05-01T01:27:58.298379,da Cruz do Galho,Araújo do Amparo,62.23,DELAYED,TRUCK,105
0a2919dd-c4e3-4d05-9c43-8a911402c22c,2026-05-01T04:26:18.417066,Carvalho,da Mota,37.09,DELAYED,VAN,39
bf4128e2-b4a3-4fc5-a8af-4f03c297bf70,2026-05-01T05:08:37.638812,Novais de Ribeiro,Sá,94.01,CANCELLED,VAN,79
5ce278b1-2ce1-47b7-8656-f24074680cdb,2026-05-01T10:56:08.697014,Lopes de Castro,Rocha,40.47,DELIVERED,VAN,46
45885f90-185f-4f85-8680-000b0d328640,2026-05-01T08:45:06.547922,Albuquerque da Serra,das Neves,59.28,DELIVERED,MOTORCYCLE,100
3552f215-fc86-4b84-87a7-0640cb0be4fc,2026-05-01T02:47:25.302727,Santos,Cirino de Albuquerque,72.74,DELAYED,MOTORCYCLE,98
11d69017-a6a1-4129-86ee-278deb608208,2026-05-01T00:00:34.314415,Lima do Sul,Porto do Campo,83.89,CANCELLED,MOTORCYCLE,1
2ad75e3d-55fa-40c3-a023-34a533a61904,2026-05-01T06:47:23.358660,Pimenta Grande,Silveira,29.0,IN_TRANSIT,AIRPLANE,101
19752ca6-12b6-48ae-9922-4540d70bdfc5,2026-05-01T01:58:48.482940,Nunes,Azevedo da Prata,67.52,IN_TRANSIT,AIRPLANE,35
6507526e-07c1-4590-b99a-a5abbd6e2da4,2026-05-01T12:13:24.362073,Brito,Albuquerque,9.63,CANCELLED,MOTORCYCLE,36
ec8bd1d6-2906-4334-b92b-c0466a23a18e,2026-05-01T09:14:13.127428,Nascimento de Siqueira,Sousa da Prata,76.62,DELIVERED,AIRPLANE,48
7e6013b9-1759-4e45-93c6-fc190fe06dc4,2026-05-01T07:42:35.930430,Pires,Mendonça,75.87,DELAYED,MOTORCYCLE,65
ecd81b14-137f-474f-83b6-234a25d4e158,2026-05-01T05:44:14.731549,Jesus,Freitas de Guerra,48.46,CANCELLED,MOTORCYCLE,31
5d1e4107-bb19-40f3-a8a3-d2dea48e6702,2026-05-01T03:48:05.144562,das Neves do Norte,Cavalcante Verde,18.12,DELIVERED,TRUCK,33
7fe6b048-1333-4225-9b06-159d1ed40329,2026-05-01T07:19:19.762491,Rezende,Lopes dos Dourados,19.03,DELIVERED,TRUCK,117
f5a4824e-c47b-4f6f-8e3b-c08bee680559,2026-05-01T06:51:40.072482,Alves,Ferreira do Amparo,72.56,DELIVERED,VAN,11
c0f439b9-cc3a-4aa7-a23a-6b04879cd3fd,2026-05-01T00:47:49.555779,Camargo,Santos da Prata,30.05,IN_TRANSIT,VAN,23
3cc3de30-ac7d-4d3b-acec-78ca3d9896b0,2026-05-01T07:45:20.538371,Fernandes do Campo,da Paz,79.47,IN_TRANSIT,AIRPLANE,75
0e338267-3c92-4cad-bf06-9355b989312d,2026-05-01T12:03:11.977941,da Rosa da Mata,Rezende,2.17,IN_TRANSIT,TRUCK,71
0919250b-fe12-4fb2-a25e-f3f53d1e7631,2026-05-01T05:29:30.071605,Araújo,Fonseca dos Dourados,3.4,CANCELLED,MOTORCYCLE,21
3729aacd-d44c-4b56-b2dd-b2ef3cc54ef1,2026-05-01T12:15:43.181023,Melo,Sá do Oeste,88.49,IN_TRANSIT,MOTORCYCLE,82
a52b82cc-1f1c-4a73-8726-ea5a3b8defb8,2026-05-01T12:05:23.543565,da Costa,Sá,7.07,DELIVERED,VAN,116
58d7e50d-5e56-4485-a9ea-14d039c98458,2026-05-01T10:04:01.249970,Siqueira,Freitas Grande,39.43,DELAYED,AIRPLANE,38
0b06c66d-a486-46c0-81a1-f605697eaecd,2026-05-01T05:27:47.109006,Nascimento de Caldeira,Oliveira de Gomes,73.13,CANCELLED,AIRPLANE,18
c3d1ee6f-7feb-49d3-ae8d-5e9871c1a432,2026-05-01T01:03:16.058136,Dias da Prata,Novais Verde,95.42,IN_TRANSIT,MOTORCYCLE,4
154ac6ba-3f64-4487-88e4-e823af98b2e0,2026-05-01T08:02:32.895810,Novaes,Castro,15.1,DELIVERED,AIRPLANE,104
f693576d-88f4-4a5e-bad3-bbcd495f0f48,2026-05-01T02:25:25.724828,Cunha,Pires do Oeste,46.36,CANCELLED,MOTORCYCLE,37
6134371d-00c1-4a02-8b14-3e7e5399b85c,2026-05-01T08:07:08.010005,Rios do Galho,Moraes de Goiás,10.25,CANCELLED,MOTORCYCLE,112
8d0dae27-6dc7-44fb-853e-2a5ee7e8f185,2026-05-01T06:09:16.364334,Moura da Praia,Sampaio de Minas,46.91,DELIVERED,AIRPLANE,102
08b8cfd6-79b0-418f-9725-fd08f65ebfdb,2026-05-01T01:41:40.864537,Carvalho,Nogueira,26.1,DELIVERED,AIRPLANE,100
b4562f75-16c0-40d9-b522-7afc1d907a16,2026-05-01T02:14:04.754748,Leão Verde,Peixoto,71.56,CANCELLED,AIRPLANE,27
e1f51659-674f-4d87-b415-b82d248b6c6d,2026-05-01T00:04:57.426412,Pacheco,Fernandes da Serra,52.39,DELIVERED,TRUCK,43
b2c453c7-304c-4737-b21e-0a882286472f,2026-05-01T09:32:05.181455,Gonçalves,Costela Paulista,29.11,DELAYED,VAN,24
b11b5095-a47b-41e5-970f-a3fc2be48791,2026-05-01T06:24:44.618309,Sales da Praia,da Cruz,46.65,DELIVERED,AIRPLANE,4
6612e965-d072-4152-9c53-39e444630f11,2026-05-01T07:28:13.349100,Nunes Grande,Sampaio das Pedras,52.62,DELAYED,VAN,36
2a4c3a25-2e09-40fc-a6c6-a43213885955,2026-05-01T10:02:46.051457,Alves,Garcia do Oeste,92.67,DELIVERED,AIRPLANE,113
9c21b862-3747-46c7-bf2c-95c95be14743,2026-05-01T08:08:09.390700,Nogueira,Aparecida,69.59,IN_TRANSIT,AIRPLANE,83
844e8df5-1c5e-4a52-b434-cdd446ad05cd,2026-05-01T08:37:01.344215,Garcia,Rocha,98.16,CANCELLED,VAN,39
c6419583-397d-4a00-a88b-a67bb1cc9286,2026-05-01T11:40:29.380212,Cunha de Aragão,Rocha Alegre,54.3,IN_TRANSIT,AIRPLANE,3
39135985-722a-40cc-813e-a4535c9cc80f,2026-05-01T02:26:29.870712,Silveira das Pedras,Pimenta,82.08,CANCELLED,AIRPLANE,110
cc4f24e2-3df8-4c02-9749-04689bf8a68d,2026-05-01T10:46:59.446090,Melo,Gomes,12.11,DELIVERED,TRUCK,106
fcc649e9-eaca-477f-86f7-476027c999ad,2026-05-01T00:02:40.624456,Vasconcelos,Cardoso,79.5,CANCELLED,VAN,59
37c476e9-1534-4487-a7a2-3ddf74d821b8,2026-05-01T03:30:19.489102,Pereira,Peixoto,68.17,CANCELLED,VAN,59
12de90bb-46ed-49fe-8134-5751ffe8331b,2026-05-01T08:46:21.940534,Sampaio,Monteiro,96.75,CANCELLED,VAN,100
25d67cde-01f3-45a6-9ea2-ec02ba3a99fe,2026-05-01T09:24:50.409809,Farias de Novaes,Novaes,85.36,IN_TRANSIT,MOTORCYCLE,51
3e1d2aa3-ca73-41bf-8e96-9d007976cae1,2026-05-01T05:02:50.010831,Farias Grande,Barbosa de Goiás,49.61,CANCELLED,AIRPLANE,81
72bce67d-478c-4573-a752-2f3211208438,2026-05-01T04:00:29.232015,Melo da Serra,Lima,83.46,DELAYED,TRUCK,23
754bb94b-185b-43a6-a5c0-52373c3a864f,2026-05-01T00:36:56.138569,Caldeira de Goiás,Cavalcanti de da Cruz,86.44,IN_TRANSIT,VAN,38
3090e845-9ba2-4924-b126-6b201bd74043,2026-05-01T07:37:13.825678,Pimenta,Oliveira,78.54,DELAYED,AIRPLANE,27
e019f7db-3eb5-44c9-abc8-ccbaaac76432,2026-05-01T09:49:49.934760,Andrade da Serra,Cirino de Minas,39.1,CANCELLED,TRUCK,27
0ef67523-dd68-46fe-962b-3dbd640166a7,2026-05-01T01:17:30.066298,Cardoso,Lopes,33.85,IN_TRANSIT,MOTORCYCLE,104
2fb1ab4f-af16-470c-bca7-24bdfa19c541,2026-05-01T02:34:51.922209,Montenegro,Campos,1.67,DELIVERED,MOTORCYCLE,32
a59f9df7-c2f7-4498-8481-a8aafbeaadaf,2026-05-01T09:02:59.492388,Porto,Melo de Mendes,29.65,CANCELLED,AIRPLANE,44
452f1b1f-58f5-48f4-9c7d-6e28a99dc3aa,2026-05-01T12:19:08.956911,Casa Grande Paulista,Moreira Verde,12.74,IN_TRANSIT,AIRPLANE,54
2cb3caf4-feb5-4415-8f44-eb63c674299d,2026-05-01T10:00:26.691452,Cunha Verde,Novais das Pedras,98.47,IN_TRANSIT,TRUCK,21
ffc6e830-b6e6-43d4-a00a-3ab410776e66,2026-05-01T00:24:38.190391,Abreu,da Rosa do Oeste,53.71,DELIVERED,VAN,83
c67a3919-a7eb-44d7-b66c-f15a8f3ea1d2,2026-05-01T09:36:53.878105,Macedo,Ramos Verde,5.44,DELIVERED,VAN,92
4b3a06d3-c1a3-4b93-b107-8183df32b049,2026-05-01T09:25:01.791861,da Cunha do Norte,Rezende,72.18,IN_TRANSIT,AIRPLANE,18
56d9f4fe-3ee0-4998-abcd-678728535ec5,2026-05-01T10:41:53.638879,Guerra,Siqueira,82.25,DELIVERED,MOTORCYCLE,112
3e33f09e-842d-405d-9c7c-527fa3cf8773,2026-05-01T02:50:57.175287,Pires de Aragão,Fogaça de Minas,26.47,CANCELLED,TRUCK,96
deb0f01f-4a37-4a98-9305-294e70b769aa,2026-05-01T06:33:28.392920,Aragão de Pinto,da Mata do Campo,46.11,DELIVERED,MOTORCYCLE,44
a59e92fc-bd90-453f-8f42-b1de2817a8a7,2026-05-01T02:27:01.116303,Vieira de Aparecida,Fonseca,28.09,DELIVERED,MOTORCYCLE,17
509ab0df-219a-432b-9969-514ffbc0345a,2026-05-01T01:23:36.734476,Moura,Pinto,14.24,DELIVERED,TRUCK,13
2d513cec-e7e8-46e7-b53a-338129dc24e1,2026-05-01T02:09:17.949719,Souza,da Costa,2.2,DELAYED,AIRPLANE,58
65d86b3e-7c44-4f7f-a6ee-a7d8dca8a2ee,2026-05-01T08:13:34.818396,Azevedo,Fonseca,7.57,IN_TRANSIT,AIRPLANE,54
6d90a4d7-a91b-4e3e-92a5-7ba092f5bb84,2026-05-01T02:45:28.879209,Vieira da Serra,Ramos,63.46,CANCELLED,AIRPLANE,69
4b131a11-449a-49e7-b79d-e75626a7e627,2026-05-01T09:39:20.560400,Vasconcelos de Oliveira,da Rosa,49.89,DELIVERED,TRUCK,25
9777b453-2386-41cc-8ed4-90b941e8e20b,2026-05-01T06:03:17.262388,Lima das Pedras,Andrade de Silva,65.33,DELAYED,MOTORCYCLE,79
e1b997f8-1e30-466f-9c8d-42db1cd98fe1,2026-05-01T01:30:24.602096,Cunha Paulista,Cavalcanti dos Dourados,95.96,IN_TRANSIT,VAN,43
099b2c9b-f07d-425e-b7ca-1ef6011bbe58,2026-05-01T05:43:50.945486,Rocha,Barbosa,44.37,CANCELLED,VAN,105
3eb75cf6-e33b-4cc3-81da-8a8575f240ef,2026-05-01T04:18:28.107495,da Rocha da Serra,Brito,37.32,DELIVERED,MOTORCYCLE,41
2e572c2c-f4e8-4899-87d2-f63939f10dfc,2026-05-01T05:26:25.865615,Moura do Norte,Guerra,52.94,DELIVERED,MOTORCYCLE,8
6f4cb625-122e-4123-add9-2714d7b69296,2026-05-01T03:59:01.201957,Leão,da Cruz de Siqueira,42.91,IN_TRANSIT,VAN,74
6805b5c6-994d-4003-b09d-e7cc8b2692e3,2026-05-01T09:39:52.551143,Siqueira,Peixoto,9.16,DELAYED,AIRPLANE,8
52ed3a7e-0a8d-4e51-ba7e-d1cea5e501ac,2026-05-01T04:33:33.942455,da Costa Grande,Silveira de Sales,73.83,DELAYED,AIRPLANE,29
f3310c2f-f82c-4912-8c89-d73bc56228e2,2026-05-01T07:33:14.840430,Lopes,Camargo,86.65,DELAYED,MOTORCYCLE,105
66a2238a-1e09-4bd4-b9dd-0db201da5bb8,2026-05-01T02:12:25.298875,Siqueira dos Dourados,Mendonça de Montenegro,6.5,IN_TRANSIT,TRUCK,95
90f30a1a-6140-4b1c-a027-1fc81e1369cd,2026-05-01T00:02:45.016567,da Conceição,da Cunha de Minas,31.84,IN_TRANSIT,MOTORCYCLE,24
7fa7059d-8d10-47ea-9f4a-ba3b0ef962ae,2026-05-01T10:40:11.051370,da Paz,Almeida,89.76,IN_TRANSIT,TRUCK,74
c4d1d22a-9765-4285-a67e-7ad2f45209a4,2026-05-01T09:14:00.656036,Cirino,Pereira das Pedras,76.86,IN_TRANSIT,MOTORCYCLE,72
007cbe67-ee5c-44fa-8766-491645e87a31,2026-05-01T10:45:24.270756,da Cruz Alegre,Gomes do Campo,71.27,DELAYED,VAN,6
4897ba50-24b2-4841-bdfb-81c6740e1251,2026-05-01T03:09:37.478105,Aparecida de Castro,Nunes,72.63,DELIVERED,AIRPLANE,79
532fa4a0-b1ac-401b-8d1e-8addc9ea308b,2026-05-01T09:14:16.827354,Lima,Fernandes,22.59,CANCELLED,TRUCK,102
ba50cb5a-491c-4fad-934c-05f8c28ece99,2026-05-01T11:05:46.640842,da Paz,Barros,69.05,CANCELLED,MOTORCYCLE,17
3d38d891-b6e8-487a-ad25-56571c18d0b4,2026-05-01T06:34:41.162263,Cirino do Sul,da Cruz de Lopes,58.15,DELIVERED,MOTORCYCLE,31
b6e19869-86f1-4691-a8ec-fc17dc382d05,2026-05-01T02:53:56.567526,da Rocha de Montenegro,Jesus,17.75,IN_TRANSIT,MOTORCYCLE,43
c5a0ff39-fe9c-4ece-887a-8793d28a7ac8,2026-05-01T03:46:29.747050,Aragão das Pedras,Mendes,14.78,DELIVERED,AIRPLANE,95
d6216570-d41d-4d56-acbe-a413d6079280,2026-05-01T03:09:45.415238,Lopes Verde,da Paz,46.53,IN_TRANSIT,TRUCK,112
72324676-2c4f-4446-8d47-400d92df3281,2026-05-01T08:59:14.688596,Nascimento de Vargas,Cassiano de Montenegro,81.78,DELIVERED,VAN,68
da3bf523-41fd-4e76-91dc-99413045eca2,2026-05-01T03:37:59.607336,Lopes,Fernandes Verde,2.31,CANCELLED,VAN,32
35e0b271-fefc-42e2-9075-2b892a49f9d1,2026-05-01T01:54:37.911532,Silveira,Moura dos Dourados,80.07,IN_TRANSIT,AIRPLANE,2
5a783bcb-cb25-4d40-bb17-67efb373c12a,2026-05-01T05:40:58.721410,Siqueira da Mata,Pinto do Amparo,95.76,DELIVERED,VAN,81
e246d32b-7cb3-4363-a319-e7ca90d75f99,2026-05-01T03:00:45.948831,Araújo,da Conceição,45.06,IN_TRANSIT,TRUCK,117
4c648337-8ddf-4301-85a9-5b623b7fbfe6,2026-05-01T01:25:00.094521,Brito da Prata,Novaes,31.92,CANCELLED,VAN,17
55a3cb23-edc2-41ae-83c4-7e166f90bab3,2026-05-01T05:28:53.864108,Novaes dos Dourados,Guerra,86.55,DELIVERED,MOTORCYCLE,114
a3d85342-502f-48ab-8aa4-5f3188cd21a2,2026-05-01T00:28:03.635497,da Conceição,Pastor dos Dourados,90.2,CANCELLED,VAN,14
0a0b9c98-d782-4246-b9cd-d11c37cc4ca8,2026-05-01T04:02:09.101221,Cirino do Oeste,Lima,69.4,DELAYED,AIRPLANE,108
0aac5b69-9fa5-4399-9fda-45206f3acde6,2026-05-01T08:41:20.619825,Almeida Grande,Viana dos Dourados,19.21,IN_TRANSIT,MOTORCYCLE,78
cd87b076-1c60-4aea-bd9b-f4d932a740c9,2026-05-01T02:07:26.797930,Costela,Correia da Serra,60.58,DELIVERED,MOTORCYCLE,113
a323b3c3-60dd-4497-9e69-c150cefa8eb9,2026-05-01T01:00:57.910562,Mendes do Galho,Aparecida dos Dourados,73.76,CANCELLED,AIRPLANE,9
d1ddc4ed-d909-4a9d-8611-b8e5c1365f79,2026-05-01T11:06:00.090445,Cardoso da Praia,Oliveira,90.44,CANCELLED,MOTORCYCLE,30
e884fd32-f4aa-428d-9cef-36605679be4a,2026-05-01T01:48:50.093082,Gonçalves da Serra,Fogaça do Amparo,36.36,DELIVERED,AIRPLANE,78
233d28a7-f116-4150-b6f5-5d7d1f9e1bde,2026-05-01T05:45:36.072311,Cassiano de Goiás,Azevedo,90.37,CANCELLED,VAN,26
63c0c8c9-9165-4bfd-be79-c761d7eedf96,2026-05-01T06:47:48.054511,Lopes,da Conceição de Minas,3.8,CANCELLED,MOTORCYCLE,24
607eff10-fc3e-492d-9141-d5f053b202d9,2026-05-01T08:46:10.168604,Pires do Amparo,Sales,3.16,CANCELLED,AIRPLANE,18
96224fb9-4f10-4a89-9a25-d987d30aed17,2026-05-01T09:22:56.383705,Mendonça,da Costa,48.97,DELAYED,MOTORCYCLE,94
59d05e6d-4ea6-4e06-b8fd-1f8e0e3d78d4,2026-05-01T05:02:08.283204,Cavalcanti do Oeste,Pimenta dos Dourados,41.44,DELIVERED,TRUCK,51
a01df09b-89d7-4081-9aa7-a661df95413e,2026-05-01T04:53:00.267096,Gomes,Sales,24.98,DELIVERED,TRUCK,97
03bb7fb5-acec-493f-8146-b31c53fac983,2026-05-01T05:17:12.421169,Novais do Amparo,Lopes,76.49,DELAYED,VAN,59
1beaf8c1-88d5-492b-bee4-04260dbd6e81,2026-05-01T09:34:11.475240,Cirino,Farias,29.18,DELAYED,AIRPLANE,73
a040f1f9-2d12-4f86-9b1c-a268b4635f52,2026-05-01T01:07:56.673657,Camargo,Sá,17.16,CANCELLED,AIRPLANE,13
9b86b4ad-3118-4a45-83ce-d5755a6f1549,2026-05-01T05:12:53.752091,da Cunha,Nunes,3.55,DELIVERED,MOTORCYCLE,109
2c5d9989-9f12-4252-bea5-885eda9becc3,2026-05-01T05:24:43.461635,Farias do Galho,Brito Paulista,1.4,IN_TRANSIT,MOTORCYCLE,61
f3186441-baed-4921-b712-d6f18d8c7c39,2026-05-01T01:17:44.320340,Santos de Ramos,Caldeira,30.16,IN_TRANSIT,VAN,71
8079919a-604f-4c7c-8279-2e7b002bb86c,2026-05-01T00:23:56.797037,Pires de Souza,da Paz do Galho,48.47,CANCELLED,AIRPLANE,48
0541268e-d5f7-4c6c-b156-394091a375d6,2026-05-01T09:33:30.064666,Alves da Serra,Cassiano,85.42,DELIVERED,AIRPLANE,114
ee063739-b869-413c-b767-f4810b016467,2026-05-01T07:45:42.725397,Novaes,Albuquerque Grande,62.4,DELAYED,AIRPLANE,110
be075bc9-5ec8-45d1-b95b-761fe1cfb938,2026-05-01T00:23:11.176029,Sampaio Grande,Campos das Flores,18.96,CANCELLED,AIRPLANE,28
cc26a8da-6074-4716-9a42-329d065371fc,2026-05-01T10:19:08.968774,Castro,Silveira,34.66,DELAYED,MOTORCYCLE,75
a15f5315-ee72-47fe-a464-28650e1b068b,2026-05-01T02:31:23.688601,Câmara,Monteiro Paulista,63.76,DELIVERED,MOTORCYCLE,74
58130446-2c05-4eac-ac19-d0485f59525a,2026-05-01T09:06:51.493076,Porto,Ribeiro da Prata,80.38,DELAYED,TRUCK,101
bbd9e4c1-fe4b-484e-afb8-d890b6d3f5fc,2026-05-01T09:23:58.143880,da Rocha,Cirino,52.47,IN_TRANSIT,MOTORCYCLE,46
1d123845-a8b1-468b-9dce-09c81c684cdf,2026-05-01T06:50:13.705148,Oliveira,Pacheco de da Rosa,6.89,DELAYED,VAN,34
93d6b5bd-8300-47c5-94ca-af1abf8b69d3,2026-05-01T01:11:14.240969,Abreu,Lima,28.34,CANCELLED,VAN,117
2ce60b5d-fb1c-4d78-abce-a9dcf13c82ba,2026-05-01T02:13:17.608861,Araújo,Macedo de Cavalcante,11.36,DELAYED,VAN,53
19e8cd35-21b1-4ba7-906b-b581f7e3fb19,2026-05-01T01:01:04.438146,Ferreira das Pedras,Fogaça das Pedras,60.72,CANCELLED,AIRPLANE,4
c0cb6cba-a1a9-4754-bad0-637e955217b4,2026-05-01T10:02:22.759576,Barros,Rocha do Campo,88.62,DELIVERED,VAN,82
f9d85189-a1ac-4444-8c21-dac6bf9387d5,2026-05-01T08:30:11.525030,Novais de Goiás,das Neves,24.02,DELAYED,TRUCK,34
403485b0-8fea-492b-b8c9-ceeea5fb1ca2,2026-05-01T11:24:32.919160,Moura das Pedras,Lima,85.77,CANCELLED,TRUCK,43
ac29c07a-9395-49e9-b3de-08f5f812e0ad,2026-05-01T06:24:41.071898,Mendonça do Sul,Borges,98.67,IN_TRANSIT,AIRPLANE,16
263b921b-df4d-4e4c-8142-eeed9f27c351,2026-05-01T07:46:03.587197,Nascimento Alegre,Barros,47.01,CANCELLED,TRUCK,98
164a2d25-af3c-4f7f-b17d-0be99a2ed7ed,2026-05-01T07:21:08.444832,Carvalho da Serra,Cardoso de Minas,31.06,DELAYED,VAN,87
28c45e17-b522-4503-b57d-edd1b964f787,2026-05-01T07:18:52.465342,Carvalho do Amparo,Silveira da Mata,7.3,DELIVERED,TRUCK,89
50255563-1ebb-4b84-8d2d-81148e0afeee,2026-05-01T12:20:53.113804,Siqueira de Fogaça,Borges Grande,68.02,CANCELLED,AIRPLANE,73
344e9737-5489-4ea7-a31a-7863a678b88d,2026-05-01T07:14:28.927909,Costela das Pedras,da Conceição das Pedras,95.27,CANCELLED,MOTORCYCLE,11
a564974a-d485-4194-85bc-f1ab69d040fd,2026-05-01T02:15:49.751712,Melo,da Cruz,27.58,DELIVERED,VAN,43
00a3d320-abe9-42f6-9c29-6096153fe77e,2026-05-01T06:52:02.344332,Carvalho de Silveira,Peixoto de Lopes,70.39,DELIVERED,TRUCK,29
4bc6fd23-70ab-424f-a994-5898941857c3,2026-05-01T10:18:46.831928,Pires das Pedras,da Mata da Mata,84.56,IN_TRANSIT,AIRPLANE,80
5d7b0b0c-e921-4e70-b3b5-4307c3b2d106,2026-05-01T10:07:57.695136,da Cruz do Campo,Pereira do Campo,54.46,IN_TRANSIT,AIRPLANE,43
8f158455-a861-44f1-97fc-d7c8bc73c11a,2026-05-01T08:25:35.244157,da Mata,Sá do Oeste,80.47,DELIVERED,TRUCK,87
2716bed8-46c9-416b-bbed-882b5cf99af0,2026-05-01T00:12:45.152396,Fonseca do Galho,Cassiano,84.07,DELIVERED,TRUCK,81
c5b556a5-a209-4126-b315-30b9815ce3cc,2026-05-01T04:19:58.633663,Duarte,Azevedo de Goiás,66.0,IN_TRANSIT,TRUCK,21
c062da1d-9a54-436d-b465-75bfacbedd7c,2026-05-01T06:08:35.308180,Rodrigues,Cavalcanti,34.54,DELIVERED,MOTORCYCLE,18
dcbb2328-c59a-41fc-94b1-81003f2db90e,2026-05-01T09:46:05.401121,Porto,Jesus,7.02,CANCELLED,VAN,4
fb4d406c-23b7-451a-89cc-8b49fa8c9f91,2026-05-01T05:10:28.890981,Moraes,Rios,94.83,DELIVERED,MOTORCYCLE,39
e5385a71-d301-4cab-b1c2-239ecb00fdd6,2026-05-01T00:45:34.220317,Sampaio,Moura,90.17,IN_TRANSIT,MOTORCYCLE,83
8dcca021-226f-47ba-ab93-754438bb173d,2026-05-01T12:15:22.989824,Barros da Mata,da Rocha de Pereira,78.02,DELAYED,VAN,6
f1559faa-993b-4ada-972c-00bc103944a2,2026-05-01T00:54:59.211631,Moura,Pimenta das Flores,5.99,DELIVERED,AIRPLANE,86
3a302a6f-8a2a-47c4-be1f-d74bdefde6c3,2026-05-01T05:41:29.821283,Melo,Lopes do Amparo,15.85,DELAYED,VAN,113
df4c1e9d-9c71-4ac9-bc51-212b65df2dc9,2026-05-01T08:34:18.777836,Alves,Pastor,94.69,DELAYED,AIRPLANE,55
c10c745c-fe61-4f93-b200-23c5acca37e1,2026-05-01T05:29:01.975722,Freitas,Macedo,2.55,CANCELLED,VAN,7
f1d7cac2-067a-4b65-ba0d-bec677bc6ca1,2026-05-01T00:51:33.082545,Rodrigues,da Conceição,65.93,CANCELLED,VAN,109
c04ce9b1-7812-418a-9c4e-f3832bb61de9,2026-05-01T12:22:58.356473,Borges da Prata,Macedo,85.14,DELIVERED,MOTORCYCLE,97
b176f32e-5b0b-4286-ae94-daab9aea1022,2026-05-01T09:52:46.360545,Gonçalves de Cirino,Ribeiro,30.63,DELIVERED,TRUCK,22
8e522f39-dbd2-4043-a12d-9685151c4d7d,2026-05-01T10:11:36.726274,Albuquerque da Mata,Carvalho,50.08,IN_TRANSIT,TRUCK,53
f35485be-e0f7-42d6-a47c-5c1629f0e270,2026-05-01T02:50:29.335230,Nogueira Alegre,Nascimento do Amparo,43.01,IN_TRANSIT,TRUCK,47
dfadbd41-576a-431d-81d7-56cc4f6a9ab8,2026-05-01T09:56:35.644835,Pimenta,Nogueira,70.58,DELIVERED,AIRPLANE,45
c80b1107-5d7b-4d19-8010-e9b7cb14fd46,2026-05-01T03:29:16.411779,Araújo da Praia,Cassiano Alegre,6.52,IN_TRANSIT,MOTORCYCLE,117
0bc6285e-7eb0-4c7a-83c6-1d2373ade348,2026-05-01T09:16:07.430097,Cunha,Correia,74.25,CANCELLED,MOTORCYCLE,61
294c75fd-4154-4fb0-8abe-5ec4689c363b,2026-05-01T10:14:20.471664,Machado Grande,Borges,19.2,IN_TRANSIT,TRUCK,82
ac994525-33a8-464e-aee2-3d8c5804b6a0,2026-05-01T07:52:23.652063,da Conceição do Sul,da Rocha,97.13,DELIVERED,AIRPLANE,117
fab89d01-f754-4eaa-a7dc-7cd235280c44,2026-05-01T07:46:51.396542,Souza,Pimenta da Mata,98.06,DELAYED,MOTORCYCLE,112
73323acd-c5e9-4274-bcd8-4f7ba734565f,2026-05-01T05:54:45.316710,da Costa do Sul,Barbosa do Campo,9.65,DELAYED,VAN,39
78bca98a-f593-4e49-8a14-2a69fc9414ed,2026-05-01T03:32:41.820570,da Rosa,Nascimento de Sales,21.69,CANCELLED,AIRPLANE,2
430c79d7-958e-4995-a53b-8e90b66c1bcf,2026-05-01T02:43:40.306165,Sousa do Campo,Fernandes do Sul,98.49,CANCELLED,MOTORCYCLE,66
57c550d5-7957-4c33-8f6c-0c3e3e50f219,2026-05-01T03:02:22.490081,Nogueira,Câmara do Galho,70.64,IN_TRANSIT,TRUCK,105
1245fabd-2f9e-4aa7-8683-9382f097106d,2026-05-01T05:45:04.978210,Macedo,Vasconcelos,84.33,DELIVERED,VAN,94
649e0676-fed6-4a6b-a58d-c231a26ba397,2026-05-01T02:23:50.095373,Pacheco,Melo Paulista,79.63,DELAYED,MOTORCYCLE,59
d6b2140d-6885-44b1-a86e-4699f57fec9e,2026-05-01T10:57:42.697966,Sampaio,Sá,18.16,DELIVERED,AIRPLANE,120
f33cfa1a-de15-42ed-9401-e882ab801fc2,2026-05-01T12:22:38.145403,Albuquerque das Pedras,Sá do Sul,1.31,CANCELLED,VAN,49
9c757e54-0d9d-4b6d-adc3-e3b99d3998e4,2026-05-01T03:27:09.084404,Albuquerque,Camargo,64.88,DELIVERED,MOTORCYCLE,61
0bab0547-8612-4818-9e6a-4cd65c98bf6e,2026-05-01T08:21:33.973592,Albuquerque da Prata,da Rosa,60.02,IN_TRANSIT,VAN,69
52c1033f-adb0-4182-8b86-196cd61bc3c3,2026-05-01T04:37:18.680955,Moraes de Moraes,Fogaça,72.89,CANCELLED,TRUCK,57
7afbf656-f333-4ac0-8e92-087ba4890725,2026-05-01T03:58:05.150221,Machado,Costela,65.3,CANCELLED,MOTORCYCLE,5
9bf314da-830f-4753-a99b-1f8664603f19,2026-05-01T05:16:42.832381,Correia,Mendonça da Praia,96.86,DELIVERED,AIRPLANE,36
05704f6c-fe79-45e9-ab7e-2562a7ddf27c,2026-05-01T11:42:31.103160,Cardoso das Pedras,Dias Verde,58.46,DELIVERED,MOTORCYCLE,19
742d072c-edcb-444e-a5cf-608062487815,2026-05-01T09:27:57.726957,Gonçalves,Vasconcelos,51.82,CANCELLED,VAN,103
8199a3d3-3461-41ed-96ea-4d2e5c22365a,2026-05-01T06:56:55.762857,Rios de Araújo,Ferreira,48.98,DELAYED,VAN,99
0ac87343-f90f-4a24-911a-64448a7f2820,2026-05-01T08:57:37.609110,Nunes do Norte,Barros de Peixoto,69.44,CANCELLED,TRUCK,36
1acb6ac0-1f85-4bac-8933-5e87238939d1,2026-05-01T09:45:28.200302,Lima Paulista,Farias,10.12,IN_TRANSIT,TRUCK,82
9b4e9516-4abd-43ce-bf6e-7c28dbcc3ef8,2026-05-01T10:41:09.549915,Monteiro,Vargas,89.28,IN_TRANSIT,VAN,117
ad9a88b0-6eef-4d8c-b01a-5d0c0ba645b6,2026-05-01T00:06:35.418770,Caldeira das Pedras,Moura,38.08,DELIVERED,AIRPLANE,56
c7071dc8-c0ec-4277-81be-d290c2520d26,2026-05-01T05:11:32.651351,Monteiro,Andrade,24.92,IN_TRANSIT,MOTORCYCLE,17
