shipment_id,timestamp,origin,destination,weight_kg,delivery_status,vehicle_type,estimated_delay_minutes
d0bd7823-056b-40dd-a8fc-d4c1770b27a5,2026-05-01T08:01:47.741513,Albuquerque das Pedras,da Costa da Praia,22.86,IN_TRANSIT,AIRPLANE,15
a5374c73-0468-41dc-8a92-2e27c3a61893,2026-05-01T08:38:56.426531,da Paz Alegre,Sousa do Norte,7.7,CANCELLED,MOTORCYCLE,35
ff9aa379-b154-42a9-961f-c2e1d0191ec9,2026-05-01T04:52:51.657659,Cunha de Farias,Garcia,58.36,IN_TRANSIT,TRUCK,116
f97b75bc-f4bf-41e7-9164-0ca7ff4816c5,2026-05-01T04:54:22.449122,Sá,Barros,45.29,IN_TRANSIT,TRUCK,25
819f2f87-9c01-41df-bd54-93e6550d96b3,2026-05-01T04:18:59.499007,Moura,Câmara,49.0,IN_TRANSIT,MOTORCYCLE,82
6f37a475-1f11-4fc0-80a0-eeab14407c32,2026-05-01T12:16:41.063001,Caldeira do Campo,Moreira das Flores,28.04,CANCELLED,MOTORCYCLE,7
b8aa76b8-85e0-4da6-a79f-5632b5a96ff9,2026-05-01T01:46:00.908610,Novaes de Caldeira,Abreu,13.28,IN_TRANSIT,MOTORCYCLE,27
fb9fed1a-4a7e-4c46-b84b-d4346d213e79,2026-05-01T00:28:31.369747,Cirino dos Dourados,Jesus das Flores,42.51,DELIVERED,VAN,7
2302b828-4f9d-44c6-8093-0b75329efcbb,2026-05-01T05:10:31.054842,Monteiro,Cardoso da Prata,78.17,DELIVERED,VAN,77
98695540-340e-40c0-ba19-ac80680da1b4,2026-05-01T02:29:19.607348,Pinto Paulista,Peixoto,7.75,DELIVERED,MOTORCYCLE,17
14fb945c-504f-4708-ad70-c937e9968933,2026-05-01T11:32:29.437118,da Paz,Caldeira do Amparo,10.85,DELIVERED,AIRPLANE,97
39837743-e7b1-48da-844f-65f0fe55f493,2026-05-01T12:17:30.228819,Pires,Pastor de Minas,22.21,DELAYED,AIRPLANE,81
cf6b9145-fec7-47b4-beda-49af00dc2c5e,2026-05-01T00:05:35.760648,Moura do Sul,Rocha de Moura,33.24,CANCELLED,MOTORCYCLE,15
8766a9ab-9f23-4fd9-9d8e-858993c436fc,2026-05-01T05:53:18.118085,Brito,Gonçalves das Flores,98.9,CANCELLED,MOTORCYCLE,6
67eea022-e6ae-4d08-b1db-4b833aaa5c7d,2026-05-01T04:18:27.995744,da Conceição,Leão,61.1,DELAYED,MOTORCYCLE,56
f7e90dce-6289-4f05-85ff-04a581325b0b,2026-05-01T10:56:29.447234,Rezende,Peixoto dos Dourados,35.44,DELIVERED,VAN,95
bd0d3e90-1064-480c-879f-d3d6f06d0d56,2026-05-01T00:17:20.256119,Moura,da Rocha,39.01,CANCELLED,VAN,78
055bac21-ccd7-4c63-837b-465718b1c7c2,2026-05-01T09:58:41.048854,Machado,Rodrigues,90.09,DELAYED,TRUCK,92
204b98c0-07e7-4c97-94e1-0d3619ec1d72,2026-05-01T06:38:40.233661,da Cunha das Pedras,Souza,89.93,DELAYED,AIRPLANE,112
054674dc-b04b-4e01-bcba-0b1a385270e8,2026-05-01T00:48:21.656892,Peixoto do Amparo,Costela da Praia,71.03,CANCELLED,MOTORCYCLE,112
1faa3245-8741-4b61-b111-a41f3790f875,2026-05-01T06:48:00.796835,Vargas,Fogaça,11.73,IN_TRANSIT,MOTORCYCLE,67
8749e0c6-473d-42bd-ac53-4efea6389cb9,2026-05-01T06:34:45.537577,Vieira,Pinto,39.89,DELAYED,VAN,98
ad945439-00c4-4118-991b-5c29161ebefe,2026-05-01T02:08:22.994453,Costa de Caldeira,Vargas,64.45,DELAYED,VAN,87
9479de03-2a9c-477f-9339-07895a4672fd,2026-05-01T11:17:39.105201,Novaes de Novaes,Borges,50.35,CANCELLED,TRUCK,117
214db199-efad-459a-87a8-320e1390dfc6,2026-05-01T00:30:49.851184,Moreira,Sales,99.62,DELIVERED,AIRPLANE,30
06115acc-d6b1-446d-91b3-5e138712620c,2026-05-01T08:12:13.312882,Montenegro,Pacheco da Prata,99.19,DELAYED,TRUCK,71
71c38183-7867-4acc-92d1-e2bd3915b16a,2026-05-01T06:11:41.942290,da Mota das Pedras,da Conceição dos Dourados,65.09,DELAYED,TRUCK,37
790638b3-a01b-4dc1-91f1-cd235f9fe648,2026-05-01T08:30:37.545279,Barros dos Dourados,Fogaça,85.65,CANCELLED,TRUCK,82
646abcc4-6b2d-4f95-9763-bb57fb35b39d,2026-05-01T10:36:04.593236,Barros de Fogaça,Nogueira Verde,64.91,DELIVERED,AIRPLANE,102
3915a95f-8a11-47cc-b0af-ef51f297bc7a,2026-05-01T10:28:20.376238,da Cruz,Barros do Norte,73.47,IN_TRANSIT,AIRPLANE,32
118b2d29-c5d9-4d98-bf2e-014fca3a9073,2026-05-01T08:44:42.856194,Caldeira,Alves,41.26,IN_TRANSIT,MOTORCYCLE,27
40197c66-c063-4efb-89c3-251c546ee1da,2026-05-01T00:45:26.346409,Moura,Porto de Oliveira,10.4,DELIVERED,TRUCK,73
e9d676a3-9b03-406c-b177-837b12bb1f9c,2026-05-01T04:43:47.255092,Cardoso,Marques,92.48,CANCELLED,MOTORCYCLE,6
66851938-97b7-48fe-8dcf-45fc370254f9,2026-05-01T05:30:24.656892,Vasconcelos da Serra,Sales de Minas,34.1,IN_TRANSIT,TRUCK,9
fd019840-0bc3-4698-b946-3b55f70bb2ce,2026-05-01T06:14:00.548023,Oliveira,da Mata de Silva,78.33,DELAYED,MOTORCYCLE,77
70baed67-4f53-422f-9f9f-94312c458f4a,2026-05-01T01:45:34.442604,Peixoto,Silva do Amparo,59.06,DELAYED,TRUCK,11
7dd80f0d-661c-43a0-92c6-5473bfc4f106,2026-05-01T03:44:18.936990,Costa de da Costa,Abreu de Campos,16.95,DELAYED,AIRPLANE,116
c39f05d0-cfb0-48f1-9e9e-297f4f03a88a,2026-05-01T04:28:00.785773,Viana do Oeste,Barbosa,49.97,DELIVERED,MOTORCYCLE,78
3a1359c1-bf36-4b83-af5c-4683fbe5899e,2026-05-01T03:21:12.541818,Moura,Siqueira,63.22,DELAYED,MOTORCYCLE,38
54624684-085b-4770-ab49-8a342f8ca52b,2026-05-01T05:42:02.951469,da Rocha,Porto de Moraes,76.99,CANCELLED,AIRPLANE,103
41e8b24d-97a8-4245-8286-885f2f398698,2026-05-01T07:27:30.886140,Carvalho Alegre,Jesus,85.38,DELIVERED,MOTORCYCLE,46
79ea2be8-ec9b-49c3-825d-7517933c5149,2026-05-01T09:41:22.499341,Ferreira,Garcia,89.23,DELIVERED,AIRPLANE,75
06051d6c-4183-4810-b3df-5e1f295b6a8a,2026-05-01T05:16:01.732391,Cavalcante,Ribeiro,13.27,IN_TRANSIT,AIRPLANE,96
c6e810f5-ca5f-416c-b53d-4372c089c5f6,2026-05-01T12:13:23.754015,Moura,Siqueira,38.35,CANCELLED,VAN,39
9c2981d9-30db-4ce3-82d2-423dfe8677b2,2026-05-01T03:14:46.822145,Sales,Marques da Praia,2.74,DELIVERED,TRUCK,73
934dc7ba-8459-4279-88a6-ef0a16dd2bfc,2026-05-01T07:36:29.343764,Borges,Mendes das Pedras,92.48,CANCELLED,TRUCK,29
fa243fd4-2a2a-44ac-b9b6-21c62377d43c,2026-05-01T03:39:02.767313,Moraes,Vasconcelos,77.38,DELIVERED,VAN,31
d45513f1-d597-46d7-92a7-dcd8ef58ef15,2026-05-01T09:38:02.216478,Lima do Galho,Novaes da Serra,13.87,CANCELLED,VAN,14
723ea02d-5695-4b82-84fc-2d2a8ac32201,2026-05-01T11:25:27.143103,Pastor de Oliveira,Sá do Amparo,50.08,CANCELLED,AIRPLANE,19
f8c266ae-80f0-4409-864f-cf7f91d4a6a3,2026-05-01T02:25:57.130736,Gonçalves de Minas,da Cruz de Gonçalves,31.9,IN_TRANSIT,TRUCK,110
225a4e8a-4939-44e1-a112-729996d54d7e,2026-05-01T04:19:17.376297,Costa das Pedras,Fernandes,97.85,DELAYED,VAN,85
118935dd-f9df-4011-932f-0cdaf95ca0cf,2026-05-01T10:37:29.173866,Leão,Pires da Mata,1.08,IN_TRANSIT,VAN,27
3e3a20c6-7381-48ed-ac21-02e94a7ed8fe,2026-05-01T08:20:29.864933,Pacheco,Campos,6.62,IN_TRANSIT,AIRPLANE,89
9c6014bb-d39e-45ec-9f96-6f31b0b07c3d,2026-05-01T00:59:18.905417,Araújo,Rios da Mata,3.42,DELIVERED,AIRPLANE,21
4bf843f4-9ba4-48d7-b393-fc915cc4d547,2026-05-01T04:09:24.776172,Aparecida de Lopes,Cavalcanti das Flores,3.99,IN_TRANSIT,MOTORCYCLE,34
3533d95d-fcc3-4bac-b875-a4a384588ca7,2026-05-01T08:23:28.874511,Farias do Norte,Machado de Freitas,97.85,IN_TRANSIT,MOTORCYCLE,113
e68dcb2e-692e-43fa-ad01-a3a9e3fcafbe,2026-05-01T01:26:18.302094,Cunha do Oeste,da Rosa,46.45,DELIVERED,AIRPLANE,8
3b7301ff-bf26-47c1-8f69-d6f2aac15ecb,2026-05-01T11:09:18.342361,Cardoso de Minas,Silva,6.4,DELIVERED,MOTORCYCLE,78
5a1a7329-dd0f-440b-a21e-76c4fda314b0,2026-05-01T01:03:33.389992,da Rocha,Fogaça,75.33,DELIVERED,AIRPLANE,105
5c11503c-c4de-4cf6-b75c-1ba0e6d3f371,2026-05-01T00:21:52.491341,Moreira,Leão da Prata,93.94,DELAYED,TRUCK,82
19d99127-1911-482e-8a35-be814ed4301b,2026-05-01T07:30:32.687332,Santos de Fernandes,Gonçalves,35.24,CANCELLED,AIRPLANE,47
9d502ef9-2461-4cc4-8f12-23e8ba7a4dce,2026-05-01T04:46:03.052606,Castro dos Dourados,Monteiro,15.37,DELAYED,AIRPLANE,114
86904ba1-17d2-4508-8047-29403651246b,2026-05-01T02:58:33.247724,Sampaio,Gomes,84.37,DELAYED,MOTORCYCLE,44
23eb1c79-df47-4dcd-9fd7-47fad6ec9390,2026-05-01T10:16:52.253711,Nascimento,Cassiano,88.98,IN_TRANSIT,MOTORCYCLE,18
20817ed7-feff-4052-8046-b359fc8041ea,2026-05-01T00:31:09.152029,Gomes,Mendes Verde,73.27,DELAYED,TRUCK,44
0c29f6a0-4187-49dc-afd5-b42900b41bf4,2026-05-01T06:57:02.632408,Carvalho,Cavalcanti do Campo,14.85,DELIVERED,VAN,37
7e3347a1-e5e2-4e39-8b3e-ed0eab710374,2026-05-01T02:40:45.197463,Vargas da Serra,Fernandes,19.58,CANCELLED,VAN,118
d3a0df25-3e13-45db-b4eb-4c01121193da,2026-05-01T03:36:31.749477,Silveira,Silva,33.69,DELAYED,MOTORCYCLE,34
a7d0296d-52d7-444f-a7dc-8353b326f01b,2026-05-01T09:06:56.480505,Castro,Nunes,35.84,DELAYED,AIRPLANE,90
0120a0b0-4b5f-48e3-8042-2716478b5159,2026-05-01T09:18:08.530503,Gomes de Porto,Santos,54.26,CANCELLED,VAN,55
bfb12f91-a0c4-4ec7-bc25-3ab409f4d054,2026-05-01T11:54:54.181571,Pastor das Pedras,Moreira,2.96,CANCELLED,AIRPLANE,28
f28a9b3a-9ae8-41df-a6df-54a1e803c674,2026-05-01T06:00:38.785535,Sousa de Aragão,Lopes do Oeste,65.57,DELAYED,VAN,89
9f34dc96-dd3f-4b05-bee7-d86a471a4bd4,2026-05-01T02:30:08.248396,Garcia de Cavalcanti,Sá da Praia,18.27,IN_TRANSIT,TRUCK,92
f57799ad-7e26-47d3-98ba-3440e4f307d2,2026-05-01T01:59:05.327822,Garcia de Pimenta,da Rocha,19.29,IN_TRANSIT,MOTORCYCLE,107
88e30274-0835-4b9c-875b-386baada6fe3,2026-05-01T00:36:46.328545,Aparecida das Pedras,Vargas,89.82,IN_TRANSIT,TRUCK,82
e93cbb85-255e-46e3-998d-d46287494133,2026-05-01T01:26:27.699778,Pimenta,Camargo da Praia,89.7,IN_TRANSIT,TRUCK,23
c532e772-905e-4c85-a97e-3eb8c2d01e28,2026-05-01T07:40:49.798261,da Rocha de Minas,Almeida de Ramos,64.75,DELAYED,AIRPLANE,49
8f71d3d7-bc0b-4cb9-93f6-6c7bc96b82f9,2026-05-01T02:02:01.607574,Barros de Minas,Cavalcanti de Minas,93.52,DELAYED,TRUCK,41
1473a483-e839-41c0-9811-751da387e0e7,2026-05-01T09:23:12.449061,Nascimento da Prata,Cardoso da Mata,67.02,DELIVERED,VAN,76
2fa557ef-722a-4271-a584-938e34bee95f,2026-05-01T10:29:31.010935,Sales,Cirino,20.26,CANCELLED,VAN,15
4de61cf4-0132-4a82-9fca-b8a16df3f3b2,2026-05-01T11:12:26.133157,Novais,Barros,90.99,DELAYED,MOTORCYCLE,81
2d326aba-f3b3-47b3-89e2-07f94406529c,2026-05-01T02:08:38.727808,Costa de Freitas,Vargas,26.54,CANCELLED,MOTORCYCLE,12
e656543d-22f9-453b-b466-17e418bcf947,2026-05-01T01:40:04.591725,Mendes,da Mata,41.79,DELAYED,MOTORCYCLE,65
d46b8e98-448e-4973-acb7-8dc382abffc9,2026-05-01T10:57:23.862328,Ribeiro,Oliveira,92.19,DELAYED,AIRPLANE,11
8f612c46-ad03-4218-9683-1b285c3ceb0f,2026-05-01T09:40:24.065315,Cavalcante do Norte,Guerra,46.39,CANCELLED,MOTORCYCLE,106
131b4922-cd7f-4bee-afbc-1a4aafcad696,2026-05-01T07:28:00.832650,Costa,Azevedo da Serra,65.74,CANCELLED,TRUCK,100
1a9ce882-a2b2-4315-a8ff-80364b8c1654,2026-05-01T03:55:54.753595,Dias,Barbosa do Campo,79.95,DELAYED,AIRPLANE,8
608ca046-91ba-49f2-a03d-79ba407fdb2b,2026-05-01T02:02:52.654560,Andrade Grande,Castro das Pedras,99.56,CANCELLED,MOTORCYCLE,110
b186947a-f47f-453e-b39b-89ecec25fc88,2026-05-01T03:35:30.047709,Castro,Borges do Galho,70.51,DELAYED,VAN,104
d1275760-905b-417b-95f7-d549f2b0242f,2026-05-01T06:27:54.424135,Araújo da Serra,Costa de da Luz,81.98,IN_TRANSIT,VAN,51
9f5d5669-bcf4-48fa-97bd-94b32320f9fd,2026-05-01T08:46:42.757998,Camargo,Almeida,32.37,CANCELLED,MOTORCYCLE,86
fca0a3f4-4690-453c-8d7b-0c31af07f626,2026-05-01T07:50:20.351825,Borges,Vieira de da Mata,64.69,CANCELLED,TRUCK,46
1faffe5e-b8e1-4c45-9869-124229c641d8,2026-05-01T04:15:48.161821,Machado,Ferreira da Serra,75.35,DELAYED,MOTORCYCLE,86
2d1a28a6-599f-40d2-8736-686e9445a7db,2026-05-01T01:40:34.164728,Alves da Praia,Câmara de Guerra,37.49,CANCELLED,MOTORCYCLE,103
155a1202-73a0-4e23-9cf9-bd85cb9f0c41,2026-05-01T01:50:27.557769,Campos das Pedras,Fogaça da Mata,71.63,DELAYED,AIRPLANE,103
bb3e412c-067f-49a1-be20-3765aa541ef2,2026-05-01T06:17:43.885366,Machado,Almeida,94.85,IN_TRANSIT,MOTORCYCLE,19
3c7f59a6-5829-47b9-b66b-3be1c608e199,2026-05-01T12:03:40.062768,Silva das Pedras,Aragão,65.88,DELAYED,TRUCK,37
6946f206-49da-4fe6-87dc-975e6b0f9950,2026-05-01T09:39:19.651631,Siqueira,Nascimento da Serra,79.06,DELAYED,TRUCK,7
d3085d37-ff82-4d36-addb-be2695d310ba,2026-05-01T05:15:54.774892,da Mata,Gonçalves,20.89,DELIVERED,AIRPLANE,74
9b26f38d-9528-4358-95dc-0b0529e91954,2026-05-01T07:21:48.196825,Barbosa das Pedras,Rocha,55.16,DELAYED,MOTORCYCLE,88
dfb5800d-25f3-4436-96ce-55ca5a03d7dc,2026-05-01T09:54:33.233807,Ribeiro do Campo,Moraes do Norte,26.07,DELAYED,TRUCK,9
4e05be82-6a86-4521-b0e5-c3b4a2a61865,2026-05-01T07:04:00.817322,Montenegro,Campos de Farias,22.04,DELAYED,AIRPLANE,37
ff437aaf-15ca-439b-a41a-faff63f3783f,2026-05-01T10:51:44.069090,Gonçalves de Rezende,Mendes,36.14,DELAYED,VAN,54
5aa3899a-6b73-4f5f-b30a-935ae8dc1bc2,2026-05-01T10:16:34.147978,Vargas do Campo,da Luz do Sul,69.83,IN_TRANSIT,MOTORCYCLE,49
05525f79-baf8-4240-981f-27b27973b9f6,2026-05-01T03:09:54.898361,Cavalcante do Amparo,Alves Grande,34.51,CANCELLED,TRUCK,99
4cb584dd-c1db-4927-bde9-44bd549c06e1,2026-05-01T03:35:09.290130,Aragão,Pereira,52.82,DELIVERED,AIRPLANE,35
7c4d780b-fe03-4c84-9ad2-4ddff42c7a9d,2026-05-01T01:05:54.744844,Jesus,Correia,97.27,DELAYED,AIRPLANE,45
1af433de-ffd2-4559-8ea9-a7dd4c391912,2026-05-01T10:17:47.510864,Cassiano da Praia,Machado Verde,76.5,DELIVERED,VAN,90
269dbac9-e8d8-4c42-8e05-bfa156eecc02,2026-05-01T03:33:37.837944,Ramos Paulista,Souza,21.84,CANCELLED,VAN,74
b9d92a4f-5a3e-4c0e-9ee2-79bcfe066d9b,2026-05-01T00:22:35.948764,Machado das Pedras,Mendes de Costa,94.73,IN_TRANSIT,VAN,33
bd1d6edf-3a30-42b8-8653-9141712469cf,2026-05-01T08:17:28.208800,Cunha dos Dourados,da Paz,14.64,IN_TRANSIT,TRUCK,1
ed420553-427f-4430-93c4-63b641b153fd,2026-05-01T08:15:04.723968,Gonçalves,Pastor,0.06,DELIVERED,VAN,113
61b8a605-16b5-4038-9a28-343ae90ee530,2026-05-01T08:57:41.477580,Vieira,Almeida,15.72,DELAYED,AIRPLANE,21
c9463a00-349c-4092-a397-de202bd390dc,2026-05-01T09:26:00.333709,Moura,Caldeira dos Dourados,70.23,DELAYED,AIRPLANE,80
652d765b-a8c8-4fb6-8f6c-64064081c565,2026-05-01T08:45:00.598337,Macedo,Machado de Mendonça,31.98,IN_TRANSIT,TRUCK,82
5cad8e09-e820-4818-9515-e4a4e6aacf01,2026-05-01T07:45:57.407387,Moraes,da Cunha de Minas,80.72,IN_TRANSIT,TRUCK,40
c34f0495-17bc-47ad-b571-ffe28c47230d,2026-05-01T05:59:54.679798,Carvalho,Campos,51.11,DELAYED,AIRPLANE,90
93ca563a-f81a-42b1-8256-240f4c2c2d66,2026-05-01T01:26:04.355475,Moraes do Norte,Pereira Paulista,61.76,CANCELLED,MOTORCYCLE,29
b3cf41d1-8ec0-4dd6-9235-c887eb7e4fa5,2026-05-01T04:16:18.893703,Vargas Grande,da Conceição do Norte,38.47,DELAYED,MOTORCYCLE,109
10974a8c-e298-4f87-895d-476887b70f0a,2026-05-01T04:53:49.481388,da Paz,Pimenta,81.39,DELIVERED,AIRPLANE,71
6d94c985-444c-4050-a340-8a6ed69ea183,2026-05-01T00:34:12.352260,Correia dos Dourados,Correia,25.95,CANCELLED,VAN,96
bfcfa970-0aa1-4745-b2d7-48d0642c0147,2026-05-01T10:52:11.999816,Barbosa,da Rosa,23.06,IN_TRANSIT,MOTORCYCLE,40
b7652e05-18ea-4dd3-a22b-b245ab5bf94e,2026-05-01T06:44:52.633356,Pinto,da Luz dos Dourados,15.03,DELIVERED,TRUCK,36
b07d8a10-18c9-4872-9386-add64da5c251,2026-05-01T09:15:18.929124,Pimenta de Lima,Oliveira de Minas,37.77,CANCELLED,VAN,34
2296fcfb-fbf7-42a6-b993-8e0170cf7fc0,2026-05-01T08:42:58.382641,Sá da Prata,Jesus dos Dourados,94.18,DELAYED,TRUCK,50
797065aa-08e8-4905-bd33-c81e9d6d0859,2026-05-01T12:22:57.424831,Costa Verde,Melo,55.88,CANCELLED,AIRPLANE,108
7d2dc7bd-c0db-40e4-a545-2c75414368fe,2026-05-01T03:57:31.638588,Aparecida do Campo,Barros,72.54,DELIVERED,VAN,17
c304818e-d4d4-4e4a-b948-3a35de0a1a44,2026-05-01T06:49:51.767092,Gonçalves das Flores,Pastor,15.83,CANCELLED,VAN,69
7f62c11b-2673-4356-9429-3ec7c5d9711c,2026-05-01T07:02:04.804478,Andrade,Farias,41.86,DELAYED,AIRPLANE,10
2db542bf-363d-4e4d-ac40-6f406f563b93,2026-05-01T05:05:23.267309,Mendes,Carvalho,90.51,DELAYED,MOTORCYCLE,19
f888003c-84c8-4a1c-a719-207747490532,2026-05-01T09:55:08.150691,Alves,Silveira de Rios,4.27,IN_TRANSIT,TRUCK,25
55419159-0f01-46a5-bed1-ab86dd6099d2,2026-05-01T10:15:11.918942,da Conceição,Albuquerque,14.01,DELIVERED,TRUCK,109
3cce7a5b-1afa-4c2b-9bab-4c64691f5b8e,2026-05-01T01:02:51.427602,Barbosa Paulista,Moreira,78.79,DELIVERED,MOTORCYCLE,37
fc9746db-5644-4d9d-b858-f0e9c6da5290,2026-05-01T01:55:55.231977,Vargas,Rezende,8.27,DELAYED,VAN,17
4971726c-e6f7-4a57-9224-5e92cc6da628,2026-05-01T11:06:16.008464,da Cruz do Norte,Leão,43.55,DELAYED,TRUCK,48
f8a8465b-1ba4-4211-b15a-a001ede44a82,2026-05-01T07:07:32.080997,Fonseca,Freitas do Amparo,17.22,CANCELLED,TRUCK,75
d985df55-e06c-41c1-90d9-02db5dc81621,2026-05-01T08:51:52.332519,Barros de Goiás,Ferreira de Carvalho,22.17,DELIVERED,MOTORCYCLE,26
a33c62c7-5934-4e30-a8e7-7a1fad452976,2026-05-01T07:22:29.774694,Pereira do Sul,da Conceição,97.67,CANCELLED,VAN,95
0cbe1fb7-d589-4808-820d-e93e1b4d9fe2,2026-05-01T00:13:24.332248,Mendonça do Sul,Martins,80.15,DELIVERED,AIRPLANE,72
1ff66a90-fc36-45fe-b4d8-c72d6fce9329,2026-05-01T08:49:40.521323,da Costa de Goiás,Pires,92.32,IN_TRANSIT,AIRPLANE,64
7cc0b97f-e0fb-496e-a04d-9a7c85843de1,2026-05-01T06:15:39.864262,Gomes Alegre,Castro da Serra,57.78,DELIVERED,MOTORCYCLE,80
aacd9750-5b9d-4eed-a3e1-28386c637255,2026-05-01T12:10:01.125520,das Neves de Câmara,da Rocha de Minas,13.93,DELAYED,TRUCK,97
923c58c9-45f9-41d2-ac5c-9fca3703d9de,2026-05-01T02:55:52.066364,Correia,Sá do Sul,33.53,DELIVERED,AIRPLANE,10
86a89ca3-fee6-4d4a-93e1-cf0cd80cd500,2026-05-01T02:28:30.144228,Silveira Alegre,Viana,58.14,IN_TRANSIT,TRUCK,120
9d79a51f-da9e-4f32-8579-243e208f2360,2026-05-01T07:50:19.488780,Nascimento,Cavalcanti,85.63,DELAYED,MOTORCYCLE,11
9c3f0f92-958a-489b-b259-3a0d9b1a139f,2026-05-01T10:43:18.385266,Barros das Pedras,Cardoso,42.95,IN_TRANSIT,AIRPLANE,47
be07be20-dcae-429a-818d-0854c7fd62f4,2026-05-01T12:05:04.990929,Macedo das Flores,Fogaça do Galho,92.27,DELAYED,TRUCK,33
a3c4e667-a673-4669-8720-49d378cb1ee2,2026-05-01T04:34:53.537316,Macedo,Monteiro,63.73,DELIVERED,TRUCK,15
63f737c7-1352-413b-b481-5bf37fac316c,2026-05-01T02:05:56.402308,Rodrigues da Mata,da Rocha das Flores,88.63,CANCELLED,VAN,11
411487d0-1400-4e59-9d44-c3d363661ad9,2026-05-01T09:08:06.636025,Peixoto,da Mota da Serra,59.22,IN_TRANSIT,VAN,51
0f542631-df05-49fa-a828-92a2bfd1bc57,2026-05-01T03:19:38.004361,Siqueira do Campo,da Rocha,72.64,DELAYED,AIRPLANE,57
a6eb89d4-5d04-4abf-931d-c456a941ef13,2026-05-01T03:12:44.566246,Campos,Souza,0.94,DELAYED,TRUCK,46
37ead745-f57b-4ade-a916-1a0978771124,2026-05-01T04:44:46.683708,Barros do Sul,Andrade,30.79,DELAYED,MOTORCYCLE,77
5e25b923-de14-4f5d-a4e6-6f70c09c1280,2026-05-01T09:28:48.271076,Pereira dos Dourados,Azevedo de Goiás,64.57,DELAYED,MOTORCYCLE,72
c7104c32-8da0-405c-a39a-ec64fb8cabda,2026-05-01T10:56:44.536344,Duarte de Pimenta,Abreu,72.16,CANCELLED,VAN,102
46ac53e3-a908-4421-9aed-bfa859efd3dd,2026-05-01T08:40:24.269724,Nunes de Silva,Vargas Verde,54.43,DELAYED,AIRPLANE,89
00ada3b2-88b6-49d1-b465-f48dcf35e978,2026-05-01T01:22:55.146413,Sales do Sul,Abreu das Pedras,74.45,CANCELLED,VAN,89
c3a4b374-6c3c-4b98-bb5f-7fe5239e244d,2026-05-01T07:03:50.354492,Sampaio,Duarte de Minas,97.55,DELAYED,MOTORCYCLE,31
b4944c0a-e522-4cc2-8e3c-1aa2bb6facd9,2026-05-01T07:11:43.054064,Rezende de Vasconcelos,da Mata,55.2,CANCELLED,AIRPLANE,8
b4a6d707-85a2-43ee-b0ec-e7a8794ef8d3,2026-05-01T08:44:57.470407,Araújo,Leão,35.14,DELIVERED,TRUCK,6
cf88a4dd-1e98-421a-a817-844e1482c0f9,2026-05-01T03:50:02.557670,Lopes de Minas,Rodrigues,36.9,CANCELLED,MOTORCYCLE,53
d6dc1e66-4b40-4fff-962f-5f3b3cac6787,2026-05-01T05:48:19.141199,Azevedo da Prata,Monteiro,40.14,DELAYED,VAN,84
1ed2b380-b0a4-4655-86a4-d07589ed476f,2026-05-01T01:18:29.008056,Oliveira da Praia,da Costa,83.36,DELAYED,TRUCK,3
754ff5a8-00aa-455f-a81b-8308239fd5c7,2026-05-01T09:52:15.226543,Silva da Prata,da Luz Paulista,61.84,DELIVERED,AIRPLANE,55
08e08848-6dd1-4f17-b7ab-f7c36e7a5517,2026-05-01T01:49:57.856891,Costa do Oeste,Cardoso,66.11,DELAYED,TRUCK,25
0c3a9be7-f60f-40a2-85db-46ef65b02466,2026-05-01T07:58:02.492151,Aragão,Pimenta do Campo,35.78,DELAYED,MOTORCYCLE,94
21fc3d94-6f4f-4341-9823-9f6abc5cae5f,2026-05-01T02:34:19.874366,Duarte,Cirino de Goiás,1.63,DELAYED,TRUCK,68
327d78ac-9e6d-4283-9403-3329661807ab,2026-05-01T06:58:41.642649,Gomes de Sousa,Nogueira,92.49,IN_TRANSIT,TRUCK,14
00966a42-db6a-4b99-b481-57d6103aa785,2026-05-01T01:50:36.502129,Barros,Borges,49.08,CANCELLED,TRUCK,24
b2688f72-eebf-4e12-af92-eeaef9c555e8,2026-05-01T09:54:40.400392,Sá,da Costa,9.21,DELIVERED,VAN,80
02a6f8d2-2f39-4086-90ec-d1195b32dd3f,2026-05-01T05:25:52.597616,Castro de Abreu,Ramos da Serra,40.78,CANCELLED,AIRPLANE,9
62c12d68-f1cc-4514-bd1c-a800b2264b2e,2026-05-01T11:35:10.296368,da Mota de da Conceição,Lopes,90.26,IN_TRANSIT,VAN,43
cafbef87-a152-4934-b9d0-518566397d8a,2026-05-01T02:25:57.478266,Marques,Farias,62.77,DELIVERED,AIRPLANE,29
ab54f34c-d603-4852-b199-331cc6ca6d76,2026-05-01T11:05:43.731566,da Conceição do Sul,Guerra,44.38,IN_TRANSIT,MOTORCYCLE,9
0dad6e94-9aef-4284-8cca-88abf5a40043,2026-05-01T01:29:29.245453,Rezende,Câmara de Lima,59.15,IN_TRANSIT,VAN,92
61075eb6-708f-49cf-bfae-c6dddae9b2e5,2026-05-01T03:35:24.561820,da Mota,Pimenta de Pastor,50.94,DELAYED,MOTORCYCLE,91
cab50750-43d1-4e85-b496-29df4665bf45,2026-05-01T08:39:54.995277,Pastor,da Luz,57.71,IN_TRANSIT,TRUCK,72
8a008a6e-1b56-42d8-a657-99fe8ed86cc4,2026-05-01T05:51:42.776939,Martins,Gonçalves de Dias,89.15,IN_TRANSIT,TRUCK,13
efd94bc2-2d2f-4195-8d76-676ccf83c9d0,2026-05-01T11:28:13.382823,Marques,Santos do Campo,98.74,DELIVERED,TRUCK,21
d214de17-3a67-436a-a3af-5d8894a851ce,2026-05-01T06:01:40.068927,Nascimento das Pedras,Pinto Paulista,44.86,CANCELLED,MOTORCYCLE,97
fa0e900e-9881-4ed2-b3a8-3fe7b70ace2f,2026-05-01T10:50:05.286498,Cavalcante do Galho,Cardoso Paulista,70.79,DELAYED,VAN,6
06b7ea07-4de2-46d2-8035-0e5365c52405,2026-05-01T01:12:34.900706,das Neves da Praia,Albuquerque,37.15,CANCELLED,MOTORCYCLE,70
470715c5-5eff-41ce-a848-cf39ef9634dd,2026-05-01T07:44:11.270010,Mendonça,Freitas das Flores,52.22,IN_TRANSIT,MOTORCYCLE,118
d28b2842-21e3-424d-a79a-9d8b565662e5,2026-05-01T05:29:46.049565,Ferreira do Galho,Cardoso do Amparo,93.26,DELIVERED,MOTORCYCLE,79
03655548-7994-43ba-8e50-9c7a94df245d,2026-05-01T11:37:09.199629,Casa Grande Alegre,Brito do Galho,49.68,IN_TRANSIT,AIRPLANE,13
b6292c7f-991b-4cfd-a341-707c368d42bc,2026-05-01T03:01:35.906384,Pinto Paulista,Peixoto,38.25,DELAYED,AIRPLANE,63
2e57df97-f152-4b16-8071-4288102d1616,2026-05-01T03:19:46.324430,da Mata,Cunha da Praia,27.98,IN_TRANSIT,MOTORCYCLE,96
248c0e29-baf6-4373-b863-5436560918e4,2026-05-01T08:09:49.047495,das Neves do Norte,Gonçalves,62.65,DELAYED,TRUCK,26
940e21b8-5147-4e52-8993-42e4aca6823c,2026-05-01T12:11:17.994023,das Neves de Campos,Viana de Nunes,70.96,IN_TRANSIT,AIRPLANE,87
816542e4-9e1a-46ec-b4e0-22cf047bf964,2026-05-01T03:54:06.799102,Azevedo,Gomes,42.44,DELAYED,AIRPLANE,1
97fc1f10-171e-44f3-8ee2-6ea5ca2cc242,2026-05-01T10:48:01.292099,Pires de Moura,Ferreira dos Dourados,46.68,DELIVERED,MOTORCYCLE,65
638359e7-61bc-4074-8638-83d3c852b36e,2026-05-01T06:06:01.196737,Cunha Paulista,Sales,77.71,CANCELLED,MOTORCYCLE,67
4f78b0da-177a-4eb5-8caf-e89112f04d99,2026-05-01T05:53:03.401841,Barros,Mendes,84.97,IN_TRANSIT,TRUCK,73
8a0f81fe-1cd4-4aa9-b2d7-c6410262e6c2,2026-05-01T00:29:55.849603,Campos,Montenegro,16.16,CANCELLED,TRUCK,54
fb93861c-b1bb-4038-b177-d5a1d311f421,2026-05-01T04:09:42.247863,Azevedo,Pereira,71.14,DELIVERED,MOTORCYCLE,91
2b1bbd6d-64fe-47d7-a8a9-9a07849d38bf,2026-05-01T10:35:54.923569,Mendonça Verde,Montenegro da Serra,44.56,DELIVERED,TRUCK,119
99f80627-fe75-476d-92a9-dfbb4634d6d6,2026-05-01T07:37:54.839777,Marques das Flores,Dias Paulista,23.88,DELIVERED,MOTORCYCLE,43
fa7daa38-d9b3-46c3-ab3e-df5533613f69,2026-05-01T00:45:41.124883,Albuquerque do Galho,Correia da Mata,22.39,CANCELLED,MOTORCYCLE,114
8a528f15-6e8c-4a2d-91e0-2ebc117f44f7,2026-05-01T12:16:07.345234,Peixoto,Lima,71.73,CANCELLED,TRUCK,84
597a5a35-78db-486d-b497-abc5144d6091,2026-05-01T00:44:17.620049,Novais,Melo da Prata,49.92,CANCELLED,AIRPLANE,58
b9af39ff-13c2-492f-adba-671c1259a5df,2026-05-01T10:46:50.688428,da Rocha,Rocha do Campo,99.42,IN_TRANSIT,VAN,87
cfcd26f9-9147-4516-ae51-9424b81daf30,2026-05-01T10:03:05.718450,Sales,da Conceição,17.23,DELIVERED,VAN,71
b710b9b3-bdf2-4ea9-9882-4e6a795ad402,2026-05-01T03:20:29.962206,Pastor Grande,Pinto de Castro,8.11,IN_TRANSIT,VAN,118
d17f1db8-3733-42df-b549-d0e77a525435,2026-05-01T05:26:33.812831,Rezende do Galho,Dias de Vasconcelos,10.17,IN_TRANSIT,AIRPLANE,1
865dd75b-a50c-426b-9860-88fda9938197,2026-05-01T08:00:49.659481,Gonçalves,Cunha dos Dourados,76.81,IN_TRANSIT,AIRPLANE,44
6e066c42-9b47-4ca5-b829-b212ed1e727c,2026-05-01T10:50:03.139777,Garcia do Norte,Melo do Sul,86.6,DELAYED,TRUCK,60
f0df004a-3317-4a51-a151-4ee7fbddc9e8,2026-05-01T06:52:34.328487,Novais de Fogaça,Ramos do Sul,41.25,DELAYED,VAN,59
f4333485-c7ca-40b5-8e37-f1ff8727e145,2026-05-01T05:06:44.925478,Freitas,Aparecida,7.23,CANCELLED,TRUCK,17
e369e993-41e0-43da-9575-62e8feeb5ee5,2026-05-01T08:09:14.024324,Souza Verde,Cardoso,89.53,CANCELLED,TRUCK,40
c04dc8a9-1e7d-470c-80e0-ca0d849e9f5c,2026-05-01T04:51:23.540801,Araújo,Ribeiro do Norte,66.54,IN_TRANSIT,TRUCK,13
a073cf79-4db9-48a8-8dff-309b61d093b1,2026-05-01T09:10:23.771292,Rezende de Santos,Cardoso do Galho,36.65,DELIVERED,AIRPLANE,11
fe1879c7-2611-4569-9f1c-f4484065506b,2026-05-01T01:39:24.281481,Silva,Camargo do Oeste,75.15,CANCELLED,VAN,97
90df92a6-b74d-4f96-82aa-206209598934,2026-05-01T06:21:28.628701,Albuquerque,Cavalcanti,61.4,IN_TRANSIT,TRUCK,23
7d7a65ae-7c09-4316-8365-4705847953f0,2026-05-01T11:08:54.142051,Siqueira Grande,Brito,90.51,CANCELLED,TRUCK,71
e814be5a-491d-4f9f-856b-28eb110b9095,2026-05-01T03:19:29.767081,da Costa de Dias,da Rosa Grande,1.57,IN_TRANSIT,TRUCK,2
e6716eea-db17-4802-ae15-5933c9e8dcc5,2026-05-01T00:18:02.320359,Cavalcante,Cardoso,93.35,IN_TRANSIT,MOTORCYCLE,6
f7367d36-69c2-44e6-bd62-a1f70b404d6b,2026-05-01T09:00:23.473746,Melo,Barros,69.14,IN_TRANSIT,MOTORCYCLE,91
e6541fd3-ab48-4d9a-a58d-01a50812f92b,2026-05-01T05:50:39.266480,Gonçalves,Silveira Verde,70.96,IN_TRANSIT,TRUCK,95
3191db6d-2b01-40a0-8c20-524cc7c0b3f9,2026-05-01T03:03:41.840389,da Paz,da Conceição,82.1,CANCELLED,VAN,59
e865fd9f-9be2-404b-98bf-e0008a49ddb2,2026-05-01T09:02:26.210493,Peixoto Grande,da Conceição,75.01,DELIVERED,MOTORCYCLE,28
73d33a81-6908-4e82-8f57-007987ac3095,2026-05-01T01:22:39.721960,Rios,Ribeiro,38.34,IN_TRANSIT,VAN,34
e2eb91b6-5782-4a0f-bbb0-ec33e0f3ae37,2026-05-01T05:37:49.519915,Martins,da Rosa,40.99,DELIVERED,VAN,30
6bd71070-908d-4992-8849-33679ffd9b97,2026-05-01T11:40:50.036338,Montenegro do Campo,Oliveira,77.78,DELAYED,AIRPLANE,108
4e5017f9-0ce8-411b-b5c0-e7a57ee88da0,2026-05-01T06:12:18.786280,Teixeira,da Conceição da Serra,3.97,CANCELLED,TRUCK,104
c5c2aab6-5066-43c6-8ce1-d55e7762909c,2026-05-01T11:36:49.901091,Porto do Sul,Albuquerque Verde,12.81,DELAYED,MOTORCYCLE,5
6a338423-fa03-4b63-ab75-ea7e1f926e52,2026-05-01T03:12:18.669963,Cunha de Fernandes,Moura Alegre,16.64,DELAYED,VAN,27
9b7edcc6-12b0-414b-b597-05ab3d34d8f9,2026-05-01T12:12:28.509116,Santos de Ramos,Lima,23.66,DELAYED,TRUCK,37
e9e3f492-765c-44ce-a282-db372d2ac306,2026-05-01T08:48:08.160549,Teixeira Paulista,Almeida dos Dourados,53.82,DELIVERED,AIRPLANE,103
214be020-f4ee-45b6-a0ce-9647ba4d7b4d,2026-05-01T06:12:43.893029,Porto,Caldeira da Serra,22.61,CANCELLED,AIRPLANE,103
8f223845-c38f-472d-967a-592af4d4e2d7,2026-05-01T09:24:00.765319,Fonseca,Costa,25.32,IN_TRANSIT,VAN,81
7b6ec2a2-2ff8-4752-9b7d-d7ebf5208501,2026-05-01T02:14:36.237416,Cavalcanti,Aparecida,87.39,DELIVERED,AIRPLANE,45
d0dedc8f-3712-48a3-bafa-f2af8976fc56,2026-05-01T05:20:41.607887,Correia de Costela,Moura,97.84,IN_TRANSIT,TRUCK,86
7b9a225d-92a8-4e78-8302-0f487d5fbba4,2026-05-01T07:47:57.112365,Azevedo de Moura,Mendes,70.13,IN_TRANSIT,AIRPLANE,113
6573609f-2474-4933-a32b-8e013eb8820e,2026-05-01T01:10:28.459719,Freitas do Oeste,Siqueira,40.41,CANCELLED,AIRPLANE,29
7a3776d0-1729-4620-ab2e-2f288de9e078,2026-05-01T05:13:12.856163,Araújo da Praia,Casa Grande,47.55,CANCELLED,TRUCK,45
8d738d6d-e8c4-4dc7-b7ef-900be0e88e5d,2026-05-01T05:46:24.870917,Sales das Pedras,Almeida da Mata,6.83,DELIVERED,MOTORCYCLE,38
ee9ace60-afcd-4f82-b4b5-5dbb1dd04142,2026-05-01T05:47:18.298912,Fogaça Alegre,da Costa,86.99,DELIVERED,AIRPLANE,65
841d67fa-c8ff-4150-ae91-311c8fd5cfbb,2026-05-01T02:28:21.417912,Araújo,Vasconcelos,72.81,DELAYED,TRUCK,25
1b206599-6db1-44e6-b3c7-cee9d28642d9,2026-05-01T06:07:16.986163,Pastor Alegre,da Cruz do Campo,53.99,IN_TRANSIT,VAN,93
8892d090-d417-4753-ba2d-13d53eb405c1,2026-05-01T00:32:12.853189,da Mata,Guerra do Amparo,66.58,CANCELLED,VAN,63
3a0207db-8821-450f-a907-213774c9d771,2026-05-01T08:55:18.752396,da Mota,Barbosa de Correia,17.5,CANCELLED,AIRPLANE,56
20f84359-f463-479d-b0f9-e775bcf7b773,2026-05-01T08:29:37.707554,Duarte do Campo,Sá do Norte,80.45,CANCELLED,MOTORCYCLE,68
4d1daa75-c621-4010-a887-3feb785ef550,2026-05-01T05:22:55.994470,Correia,Ribeiro de Goiás,19.83,IN_TRANSIT,VAN,14
a3a33d86-90fe-406d-8fc8-efaf27950a7d,2026-05-01T06:15:50.962882,Melo,Novaes de Silva,4.88,IN_TRANSIT,VAN,47
475d5e51-496a-42cf-a0a3-45b3b3de1b2f,2026-05-01T05:42:09.499561,Caldeira do Campo,da Costa,77.47,IN_TRANSIT,VAN,16
f19623b1-cf40-4d0f-8537-44caed2e1011,2026-05-01T05:39:04.161694,Machado das Flores,Albuquerque Grande,54.44,DELIVERED,AIRPLANE,61
330077d1-3a62-4421-b927-fb5cab36b14f,2026-05-01T00:03:50.420735,Câmara,Monteiro da Serra,14.06,IN_TRANSIT,VAN,92
a109e265-5ddb-49ad-8a5b-875c070bf734,2026-05-01T02:59:37.934114,Lima,Araújo,25.6,IN_TRANSIT,MOTORCYCLE,67
cb431818-bd72-4d2c-99bf-cd486787da08,2026-05-01T04:58:01.065018,Porto,da Costa,19.29,IN_TRANSIT,AIRPLANE,119
7f1574ed-91b0-4244-851f-821b8ce39ded,2026-05-01T02:06:03.755529,Cunha,Albuquerque,27.68,DELAYED,VAN,61
d00406c1-14aa-48d6-aa16-36b04c4176b5,2026-05-01T08:37:03.238218,Cavalcanti,Ribeiro do Sul,1.94,DELIVERED,TRUCK,77
a16b9c2c-ebeb-46ac-9398-6e1df3ce1adf,2026-05-01T07:29:45.469458,da Paz da Praia,Costela,90.56,DELIVERED,MOTORCYCLE,98
d9b66f81-04f8-43dc-bc95-a0a297614c5c,2026-05-01T12:18:18.378560,Sá,Araújo da Praia,32.72,DELIVERED,VAN,28
bfb6d1c8-fec5-4b9c-ba82-4802f97b0693,2026-05-01T03:01:18.117538,Porto,Teixeira do Amparo,5.12,DELIVERED,TRUCK,56
6763dd2f-8b33-4bf7-9205-cb6ef8790e5a,2026-05-01T06:56:33.754992,Vasconcelos,Fonseca do Norte,87.15,DELIVERED,MOTORCYCLE,86
4b5faa46-8dc8-44a6-8dd0-1be5d4671f69,2026-05-01T02:14:12.128567,Garcia,Vargas do Amparo,57.82,CANCELLED,VAN,50
2f0eec97-cc6e-4c0f-bdb0-b57f9be294f3,2026-05-01T08:42:05.767507,Fogaça do Amparo,Silveira,42.53,CANCELLED,AIRPLANE,97
a1f1ae4d-589c-434f-9fae-d8aa50001274,2026-05-01T07:58:18.899145,Rodrigues,da Costa da Mata,27.47,IN_TRANSIT,TRUCK,19
002eee0f-41c0-4a9d-93be-4bfe6a815f9b,2026-05-01T03:03:18.611768,Cunha da Serra,Melo,17.48,CANCELLED,VAN,24
43fb3d80-b4ce-40ef-b72a-97babb7ae3ea,2026-05-01T09:28:26.670175,Peixoto,Nascimento,12.93,DELAYED,MOTORCYCLE,16
846a9d92-f53a-4aca-b058-d3df5d88e39a,2026-05-01T04:54:17.612513,Pimenta,Fonseca das Flores,44.29,IN_TRANSIT,TRUCK,50
0f154837-43a3-4d2d-a0dd-322a34158f2a,2026-05-01T07:52:43.642005,Souza,Costela do Galho,98.83,DELIVERED,MOTORCYCLE,65
029e28db-384f-45f5-9cd3-9fb93c812c15,2026-05-01T10:36:56.144729,Azevedo do Campo,Silveira,32.86,CANCELLED,MOTORCYCLE,118
b4e20ef2-46f5-4b3c-96a1-f922d0ba9bd4,2026-05-01T10:16:23.354445,Cassiano do Oeste,Ferreira de Goiás,51.03,CANCELLED,VAN,94
48b24edb-a758-4795-aa17-b4f7e323a109,2026-05-01T10:18:24.364544,da Rocha,Barros do Galho,45.1,DELIVERED,AIRPLANE,47
02364999-6e57-4ed3-9f41-7f1ac12e2139,2026-05-01T01:40:45.595361,Novaes,Nascimento Verde,39.64,DELAYED,TRUCK,115
1a50adf4-4fa4-4f8e-a76f-b5805abff79e,2026-05-01T07:37:51.197597,Leão,da Luz de Vargas,25.82,DELAYED,AIRPLANE,92
00abce81-08a1-4ec5-b024-1ecaec556118,2026-05-01T00:23:57.434587,Borges,da Mata do Oeste,78.48,CANCELLED,AIRPLANE,114
007ce0f6-cef7-41c3-ac10-48f09b5b9fea,2026-05-01T07:00:58.181205,Moreira,Marques de Marques,53.55,CANCELLED,MOTORCYCLE,75
d6e8fcf4-1800-4ef7-8420-38ad63d4136e,2026-05-01T01:52:18.484789,da Rosa do Galho,Nogueira de Albuquerque,90.35,DELIVERED,AIRPLANE,38
3c426eca-653e-41be-bff6-f0eb408c1533,2026-05-01T08:50:16.324447,da Paz Alegre,Cardoso,72.29,CANCELLED,MOTORCYCLE,6
93427f22-1f3e-4394-9e14-dc7e7062a8ea,2026-05-01T08:28:33.166817,Pereira de Pimenta,Costa de Viana,8.34,DELAYED,AIRPLANE,118
5fa18ee9-f6f8-40ef-954a-f4ea6a1dd1e6,2026-05-01T09:59:04.178060,da Conceição Alegre,Rocha,91.42,DELIVERED,TRUCK,42
58e10c69-b63b-479b-b754-8b25f152407a,2026-05-01T08:38:35.408040,Barbosa,Ferreira,16.27,CANCELLED,VAN,71
d5613d9d-278d-49f9-83db-e95c4c87115e,2026-05-01T01:03:58.319136,Pereira,Melo Alegre,53.03,CANCELLED,MOTORCYCLE,41
d3c06c84-44e7-46a3-a4f9-e6c6f3159b3e,2026-05-01T08:34:37.606951,Mendonça,Cirino do Norte,40.77,CANCELLED,VAN,18
4c14e46c-b162-4fb7-944f-952862d9bd56,2026-05-01T11:18:15.723994,Costa,Alves de Porto,76.72,DELIVERED,MOTORCYCLE,100
bf37feda-a03f-4e9f-87f7-e96a218ce231,2026-05-01T07:35:38.142938,Guerra,Fogaça das Flores,26.59,DELIVERED,MOTORCYCLE,39
bdd1bcd8-1e6d-4e83-9988-6df5ca528d7f,2026-05-01T03:46:10.396564,das Neves da Praia,Araújo Paulista,39.49,DELIVERED,MOTORCYCLE,95
58eac5b3-4aa3-4fea-825d-e817fe375300,2026-05-01T06:22:48.419297,Almeida do Sul,Cunha,17.2,IN_TRANSIT,VAN,63
784026d1-3056-4b9a-836a-47210b4c89f0,2026-05-01T05:57:44.969614,Pinto,Nascimento de Silveira,55.69,DELIVERED,TRUCK,34
ec46be06-ce62-47da-8f40-f56ee4f5c1b5,2026-05-01T04:01:08.363906,Nunes,Fogaça de Costa,6.74,IN_TRANSIT,AIRPLANE,19
83782c87-f5dd-457f-b1f1-c237df6adc41,2026-05-01T05:37:25.917049,Cunha do Sul,Farias das Pedras,90.07,DELIVERED,AIRPLANE,96
29498a0c-3229-46d3-87d7-a1d9ce4582ad,2026-05-01T02:41:16.120209,da Luz,Pires de Nogueira,87.71,DELAYED,TRUCK,6
d887c23b-285b-4a59-89ef-373a5f51868d,2026-05-01T09:50:42.068381,Rodrigues,Siqueira,12.98,CANCELLED,VAN,49
6332310a-2ed7-4aab-92a0-bf57a1d966e0,2026-05-01T08:53:24.808343,Pereira,Siqueira de Goiás,62.56,DELAYED,AIRPLANE,8
1cebee3f-1396-42d5-98c7-a6000782fe49,2026-05-01T11:36:52.754834,Costela de Minas,Cavalcante de Fernandes,82.56,CANCELLED,AIRPLANE,97
05045478-cfcc-4aa7-8b87-2ab4b855f4d7,2026-05-01T06:51:47.164755,Montenegro,da Mata,93.33,CANCELLED,MOTORCYCLE,111
c938cdcd-2130-4f7e-9568-fe470b386f41,2026-05-01T03:31:11.720530,Pimenta de Araújo,Barbosa Alegre,60.16,IN_TRANSIT,MOTORCYCLE,9
5103a10a-4105-4799-93c7-b10031a5000c,2026-05-01T00:15:03.533469,da Paz,Nogueira de Santos,70.08,DELAYED,MOTORCYCLE,56
f01fa341-3b02-489d-a900-6b1298f436d4,2026-05-01T06:18:28.727089,Rodrigues de Cassiano,Ribeiro Verde,30.05,DELAYED,VAN,3
d8ca6bbe-f935-4a93-94a2-80c263db18bc,2026-05-01T12:10:19.966330,Mendes de Monteiro,Melo da Serra,36.96,DELAYED,AIRPLANE,61
938ff73e-c899-4224-b8bd-bd9d4b4f6014,2026-05-01T05:38:06.160541,Santos,Cardoso,57.56,DELAYED,TRUCK,83
3f29761c-d221-4ef0-be24-cefb2593e881,2026-05-01T09:00:04.502110,Alves de Rezende,Monteiro de da Costa,48.8,DELIVERED,AIRPLANE,33
2af3dac1-5698-40e4-af13-810363a822b0,2026-05-01T11:48:33.499022,Macedo de Goiás,Costa,39.38,DELIVERED,MOTORCYCLE,105
66c88b9d-ea35-4f31-b2d7-f6c1e2dea868,2026-05-01T09:46:35.405774,da Rocha,Garcia,18.53,DELIVERED,AIRPLANE,3
d6b334fb-1656-43b4-8695-5608c519b70d,2026-05-01T03:16:04.359076,Rocha de Minas,Azevedo,31.72,CANCELLED,AIRPLANE,107
3d50839f-7f1e-4966-a624-94a6a567f767,2026-05-01T02:09:20.097597,Alves,Barros,68.57,CANCELLED,VAN,25
48ac2e3c-cee8-45fa-8b3f-771f0afbb760,2026-05-01T10:42:44.343640,Ramos de Cardoso,Machado,83.68,CANCELLED,VAN,43
628bfc34-b6e1-4565-859a-6ec145a7ca91,2026-05-01T01:41:04.163385,Sousa de Montenegro,Jesus da Mata,19.62,DELAYED,VAN,83
6dc88f72-d1ef-469a-82c1-33e7658d5108,2026-05-01T12:17:07.782144,Cirino da Mata,Marques,15.24,DELAYED,AIRPLANE,44
a5237516-6428-4e60-8370-93e38be1acde,2026-05-01T00:04:41.561039,Camargo de Porto,Farias do Amparo,41.57,DELAYED,MOTORCYCLE,85
6c672641-c418-47cf-95d1-3858f2817597,2026-05-01T03:29:17.432090,Jesus de Goiás,Pereira do Oeste,42.49,DELIVERED,MOTORCYCLE,99
5bf2cb95-6a04-4b71-8350-7472d354b8a7,2026-05-01T09:28:22.295474,Costela do Galho,Almeida do Amparo,16.84,IN_TRANSIT,TRUCK,51
d501a937-f940-4a17-ab58-df799b295bfd,2026-05-01T12:02:00.407005,Viana,Machado das Pedras,58.87,CANCELLED,TRUCK,107
5038c471-7149-469e-8eae-b47b70f80108,2026-05-01T08:19:10.808883,Ferreira,da Cruz de Minas,83.74,DELIVERED,TRUCK,61
3fe2914b-98f6-459f-b967-565c49093f95,2026-05-01T08:59:40.366137,Machado do Campo,Albuquerque,97.19,CANCELLED,MOTORCYCLE,94
fb269d9b-02b7-4e8e-a799-644a323d634f,2026-05-01T09:32:01.007510,Peixoto das Flores,Silveira Alegre,67.37,DELAYED,VAN,2
4cb1b51d-2d3e-4c3a-a792-a04acc593d54,2026-05-01T09:47:24.387616,Aparecida,Aparecida,53.64,CANCELLED,AIRPLANE,73
f311fbae-2b2d-40c9-9fe1-4aaa6f035f04,2026-05-01T01:15:28.533011,Abreu,Novais Verde,51.48,CANCELLED,VAN,57
70b66145-9af4-412e-a402-5736c0e85e82,2026-05-01T02:45:01.902557,Leão,Almeida,38.49,IN_TRANSIT,TRUCK,61
601ce439-f513-4bcf-83f1-82694bcec915,2026-05-01T03:27:05.657565,Caldeira da Praia,Machado,84.81,DELIVERED,VAN,101
6d14d4b4-10c8-4b97-9754-21c0c85e066b,2026-05-01T04:01:34.252053,Aparecida da Prata,Moura do Campo,86.83,DELIVERED,AIRPLANE,44
f414df9b-d5bb-4879-87d2-25ea0319303e,2026-05-01T00:48:11.587633,Carvalho da Serra,Moura,1.65,CANCELLED,MOTORCYCLE,19
17044be7-2a9a-414f-b8d1-0242dde5046f,2026-05-01T06:37:30.648542,Costela,Cardoso do Campo,49.29,DELAYED,VAN,86
e73dc593-00db-4c1a-a506-20609015b4ab,2026-05-01T05:23:56.303471,Ferreira,Fernandes,8.81,IN_TRANSIT,VAN,98
9b103805-8c34-43a3-a121-6d2f31d6e172,2026-05-01T10:35:50.214313,Nunes da Mata,Barros do Oeste,75.91,IN_TRANSIT,AIRPLANE,92
c593697b-79e7-4ed8-930b-45af0119b9f8,2026-05-01T03:44:13.310632,Macedo do Campo,da Mata,44.41,IN_TRANSIT,MOTORCYCLE,30
720c5f0d-8a3b-4247-a6e3-6b14064e8907,2026-05-01T12:13:57.873245,Alves de Goiás,Freitas,10.0,DELIVERED,AIRPLANE,66
39b664c1-9d4b-4348-a142-1b8a3d677339,2026-05-01T08:17:33.286583,Siqueira,Nascimento do Norte,40.11,CANCELLED,AIRPLANE,0
04a07d36-dac2-430c-a78c-718257997a6e,2026-05-01T06:19:24.907484,Peixoto,da Rosa de Almeida,74.46,CANCELLED,TRUCK,0
2fc1cac9-208a-4ec0-8899-f7f88ac3deac,2026-05-01T07:01:07.325377,Rodrigues,Ramos Paulista,6.81,DELAYED,VAN,36
97721db6-c122-4b03-b93b-adfe574736c5,2026-05-01T00:14:29.394294,Borges,Aragão,11.98,DELAYED,VAN,32
ecda9070-0691-4345-a3ac-9cfff87f8479,2026-05-01T03:15:42.015386,Dias dos Dourados,Câmara,79.36,DELIVERED,MOTORCYCLE,96
fd549c35-4498-4787-a8b1-5dc75d831016,2026-05-01T05:11:24.477737,Macedo,Cirino,48.79,IN_TRANSIT,AIRPLANE,79
adb859ff-9485-44a6-b660-089f530cc156,2026-05-01T09:52:25.353858,Novais Grande,Fogaça da Serra,77.4,DELIVERED,TRUCK,13
91da2a2e-abdf-472c-a7f7-e3f841d0460a,2026-05-01T09:39:38.889167,Alves do Norte,Costela das Flores,8.49,DELIVERED,TRUCK,33
da5c751e-05e6-4654-bf99-a222087e2b7a,2026-05-01T09:24:27.258219,Duarte do Campo,Câmara do Galho,19.44,DELAYED,AIRPLANE,33
bd522003-6e0f-4ce1-a906-a10e8fa33d83,2026-05-01T04:17:42.779830,Sá de Duarte,Castro,14.09,CANCELLED,MOTORCYCLE,60
46ba6041-3531-4556-adaa-32e411ab446e,2026-05-01T09:10:24.021283,Camargo Grande,Correia,48.89,DELIVERED,AIRPLANE,17
20a3337b-863c-4574-a708-2f49f7fd20dc,2026-05-01T00:14:24.908378,Pereira do Amparo,Vieira de Rocha,49.42,CANCELLED,TRUCK,74
87c8de71-0676-49a4-b69f-4f24d0e0142f,2026-05-01T02:57:18.424521,Viana de Rodrigues,Monteiro,94.38,DELAYED,TRUCK,119
5cef3a1a-1e66-4ba2-b1c9-21b38acc8c3d,2026-05-01T05:29:08.760007,Câmara de da Conceição,Cavalcante,77.74,DELIVERED,AIRPLANE,87
c1bc436c-3273-4b47-8694-0959916aeb37,2026-05-01T08:47:55.889039,Garcia,Cassiano,40.58,IN_TRANSIT,VAN,97
c15d0b21-d5f1-4a28-8846-4625838c0e30,2026-05-01T02:07:29.538970,Campos,Leão de Goiás,53.41,CANCELLED,AIRPLANE,17
47a547aa-1b85-4b8f-8fc1-03f0f49d87e3,2026-05-01T01:16:09.852106,Novaes,Siqueira do Amparo,47.78,DELAYED,TRUCK,116
a5799eaf-1828-49fb-b584-107c1b6e3c2a,2026-05-01T01:03:54.631686,Montenegro de Minas,Ferreira,13.49,DELIVERED,AIRPLANE,40
a9364db4-30e8-4efb-89f7-5e30f1d2a315,2026-05-01T08:33:19.131863,das Neves,Gonçalves,59.59,IN_TRANSIT,MOTORCYCLE,65
7ec237ea-a860-44e1-b5c6-925318bf8b0e,2026-05-01T08:17:30.989612,Lima de Minas,Alves,80.41,DELAYED,VAN,108
ce75712f-29d3-476c-b975-3250d807fb2b,2026-05-01T11:51:37.233322,Ribeiro,Borges da Serra,98.4,IN_TRANSIT,TRUCK,6
6c6244bc-6940-4cea-b9b6-7956c7f645a3,2026-05-01T03:04:52.824356,da Costa de Minas,da Rosa Verde,85.41,CANCELLED,TRUCK,104
8169bac1-635c-4f2c-970f-4f5dd1a40657,2026-05-01T07:05:50.261308,Lima,Marques do Sul,70.26,DELAYED,AIRPLANE,34
2f5e3657-4fcd-4153-ad89-fb1b8c63789a,2026-05-01T11:18:25.159529,Freitas,Fogaça do Campo,67.94,IN_TRANSIT,TRUCK,57
bc61edc5-4a35-44de-9c01-0aa7c092d579,2026-05-01T01:50:33.717644,Costa de Barbosa,Câmara,90.1,CANCELLED,TRUCK,60
ff1de8b1-a10a-4b55-9952-f9ee51f83599,2026-05-01T08:26:22.180201,da Cunha,Aparecida,16.13,CANCELLED,AIRPLANE,18
1ff0dfbf-11de-4eba-b73e-68528959f227,2026-05-01T11:05:49.249673,Fogaça,Caldeira do Campo,81.33,DELAYED,AIRPLANE,118
c9438828-95d0-41a4-9259-bacc8e18e225,2026-05-01T01:26:10.382972,Castro,da Rosa do Norte,8.25,DELIVERED,MOTORCYCLE,11
402185cd-8f8b-4549-bb2a-efefcc492814,2026-05-01T02:34:46.011397,Pereira do Galho,Lopes do Norte,86.67,DELIVERED,VAN,106
5fc91c28-40b0-467a-8c17-2e135e5ec198,2026-05-01T00:02:03.811590,Fernandes,Pastor Paulista,55.38,CANCELLED,VAN,67
b447ac66-c2df-42f9-98d1-32095184ec0a,2026-05-01T01:02:35.718409,da Conceição,Sá do Amparo,61.04,CANCELLED,AIRPLANE,64
fbe03f82-6f38-4363-bc53-5f006eccbfe0,2026-05-01T04:14:25.542497,Vieira,Jesus,60.98,DELAYED,MOTORCYCLE,61
c22a4d5b-29ca-4d98-8c25-5b7f39a1a03a,2026-05-01T08:37:04.646329,da Mota,Silva,20.63,DELAYED,MOTORCYCLE,93
1f226ee0-ab74-41b0-8454-2ec3a10d68cb,2026-05-01T05:23:07.768346,Costa,Martins,13.54,DELAYED,AIRPLANE,93
56d21656-ec21-41e6-80ec-01e348ad5d53,2026-05-01T04:30:52.863632,Camargo,Cardoso,84.73,DELIVERED,TRUCK,109
5ba6c8ee-8a6e-4999-8264-081fee710712,2026-05-01T04:02:08.583628,Viana,Castro do Sul,97.78,DELIVERED,VAN,103
ee50f5d8-fba3-410f-910d-745040acc8e4,2026-05-01T08:53:26.839740,da Costa da Prata,Barbosa,89.01,DELAYED,AIRPLANE,70
a92496cf-2fc0-408d-a6f7-2fd44073a4fe,2026-05-01T11:14:00.762820,Borges de Fernandes,Dias Alegre,92.39,DELAYED,MOTORCYCLE,103
4cc7246b-2143-4926-b24a-7ff0f7d37ea9,2026-05-01T04:01:51.812091,Guerra,Barbosa da Mata,37.28,DELAYED,AIRPLANE,70
13e80e60-41c8-4a51-8f2f-a59145398a57,2026-05-01T05:37:35.787160,Aragão do Galho,Guerra de Lima,58.71,DELAYED,MOTORCYCLE,11
c4cc2268-4b7d-4a47-bdfe-c06a8393fc17,2026-05-01T08:15:53.820268,Cunha da Praia,Cunha,31.93,DELAYED,AIRPLANE,23
df813cca-8668-4770-8ff4-aa52adc6c885,2026-05-01T04:01:13.075880,Abreu de Nogueira,Nunes do Galho,43.58,IN_TRANSIT,MOTORCYCLE,16
e93eeabd-54c8-4efb-8276-9d2f70edeb70,2026-05-01T06:30:44.793729,Teixeira,Carvalho Paulista,72.15,DELIVERED,VAN,119
6122aaa2-73b1-4339-9c9f-41a4a3b613ff,2026-05-01T05:32:23.253712,Campos,Duarte,45.69,IN_TRANSIT,TRUCK,17
209d48dc-ca53-4893-aece-dd41c264d7a9,2026-05-01T01:19:16.593233,Araújo,Marques,74.71,CANCELLED,TRUCK,39
ecf68f15-b6a3-4e95-bdc5-e660715d49b7,2026-05-01T05:07:33.516797,Rodrigues,Almeida Paulista,84.92,DELIVERED,AIRPLANE,9
305953c3-8090-4ed2-842a-9adaa1d011dc,2026-05-01T09:24:15.694876,Machado,Pastor,91.27,CANCELLED,AIRPLANE,65
e9c52a6b-aed9-4f3e-a7b5-a38bf58d6846,2026-05-01T09:10:27.791700,Guerra,Souza,33.8,CANCELLED,VAN,117
eb004174-6958-4002-8b52-36f51b5561b8,2026-05-01T08:30:46.922505,Rodrigues,da Mota do Oeste,85.31,DELIVERED,MOTORCYCLE,71
c2831176-e3f1-45ed-b97a-da671d01de33,2026-05-01T05:05:19.037363,Viana da Mata,Mendes de Martins,42.9,IN_TRANSIT,VAN,29
fd7104df-7b6e-474e-b5fc-ca0b8a574c31,2026-05-01T01:44:39.768203,Albuquerque,Macedo do Sul,7.13,IN_TRANSIT,MOTORCYCLE,41
a0bb915b-9fed-40cc-860c-73f501cb8ac3,2026-05-01T05:21:50.482610,Vasconcelos de Cirino,Martins Paulista,12.31,DELAYED,TRUCK,96
1aec7e6a-f1f1-4671-bef0-98ade397035d,2026-05-01T11:33:01.675951,da Mata de da Costa,da Mota Grande,39.16,DELAYED,AIRPLANE,3
49ca6d3f-8a09-41d7-badf-5b84680b53a8,2026-05-01T12:22:30.765049,Montenegro,Fogaça de Ramos,74.46,IN_TRANSIT,MOTORCYCLE,88
8df15936-a2d1-471c-8428-7453e10060e8,2026-05-01T12:20:59.851559,da Rocha,Aparecida de Fogaça,73.68,CANCELLED,AIRPLANE,87
8f9e21f6-a485-4194-ad3b-99fdfc117740,2026-05-01T07:13:05.786852,Fernandes da Mata,Sales da Mata,5.02,DELAYED,TRUCK,16
dfed0566-8e1c-43db-8d22-334ff5ad5cb7,2026-05-01T05:07:46.176022,Moura,Pereira do Norte,87.85,DELIVERED,TRUCK,64
1a70c950-0ce1-416a-9d0b-78edb4754c4b,2026-05-01T11:31:42.678216,Pastor,Rezende,25.96,DELAYED,MOTORCYCLE,104
6818f79d-0909-47ed-871b-c9b229eb39c3,2026-05-01T09:15:36.229341,Garcia do Campo,Cavalcanti,66.08,IN_TRANSIT,MOTORCYCLE,69
60a87cc9-808e-41d0-ac14-bb92ad8daa1f,2026-05-01T08:22:56.768799,Barros,Camargo das Pedras,75.2,CANCELLED,VAN,44
5ba21895-9a62-4fe2-9135-4f91495a5966,2026-05-01T02:42:47.485928,Cavalcanti,Lopes Alegre,42.66,DELIVERED,VAN,90
4691b469-4f0f-4f94-a22d-a7fd42fedc37,2026-05-01T10:53:34.585885,Siqueira de Barbosa,Moura de Barbosa,56.41,CANCELLED,AIRPLANE,95
ae212cf2-0f9a-412c-a451-d0063290661f,2026-05-01T05:44:13.196908,Teixeira do Norte,Souza,19.53,CANCELLED,VAN,22
2c5c6932-4029-480c-a669-0453f774f2d2,2026-05-01T05:30:24.256863,Silveira,Fonseca Alegre,30.46,CANCELLED,VAN,90
0077571f-6992-4214-a2c0-4853743009b1,2026-05-01T07:45:05.916885,Jesus,Viana,48.54,DELAYED,AIRPLANE,80
031af3d2-4bd4-4ecf-bc09-32727a1b5a71,2026-05-01T01:03:47.969057,da Luz,Aragão do Amparo,2.28,DELAYED,VAN,81
f1097176-a5ad-49bc-aa74-94fccf21a657,2026-05-01T11:52:54.400674,Andrade,da Conceição,35.58,DELIVERED,MOTORCYCLE,112
0e9e1236-204e-4c29-aaf4-fc9cc61617e4,2026-05-01T02:42:10.673713,Fogaça,Cirino,16.94,DELAYED,MOTORCYCLE,46
077dcd69-06e3-4725-8389-d0d7968bb599,2026-05-01T00:52:10.599675,Gonçalves,Fogaça,75.64,DELIVERED,VAN,113
63bf2728-a41b-4c48-bd81-7c5effbac320,2026-05-01T03:14:17.801851,Vieira das Pedras,Rocha dos Dourados,61.72,CANCELLED,TRUCK,94
41ff56f8-e022-44f3-8a27-75becb7a7143,2026-05-01T08:07:40.064292,Almeida de Albuquerque,Rios do Oeste,4.93,IN_TRANSIT,MOTORCYCLE,104
c742f479-cb03-4876-a0d9-ad0f8d419f1e,2026-05-01T11:19:52.198209,Rezende Verde,Moreira do Norte,4.45,DELAYED,AIRPLANE,29
aa7763ac-b527-49cf-b913-09fc08bc3479,2026-05-01T09:14:07.925860,Mendonça,Farias,14.8,IN_TRANSIT,MOTORCYCLE,77
4d23994c-3bb9-4bb8-86c1-2718f5031e46,2026-05-01T01:32:50.135103,Ribeiro de Mendonça,Casa Grande de Andrade,43.55,DELIVERED,TRUCK,51
e06c2b3e-c398-49ac-8ec1-5c4777a5b394,2026-05-01T05:25:34.699936,Rocha de Minas,Moraes Grande,12.32,IN_TRANSIT,TRUCK,72
265ec1fc-8338-49f2-846e-37690723d157,2026-05-01T03:55:22.044057,Gonçalves,Câmara,95.83,DELAYED,TRUCK,20
9154715d-3e17-4b7b-a9cd-b865bfc8f5eb,2026-05-01T01:01:24.099414,da Paz,Pinto,55.74,DELIVERED,TRUCK,77
9842ba35-4adf-4692-ad79-f946cf9e0544,2026-05-01T05:39:57.597654,Câmara,Silveira,55.35,DELIVERED,AIRPLANE,62
c1e29782-8de6-4721-990c-2ffcdbdc0f4c,2026-05-01T05:58:09.353054,Moreira,Farias,65.39,DELAYED,MOTORCYCLE,80
eb9537b8-ebc7-4f9e-bace-ea8f33559097,2026-05-01T04:01:29.673378,Marques de Rezende,Guerra,32.95,DELAYED,TRUCK,71
bd159afe-61e9-4a6a-8eb4-a10faa4b0d89,2026-05-01T05:59:43.063172,Barbosa do Sul,Freitas,26.64,CANCELLED,AIRPLANE,104
0f2407f2-5fc1-4eeb-91c8-c97320b4d941,2026-05-01T04:44:37.021118,Vargas da Serra,Farias Grande,96.0,IN_TRANSIT,VAN,111
b7d8f705-4592-4d9f-a43b-e43ce2c6c256,2026-05-01T02:35:00.323394,Fernandes,Gomes,67.55,IN_TRANSIT,TRUCK,85
0c40281f-26dc-47b2-a5e6-6e2858aa0469,2026-05-01T03:12:36.242521,Garcia,Rios,73.17,CANCELLED,AIRPLANE,46
75bc74e5-2f0c-4489-b6d6-a15f3f45d1c2,2026-05-01T02:54:51.828078,Moura,Azevedo da Praia,98.73,DELIVERED,AIRPLANE,15
7e5091cc-4bcb-4421-ad87-8a445ddd4894,2026-05-01T08:06:36.719754,Machado dos Dourados,Teixeira do Galho,3.68,DELIVERED,MOTORCYCLE,98
962b6198-feb9-4556-a747-d9e993907811,2026-05-01T08:58:45.273942,Moreira de Moraes,Ferreira das Pedras,3.2,DELIVERED,AIRPLANE,33
40ba1d6c-8e48-4c37-9279-2860513feec9,2026-05-01T01:12:42.717028,Cassiano de Monteiro,Sampaio,6.21,DELAYED,TRUCK,27
eb8f7390-e3fe-45e5-9bb4-e8e8a4cb4dce,2026-05-01T08:29:43.017117,Silveira,Cunha de Gomes,40.43,CANCELLED,MOTORCYCLE,9
0417d805-3429-4ac4-b306-f6fb43e8e491,2026-05-01T12:24:05.916612,Campos,Martins dos Dourados,75.77,CANCELLED,VAN,46
eb4a5a03-24a1-4315-951c-4eee75c1dee3,2026-05-01T07:18:28.791785,Nunes,Teixeira da Praia,43.42,DELIVERED,AIRPLANE,107
e3ee90e4-b07b-4c3d-89d0-5ea29e09a10a,2026-05-01T08:33:11.414818,Camargo de da Costa,Azevedo de Souza,34.08,CANCELLED,MOTORCYCLE,62
f6fa6f46-b51b-4e03-ab75-92c6db51cb87,2026-05-01T10:26:16.082428,Nogueira,da Paz de Goiás,25.74,DELIVERED,AIRPLANE,42
0424c55b-54db-44ba-86ee-7dc28bc3e095,2026-05-01T08:48:49.572624,Jesus de Pires,Casa Grande,22.65,IN_TRANSIT,AIRPLANE,13
a1666622-aca0-46eb-b4e9-1dc6a5e034df,2026-05-01T04:49:37.250698,Rios,Ferreira de Minas,2.54,DELIVERED,VAN,48
931c0fb4-067d-44ee-a70c-95a422f184af,2026-05-01T02:01:36.853837,da Conceição da Praia,Lima de Barros,50.43,DELIVERED,VAN,109
81379d4d-83ae-4487-af68-59fd8e0fba96,2026-05-01T03:34:48.171430,Borges do Oeste,Gonçalves,16.03,DELAYED,VAN,91
dc87f8d2-06ab-4ac0-9a7d-ce81d220c0c8,2026-05-01T07:52:04.761811,Macedo,Macedo,28.27,DELAYED,TRUCK,8
ceac5c5e-edae-41fb-9274-18cefda42c47,2026-05-01T01:56:50.809734,Nogueira,Pastor,80.86,CANCELLED,MOTORCYCLE,93
161ab9f3-3260-46f6-b705-8100ff048cd6,2026-05-01T03:44:31.509554,da Luz das Pedras,Peixoto,20.08,IN_TRANSIT,MOTORCYCLE,61
61d47c1c-acf5-418e-bbbb-c91094a52510,2026-05-01T02:51:17.156135,Rios do Campo,Nunes de Albuquerque,99.51,DELIVERED,MOTORCYCLE,30
f9b8c471-8a41-4d0c-8350-bb52e5a7c189,2026-05-01T03:03:41.106676,Siqueira,Souza,91.38,DELAYED,VAN,117
a744e9f3-294d-4dcf-b0e4-a60ced2067b6,2026-05-01T02:18:06.930137,Cunha,Borges Verde,25.48,DELAYED,MOTORCYCLE,110
7c87d212-b6e8-42ee-b8bf-8cbf2c1f3bbe,2026-05-01T06:43:34.338644,Camargo de Melo,Cirino,67.45,DELIVERED,VAN,56
78c09047-c16c-415b-a157-5800c49ced0e,2026-05-01T03:54:06.645468,Campos,da Rocha,52.09,DELAYED,TRUCK,114
507d9031-9d41-48cd-9648-aa15bea5f3d9,2026-05-01T00:19:53.088932,Vieira do Norte,Borges da Praia,1.89,DELAYED,VAN,44
36e5b8be-a9d6-4788-a1f8-178d89e8d8b9,2026-05-01T09:23:55.053066,Melo,Campos da Prata,73.56,IN_TRANSIT,TRUCK,58
36437a94-d402-4d77-ac37-69df0ea6a6ed,2026-05-01T00:07:32.473159,Andrade,Costela da Mata,86.99,DELAYED,AIRPLANE,63
e23f748e-f933-4fcb-8287-f256a636fb79,2026-05-01T10:58:49.057679,Cunha da Mata,Duarte,7.71,DELAYED,TRUCK,46
e9e0a9f6-c0ae-4f7e-a705-b420a4c41729,2026-05-01T02:12:05.987503,Aragão Paulista,Moreira,86.54,DELAYED,MOTORCYCLE,106
07940dab-458b-4aa2-b3a6-237f1d74551b,2026-05-01T05:44:19.317677,Rios,Caldeira Verde,49.71,DELIVERED,VAN,64
18fac73f-e0b1-4190-b770-369c9820ba6f,2026-05-01T04:01:30.571079,Siqueira,Gomes da Praia,15.98,DELAYED,TRUCK,76
1a04cc9f-9042-4f11-a8be-a2d5b1c755a2,2026-05-01T04:19:33.841930,Camargo dos Dourados,Farias,51.44,IN_TRANSIT,AIRPLANE,83
0163605f-5572-4983-b654-716d80d04323,2026-05-01T03:49:05.419400,Costela do Oeste,Sá de Minas,69.22,DELAYED,VAN,69
6e740c2b-75e0-4e00-81b8-3d9e023e9b07,2026-05-01T02:23:13.950962,da Costa da Praia,Montenegro de Teixeira,92.26,CANCELLED,MOTORCYCLE,118
b4b9209f-91a6-40c1-9898-fd60896382a3,2026-05-01T07:32:47.786257,Santos,Vasconcelos Paulista,27.46,DELIVERED,MOTORCYCLE,4
1b571dd3-bc80-4c60-b3cb-bd297e0b3a00,2026-05-01T05:16:30.663492,Albuquerque,Montenegro,94.22,DELAYED,VAN,23
fddb4c38-5ada-4f58-a19f-a77270b0a00c,2026-05-01T11:34:03.949695,Farias Alegre,da Rosa,54.93,CANCELLED,TRUCK,40
65f788ac-2eb8-496c-b767-e0fe13f5addc,2026-05-01T10:55:30.231430,Alves,Melo,23.66,DELAYED,TRUCK,65
fe525d16-20dc-4d6e-b0c8-1054663e49c7,2026-05-01T04:39:55.642436,Campos de Goiás,da Mata de da Rocha,86.38,IN_TRANSIT,TRUCK,96
e1a23de2-5149-462b-96c1-4ef34203a80c,2026-05-01T12:14:31.028555,da Luz,Camargo,24.25,CANCELLED,AIRPLANE,31
808e77c4-6b7b-494f-a758-c0432fd0aa1c,2026-05-01T12:22:04.461444,Lopes do Norte,Sá de Goiás,17.99,DELIVERED,VAN,65
53338268-4560-44bb-98ed-c9bde0b8358b,2026-05-01T10:56:45.424785,Pereira do Sul,Viana do Amparo,74.21,DELIVERED,MOTORCYCLE,75
aae66798-515e-4612-8a75-649d6fde7343,2026-05-01T05:06:36.971346,Silveira,Barbosa Paulista,25.19,CANCELLED,VAN,18
41e914c6-8012-4ca3-963d-70b4c32e3ee8,2026-05-01T10:30:37.392352,Gonçalves de da Cunha,Casa Grande do Oeste,0.27,CANCELLED,AIRPLANE,109
220e524d-1d54-42dd-b335-6216ba2f81f5,2026-05-01T02:30:38.045678,Marques,Fernandes da Serra,24.78,DELAYED,MOTORCYCLE,119
1df4b5b3-d177-4e2d-a25f-ef98b72ab3d7,2026-05-01T09:17:10.731612,Cassiano da Prata,Guerra,5.17,DELAYED,VAN,60
e5e0d27c-9b63-4775-9eb6-f37fec01fa97,2026-05-01T10:59:04.233649,Mendes,Ferreira de Câmara,37.22,DELAYED,TRUCK,42
09e4947c-d443-4e6d-af5a-6f0a8b0b16b7,2026-05-01T08:33:44.957602,Marques,Fogaça,88.8,DELIVERED,VAN,88
938c164e-a73d-4b6c-952d-8175c07599dd,2026-05-01T08:48:06.712539,Sales Alegre,Martins,68.08,CANCELLED,VAN,110
e01ceba0-247b-4444-bc84-e9ba36b013ee,2026-05-01T01:57:56.526811,Rocha,Oliveira de Goiás,85.76,DELIVERED,AIRPLANE,42
eabcec7c-0dff-4f2c-8804-eeb9d6adf8ec,2026-05-01T11:04:42.579902,Ribeiro,Pinto das Pedras,13.84,IN_TRANSIT,MOTORCYCLE,35
d214640d-423e-46e5-88b1-5bc5eeb92e4f,2026-05-01T12:12:16.767245,Freitas,Cardoso,63.54,IN_TRANSIT,TRUCK,6
46cd3f89-d6d9-4898-a9a1-a4de84c5c8d7,2026-05-01T02:06:25.354404,Gonçalves,Costela do Oeste,29.65,DELAYED,MOTORCYCLE,25
e222b9dc-585a-4016-9dc9-3d853699421f,2026-05-01T08:58:46.153296,Machado da Praia,Cardoso da Prata,85.23,DELIVERED,AIRPLANE,40
b6766125-eb75-463d-9fd4-fea4ada13367,2026-05-01T03:56:13.434095,Santos,Ferreira do Oeste,35.59,DELAYED,MOTORCYCLE,66
4a5a4fca-688c-4a10-85ca-d5767d85bdd1,2026-05-01T03:47:25.482296,Santos de Campos,Araújo do Campo,29.82,IN_TRANSIT,AIRPLANE,97
00655e8b-6ca1-4f71-b1b6-0fb29a4a25e1,2026-05-01T08:02:32.348714,da Conceição,Silveira,60.45,DELIVERED,VAN,56
6a288a2e-eda5-458d-bd1c-e1139754a36a,2026-05-01T06:43:01.862615,Montenegro,Moura,83.3,DELIVERED,TRUCK,80
3332dff1-4f8b-41e5-9e24-6efe2db39bd0,2026-05-01T01:53:01.614017,Teixeira dos Dourados,Rezende de Goiás,16.3,IN_TRANSIT,MOTORCYCLE,73
5cf05e7d-02b8-436d-a703-bc1a747d8fb0,2026-05-01T09:37:35.074260,Campos,Andrade do Amparo,0.16,DELIVERED,AIRPLANE,109
3f0d453d-fb9d-4c4c-a4af-56af8ad61c57,2026-05-01T03:42:39.578542,Fonseca,Casa Grande,22.13,DELIVERED,AIRPLANE,45
d87a2481-9f2c-4589-b5e1-743d4a780f59,2026-05-01T02:04:51.932335,Lopes Alegre,Pinto de Borges,31.6,DELAYED,AIRPLANE,78
208006a2-762a-4480-b3bc-981821d94189,2026-05-01T00:01:07.979385,Sales do Amparo,da Mota de Martins,41.96,IN_TRANSIT,AIRPLANE,99
6330f9c4-9343-4239-a8c6-a1325cf273b7,2026-05-01T03:07:57.971479,da Mota de Mendes,Fonseca,89.72,DELAYED,TRUCK,26
d471b4f7-8602-42a8-baab-cda6ae4ad725,2026-05-01T06:01:44.708476,das Neves Verde,Vieira,48.68,CANCELLED,VAN,41
0208001b-5e14-4a12-84e4-d78aa7aaecf4,2026-05-01T08:57:35.175561,Silveira,Farias,82.03,DELIVERED,MOTORCYCLE,81
85d9211d-5e22-45e0-bb57-fc03015542ef,2026-05-01T03:35:07.359749,Teixeira da Praia,Oliveira,54.3,DELAYED,MOTORCYCLE,29
584a6f1f-035b-457d-9344-9666a74f1251,2026-05-01T07:23:11.976254,Cassiano,Cavalcante Alegre,28.67,IN_TRANSIT,VAN,68
f47366cf-10c0-4578-ba40-2db631bcb570,2026-05-01T07:02:00.385667,Melo,da Cruz do Norte,71.44,DELIVERED,VAN,104
131cc5a8-9b03-43f3-a924-cfe171b935f4,2026-05-01T02:07:41.624111,Cardoso,Ramos de Rocha,77.32,DELIVERED,MOTORCYCLE,63
7d37c504-ee59-4dc0-8c80-ebdc516e4137,2026-05-01T04:06:22.113957,Peixoto,Novaes,66.13,DELAYED,TRUCK,68
c8ee01c7-e8eb-4d53-8b4a-b4b6943d7d14,2026-05-01T05:05:31.798542,Marques,Mendes do Norte,90.82,CANCELLED,VAN,40
ac36eab8-6068-48ba-b75a-f1ec21893b04,2026-05-01T03:53:59.232936,Lopes,Moura,35.46,DELAYED,AIRPLANE,91
82bff7b8-f7c3-42e1-bea7-c90b68e4e441,2026-05-01T07:59:09.302772,Barros,Costela,75.93,DELAYED,AIRPLANE,94
ae18ad81-9051-4878-afd5-061b500b682a,2026-05-01T01:20:08.936727,Nascimento,Costa,30.38,DELAYED,TRUCK,93
e5e54dc7-9c26-456a-acf9-77213949832e,2026-05-01T08:33:06.076271,Castro Grande,Cavalcante Verde,70.63,IN_TRANSIT,MOTORCYCLE,83
e0e4c1e4-1c2d-4026-a574-04904a3dbf19,2026-05-01T08:44:08.629081,Oliveira,Mendonça,31.34,CANCELLED,MOTORCYCLE,39
1b479e1f-623f-4a02-8cd3-0c42ecac7e4d,2026-05-01T12:05:57.284958,Rezende,Montenegro Grande,7.54,DELAYED,MOTORCYCLE,31
289cbe31-c6ff-43c3-a6cc-3d2201709949,2026-05-01T03:30:08.064163,da Rosa,Teixeira Paulista,12.63,DELAYED,TRUCK,111
1364cbf1-b876-4570-9513-0ceb39ba52f9,2026-05-01T08:52:22.210298,Costela Grande,Cavalcante,71.22,CANCELLED,AIRPLANE,57
eb14e2b7-3d1d-4056-85d5-57abcb6bd7a4,2026-05-01T02:31:06.446920,Nunes de Goiás,Cunha,12.76,CANCELLED,TRUCK,58
939eeec6-90a0-43b0-b92d-6e4d8264a3df,2026-05-01T05:12:52.888665,Rios,Nascimento de Viana,31.78,DELIVERED,TRUCK,112
cb0aded4-8164-43ce-8b2e-54320ff55cb0,2026-05-01T08:47:51.759338,Camargo de Goiás,Sampaio da Praia,75.71,IN_TRANSIT,VAN,1
cedaa3b0-47a2-46cd-9b46-8c3eecf5729b,2026-05-01T03:40:40.563972,Melo,Siqueira da Praia,9.69,IN_TRANSIT,TRUCK,68
1b767032-aafc-45d3-a180-8b94104da611,2026-05-01T06:56:12.160128,Borges,Silveira,51.39,IN_TRANSIT,MOTORCYCLE,66
08f0d57e-cdc7-4122-8bde-61e758e2894d,2026-05-01T08:57:49.273047,Azevedo,Vasconcelos,9.92,CANCELLED,AIRPLANE,27
f8a418ec-014d-45ba-879c-b16b6a021183,2026-05-01T10:57:26.208576,Novais,Borges de Sampaio,15.5,IN_TRANSIT,TRUCK,20
8b958cf5-800d-4aa8-9cb5-705b6f68f2a3,2026-05-01T08:49:05.185785,Cavalcanti de Pires,Monteiro da Praia,63.03,CANCELLED,AIRPLANE,107
3dfc83b2-03a0-404f-9001-fabdb5d2e5a2,2026-05-01T06:50:38.644692,Pastor da Prata,da Mata de Martins,75.78,IN_TRANSIT,MOTORCYCLE,65
362b560e-6e9a-4698-90b0-ee1be260755b,2026-05-01T04:11:27.054336,Vasconcelos de Macedo,Albuquerque,56.51,IN_TRANSIT,TRUCK,86
129bc7c4-69f8-4e8a-81e8-b610b31d7588,2026-05-01T09:55:00.631529,Aragão de Costa,Melo Paulista,32.6,DELIVERED,AIRPLANE,100
9d23fe4d-0445-4fa2-bbc3-4cc481047943,2026-05-01T06:06:45.370021,Cavalcanti,Montenegro Paulista,4.45,IN_TRANSIT,TRUCK,52
819bc584-fa27-47e6-8c4f-94aedc39fec0,2026-05-01T05:23:15.083335,Nogueira,das Neves Verde,38.19,DELAYED,TRUCK,38
e8d1c079-89c2-46b8-b9cd-ad9d57634a69,2026-05-01T10:30:16.154709,Pastor,Jesus,49.42,IN_TRANSIT,AIRPLANE,45
4bde60b2-0874-4cd6-9878-9839574a129b,2026-05-01T03:22:58.892945,Sampaio da Serra,Ramos de Minas,68.78,CANCELLED,TRUCK,88
e3f6d20b-4b8f-4401-abe0-b339976cd726,2026-05-01T10:25:01.705953,Costa Paulista,Cardoso,23.46,CANCELLED,AIRPLANE,65
47b88e15-0824-40a1-8c5f-d7ff296bd1c1,2026-05-01T07:49:56.940315,Freitas dos Dourados,Garcia de Goiás,89.72,CANCELLED,VAN,49
558f69d2-a0f0-4f4d-9811-17e8772f9920,2026-05-01T05:53:08.912702,Caldeira Alegre,Cavalcanti das Pedras,47.24,CANCELLED,VAN,45
e7c48ec9-1e41-4cf0-af15-0f28b8f38723,2026-05-01T10:20:58.187221,Rezende das Pedras,Fonseca,96.59,DELIVERED,AIRPLANE,62
bfe02400-1419-4e22-b341-8e235248f395,2026-05-01T04:59:19.880223,Carvalho,das Neves,88.55,CANCELLED,TRUCK,84
837de8ae-9228-447b-abdd-17a840aa754d,2026-05-01T09:09:27.725407,Guerra,Lima,97.98,DELIVERED,TRUCK,96
c6036c05-6469-476b-b6bd-68aa65275849,2026-05-01T01:48:19.728069,Macedo das Flores,Correia,13.75,DELAYED,AIRPLANE,70
46966a21-e120-4b90-98c8-e6458e6c3776,2026-05-01T01:39:42.361134,Brito,Pastor Grande,60.32,DELIVERED,TRUCK,9
28b5be02-2406-4ab5-b97e-93e2d85f8987,2026-05-01T07:32:17.752112,Fonseca de Goiás,da Paz,9.37,DELIVERED,VAN,81
12f5bf3b-f572-47b6-a82d-30269213a49c,2026-05-01T05:36:53.996228,Jesus,Macedo das Pedras,19.08,DELAYED,AIRPLANE,69
8232cebb-86c2-4cbf-b361-4facfefa5ac5,2026-05-01T02:02:41.624885,Peixoto,Abreu,83.5,DELIVERED,AIRPLANE,95
a1ff30c3-6d2a-4d30-aeb2-fd51e2d8e8fb,2026-05-01T08:08:40.596502,Casa Grande,Albuquerque,94.02,IN_TRANSIT,MOTORCYCLE,43
adf3a118-8ef7-4cc6-a6ef-20b30dfd74b2,2026-05-01T10:13:28.131677,Brito dos Dourados,Santos,81.14,DELIVERED,MOTORCYCLE,67
ff32172a-1192-437b-ac20-914734b8f168,2026-05-01T12:05:04.462533,Pinto,Pereira,25.89,IN_TRANSIT,VAN,111
056c61c0-b3f2-4b56-ac7a-48c77b656c6c,2026-05-01T12:24:35.961005,Araújo,Monteiro,8.75,DELAYED,AIRPLANE,26
bdd6b7af-8884-4bff-9699-fb0a50cf2a74,2026-05-01T12:13:49.180021,Castro do Oeste,Cassiano,47.04,CANCELLED,MOTORCYCLE,23
9f9a2508-6c44-497a-929f-ce3707687e3f,2026-05-01T03:01:22.599302,Rezende,Vasconcelos,92.88,CANCELLED,MOTORCYCLE,101
aa26a553-c765-453d-ab68-c23c71926873,2026-05-01T06:57:00.111219,Rocha,da Conceição Grande,64.13,DELIVERED,AIRPLANE,57
7963db83-c82d-448c-bcfa-dc90642ef315,2026-05-01T09:49:30.422797,Cassiano do Norte,Abreu da Serra,39.06,CANCELLED,MOTORCYCLE,107
9aed5187-d3ac-4b96-9df9-9b1522c46703,2026-05-01T04:37:31.302375,Garcia dos Dourados,da Rosa de Mendonça,59.26,IN_TRANSIT,MOTORCYCLE,13
d67e0db6-beae-4b49-9bf5-88423d4dafd0,2026-05-01T08:35:25.558141,Pinto de Camargo,Sá,69.56,DELAYED,AIRPLANE,35
118e2c2f-b98d-4133-aba0-bb1892273475,2026-05-01T02:44:19.383169,Carvalho do Oeste,Martins,75.8,CANCELLED,AIRPLANE,40
8fa8fe06-feda-498e-aad2-d8945f6dc56f,2026-05-01T03:22:59.911299,Cardoso,Jesus do Norte,38.35,DELAYED,MOTORCYCLE,112
03cb954d-df30-4f1f-8632-4d3b03ef766b,2026-05-01T01:39:06.031628,Pastor,Castro,43.55,DELIVERED,VAN,19
d7e21494-b4f1-47d4-9def-7a05d922cdcc,2026-05-01T06:26:06.051352,Pastor,da Mata de Pereira,92.42,DELIVERED,AIRPLANE,88
376f24d1-c602-492c-804f-a11d33eb0a88,2026-05-01T03:54:55.232237,Oliveira,Novaes,52.77,IN_TRANSIT,AIRPLANE,19
de95ea61-05f3-438a-b760-45c0feb5422d,2026-05-01T00:35:03.218709,Pinto de da Paz,Novaes,20.89,CANCELLED,TRUCK,96
eb5d75ac-4d48-4bbc-ae20-18d8ddd8707a,2026-05-01T08:07:40.840678,Aragão,Nascimento,12.5,DELAYED,AIRPLANE,72
80539785-7154-48e9-8d47-0b4bfa582411,2026-05-01T03:16:00.622125,Ribeiro da Mata,Camargo,47.22,DELAYED,TRUCK,33
7400bb11-e594-4d49-939a-215b176d040c,2026-05-01T05:26:35.974293,Gomes,Caldeira de Minas,54.91,IN_TRANSIT,VAN,13
96de3c70-9b04-4083-99f1-ba75678aed5b,2026-05-01T02:34:27.540199,Araújo da Praia,Silveira de Vargas,30.07,IN_TRANSIT,AIRPLANE,9
b61c4fa2-6c2c-450d-b988-8612f498ef43,2026-05-01T02:53:49.535212,das Neves Verde,Garcia,84.67,CANCELLED,TRUCK,64
73d307ae-b6d9-4f4f-bcda-9b4b085f90d6,2026-05-01T11:56:14.337082,Silva Grande,Alves,36.65,CANCELLED,MOTORCYCLE,28
0f1549e6-9484-4854-8e76-0f73fdf4ba2f,2026-05-01T11:04:39.511242,Lima,Cardoso da Mata,1.15,CANCELLED,AIRPLANE,65
3f74bdcc-c1dc-4877-9a38-d6b9fdae08e8,2026-05-01T04:36:10.780424,Fonseca dos Dourados,da Cruz,93.81,CANCELLED,AIRPLANE,77
cb87f7ac-b463-46dc-9fb7-8a04cfc42cbb,2026-05-01T08:38:23.884874,Cardoso,Correia Alegre,69.77,DELIVERED,VAN,7
3445011e-3994-4211-8544-835b00e62e7f,2026-05-01T10:06:55.628943,Cunha,Pires de Cavalcante,20.51,DELIVERED,AIRPLANE,0
49b353fb-7d67-4255-ba28-34f334e5f476,2026-05-01T06:41:00.579967,Vargas Grande,da Rosa do Norte,4.67,CANCELLED,MOTORCYCLE,51
65fbc254-ace5-4776-8f60-692d18e72f42,2026-05-01T10:12:37.145642,Borges de Andrade,Barbosa,37.09,DELAYED,MOTORCYCLE,118
3be923d9-0c9c-4b87-b682-830a45fe7ce9,2026-05-01T03:38:54.837841,Sousa,Macedo,9.22,DELIVERED,MOTORCYCLE,117
98f126c5-5156-4dc8-a9bf-7b84287175f0,2026-05-01T04:58:45.950868,Albuquerque de Fernandes,Cassiano,1.94,DELAYED,TRUCK,30
2217f3b8-222e-4d9e-a7ce-1c3ab8179a42,2026-05-01T11:53:36.788337,Almeida do Sul,Pinto de Goiás,47.2,CANCELLED,MOTORCYCLE,114
c3e3cc6f-0520-49c7-a728-a7a694da858b,2026-05-01T02:06:52.429892,Cassiano,Moraes do Oeste,81.13,DELAYED,AIRPLANE,104
2fa5444f-9386-4e7f-98c0-bf9c6dc42fe9,2026-05-01T04:04:18.367911,Abreu das Flores,Aparecida,21.5,CANCELLED,VAN,15
c9577511-adc9-47c1-9afe-5e4caa727442,2026-05-01T11:28:15.883477,Sampaio,da Conceição,79.47,DELAYED,MOTORCYCLE,56
e7d989d3-e6b6-4d4e-ae62-17104a29cf1b,2026-05-01T10:13:53.140665,Ramos Alegre,Marques,6.39,IN_TRANSIT,AIRPLANE,119
aaa39e7b-260f-4afa-a509-356564414eb0,2026-05-01T07:24:58.255930,Farias da Prata,Sá de Minas,41.37,IN_TRANSIT,VAN,96
475a27c7-dfee-4438-a3f1-68382250b37e,2026-05-01T07:46:05.254989,Andrade,Rocha,93.33,CANCELLED,TRUCK,6
01897500-03c2-4f4e-b61b-0ec60d845322,2026-05-01T02:37:14.628040,Andrade,Montenegro,66.96,CANCELLED,VAN,46
c2a20d3f-aeff-41ca-b804-32b7d9029460,2026-05-01T07:26:52.696685,Viana,da Rocha,80.64,DELIVERED,MOTORCYCLE,61
56f4b117-3106-4ceb-924b-4653b297cc7b,2026-05-01T02:16:30.067848,Marques,Pastor dos Dourados,81.83,DELAYED,VAN,64
e3a2c1a0-7867-47b3-8399-5e2174b98722,2026-05-01T02:04:42.872863,Peixoto dos Dourados,Vieira da Serra,62.13,IN_TRANSIT,AIRPLANE,57
f254f043-1554-4762-bff3-98c032a618ee,2026-05-01T01:33:05.746451,Campos,Gomes Verde,56.49,DELAYED,TRUCK,84
77ed3707-d1ce-4ec6-a256-e58de4f788c6,2026-05-01T12:21:08.017438,Macedo,da Conceição,72.52,DELAYED,MOTORCYCLE,15
1f084832-07bb-4628-b517-ba1d83700f47,2026-05-01T08:48:45.110259,Casa Grande Alegre,da Cruz de Viana,26.07,DELAYED,MOTORCYCLE,85
d7a7c7e6-f01e-4a96-8a0f-a858a5d871e1,2026-05-01T11:26:15.213135,Porto de Duarte,Ribeiro da Serra,53.36,DELIVERED,MOTORCYCLE,110
b6f6624b-7b6e-431a-ad7a-f9877087d64b,2026-05-01T09:15:14.264983,Barros Paulista,da Luz de Costela,69.71,DELIVERED,MOTORCYCLE,87
b4ff3553-8819-43c2-bf76-cb0da9d30e39,2026-05-01T11:24:47.899850,das Neves de Farias,Pereira do Amparo,36.66,DELAYED,VAN,46
e9e1fc6e-369a-4f47-bdf4-13ce95d1cc95,2026-05-01T08:33:25.566508,Marques,da Conceição da Serra,87.4,DELAYED,VAN,108
ea5f39b5-bb3f-41b8-ac97-f26b53b10ba6,2026-05-01T04:26:42.646752,Pimenta,da Cunha das Flores,22.16,DELAYED,VAN,72
6f002893-6d90-4c8c-a12e-68ffb42d0cdf,2026-05-01T02:15:23.682258,Fernandes do Galho,Andrade,12.62,DELIVERED,AIRPLANE,107
a767c40f-5337-4361-89ce-42fbf71187e6,2026-05-01T01:20:02.122693,Costela de Carvalho,Vasconcelos,92.18,CANCELLED,VAN,71
5347f71f-ca47-4655-a57c-9142b0b6e0f9,2026-05-01T05:59:44.009749,Pires Verde,da Paz,74.5,CANCELLED,TRUCK,87
c2ec1727-06c7-43b8-b1dd-58303deaa536,2026-05-01T06:52:15.496537,da Paz de Goiás,Vasconcelos,59.52,CANCELLED,AIRPLANE,72
2daddb29-18c3-479f-9f9b-bd58dc77ce06,2026-05-01T03:42:45.810810,Vasconcelos da Praia,Cirino,21.58,DELIVERED,MOTORCYCLE,113
c7e64f1a-1703-4072-bc55-381d0cf3e20f,2026-05-01T08:54:05.460354,Souza do Sul,da Paz Alegre,28.16,DELIVERED,MOTORCYCLE,48
8fcb473a-3579-4e9f-9a4c-6cb27297a9c4,2026-05-01T08:35:35.798951,Duarte,Sousa de Gonçalves,2.45,DELIVERED,AIRPLANE,26
e6c6bde8-60b8-4f94-92fe-066f791d56ca,2026-05-01T02:34:16.000822,da Rocha Verde,Moreira,50.16,CANCELLED,TRUCK,29
a6a3f10e-3529-40fe-96e7-b3e93909449a,2026-05-01T09:11:15.098767,Macedo,Melo,15.31,IN_TRANSIT,MOTORCYCLE,19
c108c88c-0b9e-4a07-8ca0-03e26518d800,2026-05-01T03:33:04.326649,das Neves do Campo,da Mota de Minas,25.51,IN_TRANSIT,VAN,117
10fd9252-b795-4768-8499-d5acfc150acb,2026-05-01T07:35:50.084843,Fernandes do Norte,Lima Verde,64.95,IN_TRANSIT,VAN,59
7719d9b7-993a-44bd-a72f-92bb429620ed,2026-05-01T03:48:10.338507,Moura,Leão da Prata,31.49,CANCELLED,MOTORCYCLE,45
8216491a-6bf9-46b5-a51f-694199a974d9,2026-05-01T06:32:21.843933,Freitas,Guerra das Pedras,27.47,DELAYED,TRUCK,48
b24ebaff-58ab-4398-aff8-22fc22e652f5,2026-05-01T02:05:31.813552,Cirino da Prata,Sales de Almeida,43.51,IN_TRANSIT,TRUCK,115
ea81e5e0-44ab-44bd-9b51-d7c664b370f6,2026-05-01T06:09:54.005775,Abreu de Rios,Moraes,12.07,IN_TRANSIT,MOTORCYCLE,72
0a9e2140-aead-4ce5-9540-3a1431c973c5,2026-05-01T01:45:54.623263,da Paz de Minas,Cirino Grande,43.45,IN_TRANSIT,TRUCK,58
86d5bb17-51c6-490d-9151-74fb06e8a87e,2026-05-01T01:05:13.042825,Silveira das Pedras,Carvalho,48.19,CANCELLED,TRUCK,13
6484d87d-f307-49e6-8061-07cf96b19e5c,2026-05-01T05:25:56.101977,Freitas da Prata,Campos,32.35,CANCELLED,AIRPLANE,16
063fcc94-d717-4865-a5fa-e19c3716dd0e,2026-05-01T10:03:45.855381,Novais,Monteiro,21.24,CANCELLED,VAN,97
d76e084c-349c-40d1-aece-66891f4c9144,2026-05-01T07:11:17.034998,Nogueira,da Conceição do Sul,64.77,CANCELLED,AIRPLANE,50
b5e812f0-0739-40d7-bea0-875799686986,2026-05-01T00:13:43.593324,Albuquerque de Camargo,Barbosa de Minas,28.57,IN_TRANSIT,TRUCK,15
4369bc89-ec25-46ec-b140-cfbb2ca95a68,2026-05-01T10:12:04.649957,Sá,Câmara das Flores,6.66,DELIVERED,VAN,63
af756439-347e-4349-b13a-6df0deba075e,2026-05-01T01:05:54.881105,Camargo,Sousa do Sul,65.14,DELIVERED,TRUCK,16
64e7a5b6-ff20-44a1-97a5-3fd82e5e3dca,2026-05-01T11:14:56.977518,Albuquerque do Galho,Cardoso,34.79,IN_TRANSIT,AIRPLANE,14
5280fd4d-969b-4cc0-bfe7-8f382b82c1c3,2026-05-01T02:48:43.539235,Castro das Flores,Aragão,8.31,CANCELLED,TRUCK,93
b3e97485-734f-4a77-bc9e-30b0bf7501ae,2026-05-01T02:31:55.807699,Farias,Nunes do Amparo,38.25,CANCELLED,MOTORCYCLE,32
394d5c14-dc2e-47af-9b19-e433f11f626e,2026-05-01T04:15:31.552497,Pereira de da Luz,Marques,44.76,DELAYED,AIRPLANE,23
e1f974f0-8ef3-45c0-a44b-f1dcc4131410,2026-05-01T11:58:30.120774,Duarte da Mata,Rodrigues,12.43,IN_TRANSIT,AIRPLANE,106
c71415e5-5b92-432d-8af1-8e85eaa70608,2026-05-01T01:50:45.271118,Monteiro dos Dourados,Pimenta da Serra,11.77,DELAYED,VAN,73
564e1723-d45d-4fda-859d-a5fa34e76626,2026-05-01T10:38:53.826936,das Neves,Pires,97.38,DELAYED,AIRPLANE,21
b31563ab-f3cf-4833-a404-e2bdaaadb587,2026-05-01T04:42:41.353297,Barros Grande,Sales de Minas,12.86,IN_TRANSIT,AIRPLANE,98
32dd9490-b25f-4b94-885e-ae03661cf1e1,2026-05-01T09:17:21.049859,Pinto de Goiás,Costela de Cavalcante,41.91,IN_TRANSIT,VAN,36
0eb77e6e-a39c-4250-9b49-338a0d0e79e3,2026-05-01T04:26:00.929818,Moraes das Flores,Camargo,66.88,DELIVERED,TRUCK,70
b307d8e4-b077-468d-a705-2f81175cc717,2026-05-01T06:53:27.307442,Pires de Viana,da Cruz das Flores,88.06,DELIVERED,MOTORCYCLE,118
38c9f37e-301e-495a-8f99-df6c1be4b7a5,2026-05-01T04:52:53.120056,Correia,Moraes,47.07,DELIVERED,VAN,96
93aed27f-639d-47a1-ac1b-a6b0441c156b,2026-05-01T09:21:08.336707,Fogaça de Martins,Peixoto do Norte,89.78,DELIVERED,MOTORCYCLE,64
b1f36160-dba8-4d47-808b-26527045a0c8,2026-05-01T04:33:51.809416,da Mata do Amparo,Cirino,1.21,IN_TRANSIT,AIRPLANE,73
c8afc40a-b4de-4bb1-afdb-4bdc19e33d45,2026-05-01T08:33:48.992261,Souza Paulista,Sales,93.81,CANCELLED,TRUCK,71
345b830e-2775-4076-9bb6-41de7ef9e78c,2026-05-01T06:20:40.767482,Marques,Brito do Sul,44.61,CANCELLED,TRUCK,114
44c7d7d0-8c10-42fc-92e4-6c5350b50b0a,2026-05-01T02:42:36.933444,Melo da Serra,Moraes do Oeste,86.89,DELIVERED,VAN,26
46a6eb3c-887a-457c-a6e8-fb5b667c5357,2026-05-01T07:32:56.771434,da Rocha de Minas,Viana da Prata,33.51,IN_TRANSIT,TRUCK,61
77f059e6-91b6-4b3d-88c6-949b19a95f26,2026-05-01T03:56:46.841784,Freitas,Siqueira,46.59,IN_TRANSIT,VAN,14
d92e8d95-55ed-44a4-b2bd-761333995dcb,2026-05-01T04:25:03.893669,Leão da Praia,Montenegro,69.86,CANCELLED,TRUCK,110
fd59f956-024a-430d-9443-368198d68545,2026-05-01T01:12:29.351438,Sá,Carvalho da Praia,82.71,CANCELLED,AIRPLANE,67
0741075e-b909-4abc-bd06-af0e2edecd4a,2026-05-01T10:30:48.180129,Mendonça de Marques,Montenegro,14.55,DELIVERED,TRUCK,120
c6a21cbd-1f3c-4e9e-99bf-7bb2ed8d0baa,2026-05-01T06:17:57.580015,Pereira,Pacheco,59.12,CANCELLED,TRUCK,45
a0bc0e10-7e70-4df0-8a0b-5197c1dbcb09,2026-05-01T03:36:01.878877,Pinto,Peixoto do Campo,7.58,CANCELLED,AIRPLANE,92
feb2ea7b-24dc-4d84-a17a-33dc57391466,2026-05-01T07:16:36.910377,Pacheco dos Dourados,Farias,57.41,IN_TRANSIT,MOTORCYCLE,18
bd2e25ab-6918-4e6f-aadb-c3f4aea30681,2026-05-01T08:13:43.463644,Vasconcelos,Fonseca de Freitas,71.34,CANCELLED,VAN,105
ac94bda1-2ceb-41f5-998c-bb359aadd99f,2026-05-01T11:03:39.207492,Barros de Cirino,Vargas do Campo,25.0,CANCELLED,MOTORCYCLE,23
d356eec9-cdda-43b4-92fc-0e4076372033,2026-05-01T10:57:22.995806,Sousa dos Dourados,Andrade de Minas,52.34,CANCELLED,AIRPLANE,12
851ff1f9-18f4-4271-afa7-a6e5c38b761f,2026-05-01T02:20:14.248324,Machado das Flores,Albuquerque da Prata,14.98,IN_TRANSIT,AIRPLANE,43
6b32e05e-e7a0-460d-b962-924c5464c34b,2026-05-01T03:29:23.608610,Rios,Siqueira,61.81,DELAYED,TRUCK,78
792bd8f0-99ee-4f76-a835-1c09ba8b6eb7,2026-05-01T06:27:59.407073,Viana,Lima do Amparo,13.44,DELAYED,AIRPLANE,12
7047f971-bd93-45ec-8a70-48a697b22000,2026-05-01T00:45:23.605446,Camargo da Praia,Souza Verde,75.07,DELAYED,VAN,87
19248d98-96ee-4ee5-bb34-a2cd5b814530,2026-05-01T10:54:16.351034,da Cruz,Sampaio,78.18,DELAYED,TRUCK,7
e21fbc4a-824f-4429-ae3b-ddd32574c2d5,2026-05-01T01:14:57.922675,Moreira de Minas,da Cruz,3.02,IN_TRANSIT,MOTORCYCLE,58
3d38ffc2-3c88-4587-b49f-caa9148d3557,2026-05-01T04:13:07.965886,Rios da Mata,Sampaio,90.18,IN_TRANSIT,TRUCK,47
fb264cf1-859b-474b-a0f3-7bb0cb714c88,2026-05-01T02:29:10.767168,da Mata do Sul,Albuquerque de Aparecida,93.38,DELAYED,MOTORCYCLE,52
f8027015-cc4a-4122-b58f-cbe170b162e4,2026-05-01T01:58:35.897200,Duarte Paulista,Guerra,7.23,IN_TRANSIT,VAN,79
4c23966c-7982-434f-8c4b-63eaca843ee6,2026-05-01T08:12:06.170245,Sousa,Pereira do Campo,37.57,IN_TRANSIT,VAN,9
0ef105af-5f0b-41fc-857e-c8b7a908d528,2026-05-01T03:20:19.595990,Machado,Caldeira,2.32,IN_TRANSIT,MOTORCYCLE,56
b5563cc8-4d1c-4fbc-ad58-e7a6ee8d1d17,2026-05-01T01:49:26.990905,Mendonça,Cirino,68.1,DELAYED,AIRPLANE,105
57136593-5e25-43c7-9c02-01dd8664d959,2026-05-01T04:44:11.944000,Vasconcelos,das Neves do Norte,16.6,CANCELLED,AIRPLANE,89
f4b8e818-2ab1-4529-aa2d-4a7373499410,2026-05-01T05:37:54.779226,Montenegro,Fonseca,55.62,DELIVERED,VAN,116
1bd9b362-c672-4e80-87de-52d457d08a35,2026-05-01T05:01:57.744620,Vargas de Minas,Barros,92.29,DELAYED,TRUCK,75
601a9e31-a919-4791-8e5a-a0f9d427e627,2026-05-01T09:51:50.245123,Cirino,Pinto,62.2,DELAYED,AIRPLANE,95
9f7dfe50-9e25-4f33-9aa4-d384bb48a297,2026-05-01T10:48:22.159605,Nogueira,Peixoto,1.57,DELAYED,AIRPLANE,21
5cc65c3c-d14d-49a9-9803-62562a083d46,2026-05-01T11:46:23.483351,Vasconcelos,Sá de Sousa,90.32,CANCELLED,AIRPLANE,67
1f5e6647-c4ac-4193-a82a-eef680e0ca16,2026-05-01T08:35:21.179417,Almeida das Flores,Cavalcanti Alegre,31.52,DELIVERED,TRUCK,41
0e2b71a5-ee3c-4a2d-a0d4-63f4fcf3978c,2026-05-01T05:59:51.971780,Borges,Barbosa do Galho,98.4,IN_TRANSIT,TRUCK,30
cfb9d221-2de0-487c-bc84-087c88655a00,2026-05-01T10:48:39.511851,Machado,Moura Grande,47.76,DELIVERED,MOTORCYCLE,25
7ba0e409-b0a2-4940-bf51-82ace70fb75a,2026-05-01T04:49:11.125275,Araújo,Pacheco Alegre,19.08,DELAYED,AIRPLANE,33
f8f1f4c5-2450-49d7-b1cc-b0078c64c3f1,2026-05-01T00:07:08.012063,Barros,Vieira,18.83,DELAYED,VAN,69
428cdeb4-e18e-4672-9a9b-c00e55b451f5,2026-05-01T10:52:18.797361,Cavalcanti,Barros,66.13,CANCELLED,AIRPLANE,76
93fed909-290c-4960-beb2-583638cf8834,2026-05-01T03:52:23.419770,Pereira,Santos,47.54,IN_TRANSIT,VAN,84
102386bf-9cce-4378-a0bb-1ae060fc0308,2026-05-01T12:11:00.848761,Monteiro Alegre,Camargo de Carvalho,5.68,CANCELLED,MOTORCYCLE,50
a262ee95-6ec4-4d75-a23e-2276609f60eb,2026-05-01T11:11:58.801353,Lima,Pastor,78.05,CANCELLED,AIRPLANE,13
9cc77d66-3e96-48f7-bcf1-48d22fc1745f,2026-05-01T04:34:17.961723,Albuquerque,Cardoso do Oeste,91.48,DELIVERED,TRUCK,25
47ad20d5-4cd8-42c6-ad21-bd186d54e1a8,2026-05-01T07:23:28.634282,Dias,Costa de Araújo,13.68,DELIVERED,TRUCK,18
8a9a228b-5db3-472e-9f0b-fb0081ef86b4,2026-05-01T11:43:39.386445,Rezende,Castro,29.54,DELAYED,TRUCK,69
33c08bda-dd98-4c02-836a-d1eb18ea1cf0,2026-05-01T10:37:31.436514,Pinto,Jesus das Pedras,79.86,IN_TRANSIT,VAN,116
6688b208-a739-4507-b868-f1c8e11671e8,2026-05-01T01:19:24.427754,Gonçalves de Minas,Fogaça,69.36,CANCELLED,MOTORCYCLE,100
3bf8aa18-8f0d-4e7d-8e8b-a3fa070ed572,2026-05-01T10:05:16.024165,Fonseca da Praia,Siqueira,71.38,DELIVERED,AIRPLANE,70
44f25b15-ee1e-4d58-a7a0-7d2c36404df7,2026-05-01T07:50:46.308243,Rezende,Vasconcelos,7.24,CANCELLED,MOTORCYCLE,88
d027ed1a-ba1b-4d76-ac16-c997ade35faf,2026-05-01T09:15:05.897591,Pimenta de Monteiro,Sampaio,13.06,DELAYED,AIRPLANE,118
859c1437-8882-4247-a24b-25a8663c5133,2026-05-01T12:23:30.109012,Araújo das Flores,Leão,55.66,IN_TRANSIT,TRUCK,71
872cffb8-b4e8-41b9-9238-80fcd36f4ce8,2026-05-01T07:23:38.959352,Cavalcanti de Aragão,da Mota,69.84,DELIVERED,MOTORCYCLE,105
fff367f6-61e0-421c-be88-501428f759b9,2026-05-01T05:24:26.418838,Montenegro,Guerra,45.26,CANCELLED,MOTORCYCLE,78
c3473474-0a1b-4825-bfe5-05e61a518367,2026-05-01T06:39:06.020240,da Rocha de da Cruz,Almeida do Oeste,21.51,IN_TRANSIT,TRUCK,63
79dec177-f2c2-4136-b9db-cfddd1625080,2026-05-01T10:50:19.474202,Fernandes,Almeida do Campo,76.2,DELIVERED,AIRPLANE,93
7f4bfda8-352d-4af4-9895-8dfcf6d076e6,2026-05-01T06:33:35.547592,Fonseca,Nascimento Paulista,31.02,DELIVERED,TRUCK,116
9c552dfc-ece6-4e06-93e3-4c7a25659a1f,2026-05-01T10:34:42.443425,Cavalcanti do Norte,Cavalcante de Câmara,21.71,DELAYED,AIRPLANE,28
69c1c297-2e68-4348-b1d8-f3f96a252326,2026-05-01T08:25:58.546083,das Neves,da Costa,77.04,DELIVERED,MOTORCYCLE,34
c2fa7bdf-41e8-41a4-a821-88714650dda9,2026-05-01T08:26:28.387057,Monteiro,Cunha do Galho,84.05,IN_TRANSIT,TRUCK,26
b4685981-7ceb-4983-aa5a-b1c14cb9a02c,2026-05-01T07:17:34.388958,Brito do Galho,Marques,32.76,IN_TRANSIT,AIRPLANE,98
349a3f0b-b7f3-4cf6-b68c-d9457a603e14,2026-05-01T11:07:48.179156,Azevedo,Ramos da Serra,27.1,DELIVERED,VAN,48
6140547b-e2ce-4b64-a817-160200ceed4f,2026-05-01T02:45:38.017998,Cunha,Pereira,3.43,CANCELLED,MOTORCYCLE,25
804ace92-a637-4749-b214-dfb8049ee0fa,2026-05-01T01:27:10.498644,da Cruz de Mendonça,Porto de da Paz,14.51,IN_TRANSIT,AIRPLANE,26
a18ac792-3ddd-4c93-8b8c-c2a9bb0a95f7,2026-05-01T11:50:33.018258,Mendes,Lima,93.33,IN_TRANSIT,VAN,61
92924c82-b4ab-4190-b616-1ae6b9b930c0,2026-05-01T03:44:39.047442,Freitas,das Neves das Flores,25.23,CANCELLED,AIRPLANE,41
092a878f-c544-42a4-bf44-879edaf8eb4b,2026-05-01T04:35:56.265169,Moreira de Pinto,Cardoso,86.2,IN_TRANSIT,VAN,53
436c5c68-91ef-464e-9c56-5839effe8f1d,2026-05-01T09:31:46.046586,Farias do Oeste,Gonçalves Grande,80.27,CANCELLED,AIRPLANE,44
b019601d-a5af-404b-b98d-db4080c484a0,2026-05-01T07:17:06.938229,Araújo,Camargo de Gonçalves,56.32,DELAYED,MOTORCYCLE,76
e52e642a-43b6-4c7d-ac1b-1327b7dcccaa,2026-05-01T12:01:48.510214,da Mata,Vieira do Oeste,45.85,CANCELLED,VAN,51
bb467cf4-3ffe-4609-80d9-26ecaec7c705,2026-05-01T06:18:28.439524,Gomes da Serra,Mendes,72.99,DELAYED,VAN,116
64cc22a4-bc00-4f43-b251-dc3d6ed4b0e0,2026-05-01T07:43:07.487207,Moraes das Pedras,Pereira,11.37,DELIVERED,MOTORCYCLE,67
3b5f8b36-d654-42e7-a40a-79694580f208,2026-05-01T05:13:12.877981,Sales,Farias das Pedras,94.59,DELAYED,MOTORCYCLE,73
9be7de90-16f0-4e42-bdb4-d72f5f5322ae,2026-05-01T06:51:53.636862,Teixeira,Pinto do Galho,65.22,DELIVERED,TRUCK,0
0f04365b-02d8-4b74-a1b8-6a0320816519,2026-05-01T09:00:43.897087,Azevedo dos Dourados,Vasconcelos,5.15,IN_TRANSIT,MOTORCYCLE,65
2a04e5b4-2318-4658-8b5a-b0bcb2c6e044,2026-05-01T12:04:55.805003,Cassiano da Mata,Rocha de Monteiro,43.4,IN_TRANSIT,TRUCK,21
8bf60669-0c7b-4d21-8b3b-1826a39e0533,2026-05-01T03:08:58.373801,Barros da Mata,Moura,12.85,IN_TRANSIT,AIRPLANE,79
1b9c6ff6-3c31-4e1a-b880-377e024115c3,2026-05-01T04:54:32.463968,Ferreira,Fernandes das Pedras,22.09,CANCELLED,TRUCK,45
2c615eac-144d-43c0-b02f-020e45f315a3,2026-05-01T01:04:28.157928,Araújo,da Conceição da Praia,80.18,DELIVERED,VAN,43
c6fca8c3-f54e-4214-be45-3f9af0fa8d0d,2026-05-01T07:30:01.958881,Alves,Pastor,70.21,DELIVERED,TRUCK,49
994a615d-1515-4a90-868f-79248c9bb026,2026-05-01T03:13:02.467310,Ferreira Alegre,Sales,68.18,IN_TRANSIT,VAN,77
b820a7ae-8a4b-4991-9128-21c233234999,2026-05-01T06:15:15.010968,da Luz Alegre,Moraes da Praia,24.35,CANCELLED,VAN,38
3b5ce46e-605c-49dd-a75c-ea5754a94b6b,2026-05-01T07:06:24.153847,Pastor Grande,Camargo,8.07,DELAYED,TRUCK,55
e41696af-d844-443f-aaea-b5d26eba44ef,2026-05-01T01:20:35.568054,Araújo,Castro,38.26,DELIVERED,VAN,64
f51bf58c-fe37-4cc1-932f-73efcafcb670,2026-05-01T01:13:00.600020,Lima do Oeste,Novais das Flores,6.85,IN_TRANSIT,MOTORCYCLE,17
bb90ba35-1e03-48b3-bd93-8305b833dcfa,2026-05-01T04:14:20.087444,Costela,Vasconcelos,57.16,CANCELLED,TRUCK,80
42ae3d1a-75f3-4173-840f-fbba0a499b55,2026-05-01T06:17:00.188295,Ferreira,Machado do Sul,83.6,DELIVERED,VAN,33
8547a111-99e3-44bd-a7db-461424d5c2b0,2026-05-01T10:05:53.772986,da Paz,Aragão da Prata,54.7,DELIVERED,TRUCK,49
c38282c7-b429-4cb7-ba12-b67d70063178,2026-05-01T11:14:18.236141,Almeida Verde,Teixeira dos Dourados,92.91,IN_TRANSIT,TRUCK,91
4e753fbf-1caf-4c58-a27e-30f79a935155,2026-05-01T06:38:24.896924,Carvalho,Aragão da Mata,15.69,CANCELLED,VAN,114
5c1b3966-7721-4acb-95f3-81a47c433a32,2026-05-01T03:57:33.844044,Sousa,Fogaça,79.76,IN_TRANSIT,MOTORCYCLE,108
3a266968-d1cc-4404-9554-a7f4f30a506c,2026-05-01T02:56:16.357599,Cirino do Campo,Vieira da Praia,42.25,IN_TRANSIT,TRUCK,73
f968124e-e0ab-4e7c-b064-35711be5b46f,2026-05-01T02:18:49.117966,Rezende,Cavalcante das Flores,84.76,CANCELLED,MOTORCYCLE,75
8f17bba5-2b21-42d4-b694-82869f556100,2026-05-01T09:14:46.717100,Sales de Goiás,Melo de Goiás,3.67,DELAYED,TRUCK,13
85de5410-4e50-47d5-9979-1b84b8dee262,2026-05-01T03:07:03.938945,Câmara da Prata,Moraes de da Paz,70.7,IN_TRANSIT,AIRPLANE,78
6e06bde6-ae62-4b6d-8e61-672043090afd,2026-05-01T07:17:52.570079,Martins,Pires,48.44,IN_TRANSIT,AIRPLANE,92
9c48b3c7-0393-4939-b606-7a682300467c,2026-05-01T10:58:37.462371,Mendes Grande,Mendonça,7.85,DELAYED,MOTORCYCLE,112
13d3d933-010a-4aa9-9c7b-9fa8ea10e236,2026-05-01T05:46:26.570982,Lopes,Siqueira da Praia,51.39,CANCELLED,VAN,106
a3a768ef-57e4-4589-aa3e-363ba5851332,2026-05-01T07:21:50.469437,Vargas,Sales da Praia,85.75,CANCELLED,AIRPLANE,116
20a8676f-f904-41aa-9b8e-0409ed19ebb7,2026-05-01T10:47:51.207100,Sá do Norte,Nascimento,1.93,IN_TRANSIT,TRUCK,63
fb6704e7-2dd0-4e2d-92b9-038f893de6e5,2026-05-01T07:24:21.239136,da Mata,Viana,93.23,DELAYED,AIRPLANE,1
af7ff51f-190c-4996-8da2-487b1e1fdfa7,2026-05-01T00:43:41.929384,Marques,Pereira de Duarte,71.42,IN_TRANSIT,TRUCK,88
8c022307-c070-49f0-8a96-e87b8d312f18,2026-05-01T04:50:13.854787,Cunha,Cardoso do Sul,54.92,CANCELLED,AIRPLANE,24
5279b8bf-bbba-491f-8e09-e05f586e1598,2026-05-01T08:57:59.704063,Cavalcante,Oliveira Grande,67.39,DELAYED,TRUCK,96
da9a7e26-c4c8-415e-beff-bc9f979bfdcf,2026-05-01T01:31:21.728009,Aragão de Vargas,Rodrigues,19.39,CANCELLED,TRUCK,17
6ea1f45c-ecab-4fb0-b527-51d1ebca1a9e,2026-05-01T09:54:24.471764,Cavalcante,Pinto de Silveira,81.55,CANCELLED,VAN,86
64c7833c-7add-45eb-9c2c-fe3c17087d50,2026-05-01T10:13:06.069994,Barbosa,Borges,56.79,CANCELLED,MOTORCYCLE,8
c7d65590-4514-4523-8ce3-43adb19c39a0,2026-05-01T00:41:37.255381,Fogaça,Fogaça,88.95,DELIVERED,VAN,16
333109e7-8b7a-4ae7-841d-99dab1e05fea,2026-05-01T10:42:31.598573,Souza,Pacheco,50.07,DELIVERED,TRUCK,9
158eb795-9fea-4a6b-bca7-1f1456aaf45c,2026-05-01T12:18:09.771382,Leão,Lopes,47.37,DELAYED,MOTORCYCLE,48
c909e0d3-0c68-4f9a-9246-1e2498e2e7c1,2026-05-01T10:08:33.500565,da Cruz do Norte,Siqueira,22.07,DELAYED,MOTORCYCLE,20
0a7772b1-9242-4324-9472-cdbe01fa7700,2026-05-01T11:09:05.545691,Peixoto,Santos Verde,99.67,IN_TRANSIT,MOTORCYCLE,14
87e36ce2-12c7-4e28-a92d-03ea12f86b78,2026-05-01T07:01:37.896039,Castro da Prata,Nogueira,76.6,IN_TRANSIT,TRUCK,48
2bf23bdd-d57d-48b0-8ecf-41bc826f8a89,2026-05-01T09:19:25.141744,Brito das Pedras,Lopes do Galho,30.49,DELIVERED,VAN,91
70587879-3db4-4120-be37-a3941de153bc,2026-05-01T10:53:26.877225,Araújo,Silva,95.06,CANCELLED,VAN,83
7075c64c-40ff-402b-af59-d89353c59475,2026-05-01T04:47:34.665718,Pinto do Galho,da Conceição,63.0,IN_TRANSIT,MOTORCYCLE,107
88615294-f14b-4116-86f7-919702aa2f0d,2026-05-01T11:19:18.447272,Fernandes de Minas,Sá,8.41,IN_TRANSIT,VAN,58
5b58b1fa-b18f-4aaf-928a-fe1088060588,2026-05-01T09:52:02.364468,Pinto do Oeste,da Conceição,66.4,IN_TRANSIT,AIRPLANE,50
43fda895-70a0-4271-8821-1b9ad59a95aa,2026-05-01T05:40:50.615270,da Costa,Nunes de Souza,65.23,DELIVERED,AIRPLANE,78
3700f2a0-f5d1-42f8-9931-a1fd2476070d,2026-05-01T05:58:37.196886,Caldeira dos Dourados,Rios do Sul,9.57,IN_TRANSIT,TRUCK,57
13ed6103-af0a-47f8-af55-c717609708ca,2026-05-01T00:34:07.644834,Cirino da Prata,Sampaio dos Dourados,98.7,DELIVERED,TRUCK,28
69f47a40-13e3-4697-bbb7-f6703c910eb2,2026-05-01T00:47:36.839827,Araújo de Rios,Pastor,50.75,IN_TRANSIT,MOTORCYCLE,59
e9bb6482-f9e7-4a32-b56e-88ac35205db5,2026-05-01T00:48:22.946378,Marques de da Costa,Correia,63.32,IN_TRANSIT,VAN,36
c03b3920-0d0a-4ea0-880d-4c41abbf937b,2026-05-01T07:30:20.048387,Farias das Pedras,Brito de Lopes,14.15,DELIVERED,VAN,14
548c315d-3fe2-4956-aa58-cc3100307363,2026-05-01T09:08:14.102689,Almeida de Goiás,Peixoto,27.38,DELAYED,VAN,38
0358ad96-c0ce-4e8e-8d3a-3b9b385bfb31,2026-05-01T01:36:07.887529,Mendonça,Sousa,18.95,CANCELLED,AIRPLANE,100
32c808b4-2852-4d96-94b9-de0d45a3a006,2026-05-01T09:38:13.589872,Pinto Verde,Brito,39.22,CANCELLED,VAN,47
11fbe020-f5ee-4866-b605-18ec140cf058,2026-05-01T03:25:54.882640,Ribeiro Grande,Sousa Verde,23.45,DELAYED,MOTORCYCLE,85
c3f0fa53-1d60-4030-a691-a16fa43faef3,2026-05-01T06:58:37.888031,Machado de Rezende,Viana,93.24,DELIVERED,AIRPLANE,32
3d1ab8e5-dacc-4468-9c3c-7a748f13ae56,2026-05-01T09:00:14.720338,Ramos das Pedras,Aparecida da Serra,85.21,DELIVERED,AIRPLANE,108
8b11e101-e20b-4697-a8c9-4acfea6b12cd,2026-05-01T02:15:52.226265,da Conceição da Serra,Sales,30.75,DELAYED,AIRPLANE,0
f9116ade-5e6d-40e3-a55e-b2130c19642a,2026-05-01T05:00:49.174058,Moraes Paulista,Peixoto de Costa,90.54,IN_TRANSIT,VAN,29
8bdb503e-3223-4ce7-94dc-16a0fa449f1f,2026-05-01T08:54:10.400880,Cirino,Souza do Galho,43.03,DELIVERED,TRUCK,45
25c2e965-c9e6-4202-9ed1-33c48f733d9e,2026-05-01T09:44:42.042698,Barbosa,Vargas,3.86,IN_TRANSIT,MOTORCYCLE,35
44b9e9d0-25de-4164-90f1-6bc508b40619,2026-05-01T06:42:29.779826,Pimenta,Rodrigues,54.38,CANCELLED,TRUCK,20
c65f62f8-9bff-4cbe-9fbc-db2660b19f82,2026-05-01T04:24:24.822468,Mendonça,Barros da Praia,34.22,CANCELLED,VAN,34
ac70a74a-f2e3-4a8f-bfa4-b8812dc76fce,2026-05-01T03:22:52.280421,Macedo Paulista,Fernandes,12.13,CANCELLED,AIRPLANE,56
ec1d3189-59c2-4c08-aa9b-8ab9a9f8d383,2026-05-01T08:49:08.685000,Farias,Oliveira Paulista,54.69,IN_TRANSIT,AIRPLANE,98
22ebe814-6837-446f-b490-37fcc7220ad9,2026-05-01T10:29:47.577635,Sousa,Siqueira,17.23,DELIVERED,TRUCK,8
3b40b327-43a3-4410-8846-81ecb54ee560,2026-05-01T11:20:11.294316,Carvalho do Galho,Almeida da Praia,43.69,DELAYED,MOTORCYCLE,97
e841d9c7-87cd-4cdd-b870-4d033b767b37,2026-05-01T03:59:07.676133,Abreu,Cardoso,96.57,DELIVERED,TRUCK,17
aefc4393-a0c8-4d21-a954-f44b4ac4f509,2026-05-01T05:36:57.503073,Pimenta,Vieira do Oeste,62.13,DELAYED,MOTORCYCLE,5
ef44f5d7-7396-41f2-9c42-712ef0c440c3,2026-05-01T06:14:11.254239,Moreira,Macedo da Prata,64.03,DELAYED,AIRPLANE,53
ee2ba315-90f0-45ea-8118-d1b333b65179,2026-05-01T07:03:47.690637,Rezende,Barbosa,40.62,DELIVERED,MOTORCYCLE,29
1d1271b9-f8dc-4b98-b8b1-94e2d20939c7,2026-05-01T02:12:53.020347,Jesus,Sales,24.11,IN_TRANSIT,AIRPLANE,16
afcc2852-450a-4866-bd0e-8ead4b61f311,2026-05-01T01:33:50.923318,Borges do Amparo,Barbosa,70.31,IN_TRANSIT,MOTORCYCLE,17
c79c7867-14ea-4d0e-9bbf-0e5db8bbed2a,2026-05-01T00:20:21.769249,Martins,da Rosa,24.8,DELIVERED,VAN,64
a51c022f-2281-45e7-b9c2-e3230bbff53c,2026-05-01T05:20:03.067866,Martins,Andrade do Oeste,20.36,CANCELLED,VAN,6
a1b1b5bc-2960-4ca4-a14e-bb22438b3f49,2026-05-01T00:17:22.490706,Campos de Camargo,Sales,22.6,IN_TRANSIT,AIRPLANE,0
69f2f3c9-4601-4629-b01b-0058bced6309,2026-05-01T05:09:00.639836,Leão,da Conceição,16.88,CANCELLED,VAN,39
feb04d37-4ca2-4de6-950d-c2ea17c7dfa1,2026-05-01T04:51:37.404498,Aragão dos Dourados,Garcia dos Dourados,34.62,DELIVERED,MOTORCYCLE,15
48f665d1-a13b-4d37-aca3-bcfe5b639a3f,2026-05-01T01:53:39.140868,Sousa,Guerra da Mata,37.85,IN_TRANSIT,MOTORCYCLE,30
51d1f9b6-8feb-4d1e-b2aa-1964d4dd734c,2026-05-01T05:15:47.390156,da Costa Alegre,Machado do Norte,54.25,DELIVERED,VAN,36
a6fe0f56-b59e-44d2-baf2-c44c3cb3c887,2026-05-01T00:14:59.223319,Câmara,Vargas da Praia,56.76,DELIVERED,TRUCK,11
39fa28c0-bb22-4880-b130-a5f6e11b62f3,2026-05-01T10:05:24.933473,Cardoso do Oeste,Fogaça,72.62,IN_TRANSIT,TRUCK,2
22ba2514-f188-404f-a06a-0292463866b1,2026-05-01T05:57:12.243979,Viana do Oeste,Silveira de Vasconcelos,43.86,DELIVERED,MOTORCYCLE,24
0c8870a3-4c85-4477-91bb-4e91e957caac,2026-05-01T08:37:10.301014,Fogaça,Nascimento das Pedras,86.06,CANCELLED,TRUCK,74
a9e396b8-7387-40b1-b074-4e31f6ff770b,2026-05-01T03:31:39.450973,Pereira,Moraes,99.09,DELAYED,VAN,68
3ce21ce3-b248-4060-a99d-6c5ecaf6c9a0,2026-05-01T01:23:47.540686,Pimenta,Camargo,85.65,DELAYED,VAN,19
436a5082-cd0d-46bc-bb0d-ae0772407beb,2026-05-01T07:24:12.210730,Novaes,Costa do Galho,6.5,CANCELLED,TRUCK,16
2bcfce93-ad21-431b-bcc3-dd60f547c3fb,2026-05-01T01:36:08.424075,Duarte Grande,Pires da Praia,20.95,IN_TRANSIT,MOTORCYCLE,118
2a39e298-a2f9-44bd-bb68-3c16400d7bf1,2026-05-01T04:45:12.785691,Ramos,Viana,41.8,DELIVERED,AIRPLANE,80
20bbe622-cf09-4599-b66a-08303b057ab4,2026-05-01T09:36:09.303092,Pereira,Barbosa da Serra,69.54,DELIVERED,VAN,118
b999c2d8-ba79-4a4d-abf5-ba846b6f7f1b,2026-05-01T02:30:22.463654,Freitas da Prata,Brito do Norte,81.97,CANCELLED,TRUCK,112
2cbba150-1785-4f41-a3ec-5bd70730ab00,2026-05-01T07:49:53.081480,da Cruz do Sul,Siqueira,85.53,IN_TRANSIT,AIRPLANE,26
ccbb197d-b253-4e5d-bbad-913e0ca1bf7e,2026-05-01T02:12:42.746087,Carvalho,Pinto,60.11,DELIVERED,TRUCK,68
b7d864d0-7ac4-408b-be6c-38925d2446cf,2026-05-01T01:45:20.675523,Sousa,Viana do Galho,47.18,DELIVERED,VAN,69
b1014e86-4123-4f65-9e82-0dff261c1d89,2026-05-01T06:57:08.449831,Souza,Castro Paulista,63.05,DELIVERED,VAN,99
1e3dfa6b-67f3-489c-a70d-0d5cd814921c,2026-05-01T09:33:34.111008,Rezende dos Dourados,Martins,22.42,IN_TRANSIT,VAN,55
af9e7665-0b26-415c-9299-35c8a313b3ab,2026-05-01T04:34:18.065141,Teixeira,Moraes,64.81,DELAYED,TRUCK,73
c988ef3b-2460-4f7c-b721-f61580ef0885,2026-05-01T04:21:16.309434,Cavalcante,Oliveira de Minas,78.94,IN_TRANSIT,TRUCK,29
f495d75b-0f0a-4a9b-bec9-ad86fd015aef,2026-05-01T10:34:42.365167,Ribeiro Verde,Moreira Verde,65.03,CANCELLED,TRUCK,7
09840e20-26ac-460f-a28d-b8d876fff54d,2026-05-01T08:45:16.968416,Moraes Alegre,Vargas das Pedras,8.5,DELAYED,VAN,18
696048d6-cc33-4983-8129-fee224c64ef5,2026-05-01T11:58:52.254211,Caldeira,Costela,14.22,DELIVERED,VAN,12
f2b0d490-a16c-4723-91cc-25ad5465073d,2026-05-01T09:27:37.277718,Fernandes de Fogaça,da Rosa,42.96,IN_TRANSIT,VAN,109
9eb12b32-0574-4c2f-8d3b-656562ce25b6,2026-05-01T05:28:48.941237,Garcia,Viana de Gomes,48.7,DELAYED,AIRPLANE,32
b01b2bcd-752f-4722-80ea-86b01bd29ce6,2026-05-01T07:43:53.517620,Santos de Aparecida,Garcia da Prata,88.61,CANCELLED,AIRPLANE,4
720671cb-3318-42c0-9d3c-deeb5140f9cc,2026-05-01T04:16:54.423246,Barbosa,Silveira dos Dourados,53.49,IN_TRANSIT,VAN,70
af5244cd-cf35-42db-8249-ac111502a0e5,2026-05-01T09:26:38.804048,Macedo de Vieira,Carvalho,77.67,DELAYED,AIRPLANE,69
5eae6c4f-8c51-4686-812c-7c8d8ec39dc7,2026-05-01T11:45:59.567497,Aragão,da Mata,86.01,DELIVERED,TRUCK,34
73d03277-3813-4436-9f1b-45a3bc2990c4,2026-05-01T02:27:26.035703,Santos de Goiás,da Mata da Serra,22.07,IN_TRANSIT,TRUCK,116
0b3f5119-b230-43ab-97c0-7f5327f235d7,2026-05-01T09:44:39.832532,Câmara do Campo,Câmara do Oeste,48.33,DELIVERED,VAN,45
85bfb9ca-426f-4ffd-8825-1408517906f4,2026-05-01T00:09:48.928221,das Neves de Porto,Marques de Gomes,54.6,DELIVERED,TRUCK,59
fca2fb14-7f8f-4abf-b15c-e0ea81458276,2026-05-01T11:59:45.868826,Aragão das Flores,da Luz,87.85,CANCELLED,AIRPLANE,104
fae808a0-a194-4c79-8d90-e095185e523e,2026-05-01T10:58:54.937857,Macedo de Fogaça,Vasconcelos,17.31,DELIVERED,AIRPLANE,66
28a506b0-a615-4a6d-8aa6-3998c9235a38,2026-05-01T02:55:09.618337,Farias de Goiás,Vieira,56.61,CANCELLED,TRUCK,23
82e23d81-6679-4d16-b96c-ddbe92bcdb1b,2026-05-01T11:20:15.162955,Rios,Oliveira da Mata,92.59,IN_TRANSIT,TRUCK,81
ab6150b8-31db-440c-8f4c-92db42837a34,2026-05-01T04:48:48.394174,Almeida,Fonseca,31.43,IN_TRANSIT,AIRPLANE,44
95a614f1-fa41-4233-864f-332e842645e2,2026-05-01T05:00:09.998299,Cassiano do Oeste,Araújo da Mata,46.43,DELAYED,VAN,37
f18b2dad-7e59-484b-be6c-be2e4e36494e,2026-05-01T05:19:03.032419,Araújo,Silveira,64.31,IN_TRANSIT,VAN,76
611f1230-7bc2-4124-a8f3-74714df60ee9,2026-05-01T01:35:28.576438,Fernandes de da Luz,Monteiro,87.65,IN_TRANSIT,TRUCK,53
229dd23f-c0cd-4925-aa26-e189d457b099,2026-05-01T11:13:34.798442,Pastor de Borges,Sousa dos Dourados,13.58,DELIVERED,TRUCK,62
7d6396bd-2316-4481-806f-813445137b37,2026-05-01T12:10:05.156593,Pastor,Barros,87.63,DELIVERED,AIRPLANE,45
75adf57d-9901-4f6a-9d79-737085d0ef97,2026-05-01T11:44:45.598855,Silva,Pastor do Norte,63.55,DELAYED,VAN,103
72eea607-30ef-415d-bf62-fd6eb465af57,2026-05-01T07:20:30.155363,da Mota do Norte,Teixeira,40.87,DELIVERED,TRUCK,110
85685424-1b7f-4100-ba19-e68a8dab7cd0,2026-05-01T07:50:17.922408,Abreu do Galho,da Luz da Praia,84.52,IN_TRANSIT,AIRPLANE,96
cd7d9ecc-8cf9-4728-a8b8-e62ee522967b,2026-05-01T10:34:09.177944,Sales Alegre,da Mata das Flores,86.18,CANCELLED,AIRPLANE,93
2bcbd819-d0f4-49ae-851d-81410ccedda2,2026-05-01T04:59:33.875005,Novaes da Serra,das Neves Alegre,37.31,DELAYED,AIRPLANE,19
6ad27e1b-a492-47db-b876-2ec86079ebfd,2026-05-01T03:29:04.954638,Porto,Alves da Serra,34.81,DELAYED,VAN,39
1b469307-27eb-4314-b79a-0f2d3b63df99,2026-05-01T05:44:02.749479,Ferreira,Novaes,4.51,DELIVERED,AIRPLANE,56
b9fa304a-0b74-42b5-b640-bd806407b302,2026-05-01T11:58:40.063715,Campos de Azevedo,Melo,34.39,CANCELLED,AIRPLANE,12
6a44303b-6872-4357-9587-64376bb33b6a,2026-05-01T01:12:19.829454,Castro do Galho,Rezende do Galho,59.16,DELIVERED,MOTORCYCLE,66
239af826-197c-4f5d-97c6-2f87816b0304,2026-05-01T12:18:11.162335,Barbosa dos Dourados,Silveira do Sul,58.34,IN_TRANSIT,AIRPLANE,118
e3efe213-6e03-404e-8092-d3a0ce731008,2026-05-01T05:40:06.242602,Pimenta,Rezende,88.17,IN_TRANSIT,TRUCK,107
ec73b3c7-5031-4d7d-94e8-b3c19f4e65e8,2026-05-01T11:26:36.011371,Freitas da Praia,Nogueira,27.12,IN_TRANSIT,VAN,65
51aa403a-a2d6-44cb-9b0b-f69a817d8d58,2026-05-01T00:00:31.083477,Jesus do Campo,Novais,61.38,DELIVERED,MOTORCYCLE,33
589fb0d5-51d4-4065-9185-f137504545fd,2026-05-01T10:52:04.307930,da Mota Paulista,Sampaio de Garcia,43.03,DELAYED,AIRPLANE,45
1955a07d-996c-4c51-b1f5-58896957534d,2026-05-01T05:18:38.662546,Freitas do Campo,Fogaça da Praia,91.41,CANCELLED,TRUCK,63
d81222cb-ec0b-418b-8c47-9341c4aeb60c,2026-05-01T06:09:37.546664,Porto,Gomes de Castro,24.08,IN_TRANSIT,MOTORCYCLE,71
fe1e7d2e-db51-42c5-ba89-b081efd77016,2026-05-01T02:14:59.430544,Pinto Alegre,Novais,36.23,CANCELLED,AIRPLANE,71
36e1eb03-309e-41d3-a9c9-185d0e42a960,2026-05-01T09:07:03.708758,Porto dos Dourados,Viana,65.22,CANCELLED,MOTORCYCLE,46
7a0bd3ab-ee1d-46fd-a0ea-5a5b2a49fa99,2026-05-01T00:05:56.964617,da Cunha da Serra,Albuquerque do Oeste,49.37,DELAYED,MOTORCYCLE,7
befcc904-3a22-45f1-8823-8a40676c82b1,2026-05-01T06:31:55.272839,Souza,da Costa,35.69,DELAYED,AIRPLANE,83
418dc002-d1c2-4fd6-b761-fde54b4fc9ca,2026-05-01T00:16:10.596013,Porto,Castro Grande,23.13,DELAYED,VAN,88
17932dec-345e-4362-9315-60fbbad6d67d,2026-05-01T06:51:36.209481,Rodrigues,Sousa,52.26,DELIVERED,AIRPLANE,105
b4fb6bb4-73a5-4be5-9ee4-caa3fc49efc0,2026-05-01T01:24:44.438935,Barros Grande,Almeida das Pedras,34.18,IN_TRANSIT,VAN,86
a0222169-e416-4d45-9049-b4e1423ccb27,2026-05-01T12:06:27.423540,Monteiro,Mendonça,30.03,IN_TRANSIT,AIRPLANE,64
4b2dde52-05b6-4be0-992c-063d09d52e00,2026-05-01T11:01:26.057322,Câmara Grande,Rios,25.11,CANCELLED,TRUCK,40
be988639-921d-412a-9295-b39f4975ba66,2026-05-01T09:30:56.973416,Cardoso Verde,Pereira da Serra,14.34,DELAYED,AIRPLANE,66
f7cd9923-88ff-46cb-aace-4f73cb8de405,2026-05-01T09:31:05.150015,Mendonça,Freitas do Galho,46.56,DELIVERED,MOTORCYCLE,5
c8d9f208-d310-4165-a3e6-04c85e9bb6b7,2026-05-01T05:09:38.683211,Peixoto,Cavalcanti de Minas,85.88,CANCELLED,MOTORCYCLE,23
002a6d44-0f39-4d76-9df2-787f87a91060,2026-05-01T00:49:10.678703,Vasconcelos,da Rosa do Galho,14.96,IN_TRANSIT,TRUCK,61
8b8b1c4f-8b41-4bfd-a150-ec95cc30a2bb,2026-05-01T11:30:50.906499,Barros de Correia,Freitas do Sul,2.19,DELAYED,VAN,119
7e2eac2e-4f7d-458b-a021-cc29135a47eb,2026-05-01T08:57:11.946781,Araújo do Sul,Cavalcante de da Cruz,76.3,DELAYED,MOTORCYCLE,2
d0e20675-5954-40a3-9804-e8bf9deae3a7,2026-05-01T06:15:34.251109,Pereira do Galho,Almeida de Campos,56.87,IN_TRANSIT,VAN,64
4c73e289-8bfa-4c22-bb24-93990683ccf2,2026-05-01T01:10:22.934091,Montenegro de Goiás,Oliveira da Praia,55.02,DELIVERED,VAN,40
84dd5801-c1ef-4463-a598-e64815ffe04c,2026-05-01T11:53:00.751175,Araújo,da Cruz de Mendonça,88.9,DELIVERED,TRUCK,68
988eaece-3eae-4768-90c6-852991a90f7e,2026-05-01T08:21:55.348907,Pastor do Norte,Marques,85.51,CANCELLED,MOTORCYCLE,21
302ff34b-2795-4553-b7ca-795268d6ee88,2026-05-01T07:12:43.899522,Albuquerque,Mendonça do Oeste,44.66,CANCELLED,AIRPLANE,6
edc80672-9f0d-4567-a710-31042c739020,2026-05-01T04:15:02.214970,Gonçalves,Gomes,60.52,CANCELLED,VAN,24
590a233b-f29d-47b6-a681-3b8a3718d5cb,2026-05-01T03:20:50.950318,Cassiano Verde,Silva,96.31,CANCELLED,MOTORCYCLE,83
b547fb1e-c2a4-447d-8cff-1a63d6c42568,2026-05-01T03:27:46.785689,da Cunha da Prata,da Costa dos Dourados,3.77,IN_TRANSIT,MOTORCYCLE,105
0e1c93fe-832f-4cf6-a06e-fe57bd643873,2026-05-01T10:04:36.552770,Pires Alegre,Cavalcanti,92.8,CANCELLED,AIRPLANE,108
43af64ed-5cc8-49a0-91d1-75cd3c9da0f6,2026-05-01T06:16:30.210935,Farias,Pimenta,59.44,CANCELLED,AIRPLANE,70
80103410-72b9-44ac-a159-573d6580eb7c,2026-05-01T05:12:19.461518,da Conceição das Flores,Porto do Oeste,92.84,DELIVERED,VAN,90
add238fa-8715-4ab1-a45f-8fd96135fabf,2026-05-01T11:01:55.183842,Sales,das Neves,41.38,DELIVERED,TRUCK,112
cdf60f67-e383-4f45-8ee9-1c33a9cf0744,2026-05-01T01:54:28.784405,Novais Paulista,da Mata do Campo,35.4,CANCELLED,VAN,59
188fa739-487a-4440-a8cc-1d36bae50b3f,2026-05-01T06:26:28.216021,Martins,Montenegro dos Dourados,46.32,IN_TRANSIT,TRUCK,29
6766e823-b305-467a-ae59-1be523d9d73b,2026-05-01T10:45:51.368278,Mendes,Almeida,42.3,DELIVERED,AIRPLANE,115
f9157ccb-0bc9-4df0-af2a-0d0e98fd5708,2026-05-01T03:33:05.670650,Câmara do Campo,da Conceição da Praia,94.09,DELAYED,TRUCK,63
f162902a-1f42-4e13-b5c3-0791d6d05dac,2026-05-01T09:25:35.391348,Novaes dos Dourados,Sá,47.15,CANCELLED,TRUCK,99
952dff72-9780-4747-8ca7-dc9219bb20a7,2026-05-01T02:06:02.547714,Silveira,Sales,93.26,DELAYED,AIRPLANE,74
a87079ac-aaad-4289-a1ad-82192419f523,2026-05-01T00:14:51.790904,Jesus,Rocha do Campo,68.02,IN_TRANSIT,MOTORCYCLE,38
794e6011-af19-4c4b-911b-2401ce6c61cc,2026-05-01T01:10:00.378216,Rodrigues Verde,Abreu,59.14,DELIVERED,VAN,110
68386123-7fb0-4e8f-8e7f-0896153020de,2026-05-01T03:38:21.049889,Carvalho,Cirino dos Dourados,54.51,IN_TRANSIT,AIRPLANE,92
f8f484df-0f70-487b-bc27-7638d93af020,2026-05-01T01:40:57.974857,Moreira da Mata,Cunha,67.68,DELIVERED,AIRPLANE,1
cf1ce8a5-7d69-4db7-a7a4-11fe0a481d86,2026-05-01T08:13:55.371064,da Luz,Araújo,41.01,CANCELLED,AIRPLANE,120
5727e47e-c620-474e-825f-ec6b4eea7216,2026-05-01T11:10:56.906648,Costela,da Rocha das Pedras,86.58,IN_TRANSIT,VAN,25
565f075b-b1d8-40a6-bb06-0efce868866e,2026-05-01T08:17:17.691284,Ribeiro,Lima do Galho,2.71,DELAYED,MOTORCYCLE,56
6808707c-17b6-47ce-baf2-d3c6a5f38862,2026-05-01T08:52:42.108949,da Mata,Garcia Verde,4.47,IN_TRANSIT,MOTORCYCLE,47
84ed50b4-1740-478b-8cae-950b88cb7994,2026-05-01T02:49:11.830775,Macedo,Vieira,54.58,DELAYED,AIRPLANE,102
d05524ec-a3df-4832-990e-64f78e1949ba,2026-05-01T08:20:40.074209,Cardoso,Fonseca,97.17,IN_TRANSIT,TRUCK,9
cf8fcd17-71e9-4d0d-8aa5-29c9a3b0aaac,2026-05-01T02:20:58.810918,Abreu do Galho,Gonçalves de Pastor,9.07,DELAYED,AIRPLANE,101
99dfcd65-650d-427f-ba39-020c25b0233c,2026-05-01T07:17:07.322771,da Rocha Grande,Ramos,81.09,DELAYED,VAN,12
a59cf3f8-36c7-4707-88df-f6089f5e24bb,2026-05-01T10:22:17.926912,da Rosa das Flores,Vasconcelos das Flores,99.52,IN_TRANSIT,VAN,95
a3ed5164-043d-4065-ac35-5b52ae0168a8,2026-05-01T01:54:53.167068,Porto,Abreu Paulista,51.59,IN_TRANSIT,AIRPLANE,100
6a844e44-899a-4c6f-b0c4-60787c47151e,2026-05-01T03:38:21.210060,Melo,Rezende do Oeste,73.29,CANCELLED,AIRPLANE,49
8d5161c1-28b0-4e22-9e6d-bb3de60ac99c,2026-05-01T01:20:44.557306,Viana,Fonseca da Prata,61.43,DELAYED,AIRPLANE,2
b2b8a821-8ad5-478b-af05-f203811dab19,2026-05-01T03:47:21.357559,da Cruz da Prata,Duarte,20.0,DELAYED,MOTORCYCLE,68
718ed8b1-9db9-4b22-9bd8-df3d33bc10b2,2026-05-01T03:25:45.499965,Barros,da Mota,8.15,DELAYED,TRUCK,17
c99762a5-e7e9-4b33-8e52-9a45f551b0e5,2026-05-01T01:02:13.962695,Monteiro do Amparo,Ferreira,47.83,DELAYED,VAN,0
2c9f87f6-4290-4dab-a3e2-06ee294830e4,2026-05-01T03:24:04.603053,Moraes,Correia,45.74,DELAYED,TRUCK,110
913e86e5-b844-48bf-9c37-94b4c7da2aae,2026-05-01T08:19:41.036059,Lima do Norte,Garcia da Praia,87.32,DELAYED,AIRPLANE,0
74245f2c-3695-4bdb-8ff2-043154f39d03,2026-05-01T01:46:04.920293,Camargo,Sousa,50.54,DELAYED,AIRPLANE,58
458c0a8d-5d6e-4533-a387-d5594a08de06,2026-05-01T08:24:03.355605,Farias,Nogueira,3.8,CANCELLED,VAN,45
5fcc395a-5024-491d-85af-7141be9d7238,2026-05-01T12:16:08.440929,Correia das Pedras,Pastor de Vasconcelos,27.32,DELIVERED,TRUCK,20
3a7977f4-7986-4cd9-aa2f-6eaf72450a9b,2026-05-01T04:03:54.701287,Aparecida,Nascimento,65.02,DELAYED,VAN,33
8acdc25e-73fa-4bc4-9be3-e4c87599bd80,2026-05-01T07:38:53.091436,Aparecida da Mata,Rezende das Pedras,36.88,IN_TRANSIT,VAN,64
851b23b2-fe61-4560-b290-0e2d53987cd9,2026-05-01T03:04:39.129515,Duarte Grande,Cardoso,94.41,DELIVERED,VAN,92
a8000eaf-7365-4110-8fbb-a82955c6f5df,2026-05-01T10:00:37.924315,Vargas,Martins de Pires,96.91,DELIVERED,TRUCK,115
517ccbc4-c615-4f9d-9218-1262a9e41566,2026-05-01T08:11:07.944113,Siqueira,Albuquerque,72.82,DELAYED,TRUCK,55
94aa127d-4074-48bf-a1d9-02b491346551,2026-05-01T06:03:54.984113,Casa Grande das Pedras,Porto,50.08,CANCELLED,MOTORCYCLE,51
3029dd02-c23b-4152-a885-86662c61bfd2,2026-05-01T08:35:51.128273,Sá da Praia,Duarte,71.2,DELAYED,VAN,71
bdcd6cf2-14fb-48a8-954a-1a44fa600578,2026-05-01T10:07:59.454637,Moura de Goiás,Costa Alegre,34.98,DELIVERED,VAN,76
8c2325a8-5b1f-4732-8064-5954ea7c6845,2026-05-01T07:20:33.221586,da Luz do Campo,da Costa,3.89,DELIVERED,TRUCK,0
f046d094-de25-4ad2-9e24-348962d506b6,2026-05-01T05:41:09.409326,da Costa Paulista,Farias dos Dourados,77.97,DELAYED,TRUCK,3
847b3d95-4456-4f68-ad6a-2c9ecdfbad4c,2026-05-01T06:48:41.644724,Fonseca,Ribeiro do Galho,0.24,IN_TRANSIT,VAN,98
6a5da124-c085-4477-8cae-21945ef876d4,2026-05-01T00:33:08.743348,Ribeiro,Moraes Alegre,85.76,CANCELLED,VAN,101
e3209e1f-e2f1-48b7-b5a7-575a85f7d092,2026-05-01T06:02:26.962109,Aragão,Aragão do Oeste,94.94,IN_TRANSIT,AIRPLANE,86
fa9a9fcf-98c2-45ab-841d-11b387985847,2026-05-01T11:22:29.317064,Rios da Prata,Rocha,35.06,DELAYED,TRUCK,38
30dc636c-bdb4-4cd8-b77d-f5c0e23e3bfa,2026-05-01T10:15:34.127708,da Conceição Paulista,Gomes de da Conceição,99.56,DELAYED,AIRPLANE,31
dd9e05b5-2dac-43ea-9c14-b093b5f7323a,2026-05-01T12:15:28.010955,Teixeira de Moraes,da Conceição,16.83,CANCELLED,VAN,98
e3efca60-b344-47ed-8526-2ef04b7d24cb,2026-05-01T03:07:15.848590,Freitas,Freitas,16.96,IN_TRANSIT,VAN,26
39b11f1c-6343-4bb6-995a-f36b9b6023b1,2026-05-01T08:52:11.300608,Barbosa de Caldeira,Lopes,4.15,IN_TRANSIT,TRUCK,57
f14e10ac-7d16-4f63-9d1f-0f27db7cca5c,2026-05-01T09:51:46.290299,Aparecida do Campo,Mendes,13.88,DELIVERED,AIRPLANE,10
ed01ff60-53b5-4876-9162-d8e893c93290,2026-05-01T00:16:58.790783,Carvalho dos Dourados,Silveira,10.81,IN_TRANSIT,VAN,15
d7e9a9c6-14aa-4645-8c62-0c1d654c344a,2026-05-01T01:57:29.421753,Borges da Praia,Pastor,7.41,DELIVERED,MOTORCYCLE,87
f7906bb7-e61b-452d-ba0c-9fd8f8d1ebd7,2026-05-01T03:47:56.840744,Rezende,Camargo Verde,96.54,DELIVERED,TRUCK,106
b0408d1d-03bc-40d9-96e6-0f7941a7501c,2026-05-01T03:25:24.144811,Machado de Campos,Guerra,77.62,IN_TRANSIT,MOTORCYCLE,68
0d318f8d-412b-4342-b5d4-644386e19b3a,2026-05-01T02:04:17.520095,Moreira do Norte,Peixoto dos Dourados,48.32,DELIVERED,TRUCK,120
49d0d9ab-fd79-4f13-98dd-c7a5bd1c9fd7,2026-05-01T06:53:19.180469,Lopes,Monteiro da Mata,91.06,CANCELLED,TRUCK,42
b911e6e1-9996-4d32-a54a-4177558cec71,2026-05-01T10:13:47.373038,Garcia,Sampaio,22.06,DELIVERED,TRUCK,73
45681986-cd8c-4ab0-a2cb-cac40672b73c,2026-05-01T02:47:48.879385,Freitas,Lima,15.63,IN_TRANSIT,VAN,106
406b9a08-bcde-4fdc-be08-926e413e4fab,2026-05-01T04:30:31.291290,da Mata,Ramos do Norte,72.0,IN_TRANSIT,VAN,97
2e887b7e-d6c1-4392-aa1c-9a8842fcafc6,2026-05-01T00:47:22.212830,Moreira,Cavalcanti de Correia,42.42,CANCELLED,TRUCK,80
74eed692-a60f-4557-8659-1ca3151071ae,2026-05-01T02:44:13.560838,Albuquerque de Rezende,Moreira,9.74,IN_TRANSIT,MOTORCYCLE,54
1139eab0-ae91-48f0-a17e-90b0a4947b4f,2026-05-01T05:23:03.591184,da Rosa,Leão,23.22,IN_TRANSIT,MOTORCYCLE,95
99b00938-354e-4cf0-b25e-c0a8b216f1aa,2026-05-01T02:37:45.720515,Costela,Peixoto,24.58,IN_TRANSIT,TRUCK,119
c55ff6df-9fea-4d9a-a149-a3a7e9e20403,2026-05-01T06:17:47.521147,Campos da Praia,Alves da Prata,29.58,DELAYED,VAN,11
3f0fef75-2b92-44c5-ae2b-2f4cfbc6214e,2026-05-01T02:52:10.071530,Jesus,Rezende de Brito,4.46,IN_TRANSIT,AIRPLANE,43
88d87797-b658-4c4b-bf37-a50d2dfe5f2d,2026-05-01T09:56:41.022315,Melo,Pastor Verde,35.36,IN_TRANSIT,AIRPLANE,45
24fc0549-b40e-476d-bbc4-d507f8b6e4f2,2026-05-01T02:51:42.045072,Montenegro de Ribeiro,Brito,15.94,IN_TRANSIT,TRUCK,52
409dff94-ba56-4b4c-b485-b9f7ecc55fbe,2026-05-01T07:38:06.352735,Barros,Pimenta,61.65,IN_TRANSIT,MOTORCYCLE,77
11513638-142d-4d52-8c08-023a7383f47e,2026-05-01T01:40:51.817599,Martins do Norte,Freitas,65.5,DELIVERED,MOTORCYCLE,43
d53987e8-a4c6-4d49-a33f-4922b3b2ff5a,2026-05-01T09:47:16.250350,Fogaça do Oeste,Marques,97.16,IN_TRANSIT,TRUCK,74
deefc7f6-d330-41f0-9fb3-e50db065c77d,2026-05-01T08:20:09.176281,Oliveira,Cassiano dos Dourados,16.0,DELAYED,VAN,110
fbd11895-482f-49e4-8168-c629640b329d,2026-05-01T04:44:13.761246,Martins do Amparo,Câmara,7.33,CANCELLED,TRUCK,74
0fdf111e-b667-4716-a750-649787bfe33a,2026-05-01T07:50:18.131665,Marques de Minas,Novaes das Flores,22.31,IN_TRANSIT,VAN,77
61f27dc5-b4de-46ef-b3b7-4686b5421c5e,2026-05-01T01:58:04.928673,Dias Verde,Sampaio,87.3,DELAYED,AIRPLANE,88
420df692-2c84-465d-bdba-e0ca44f8961a,2026-05-01T00:36:53.213954,Machado,Vieira do Galho,66.91,IN_TRANSIT,TRUCK,96
14e0797a-d40b-4341-8ef9-969eeff78d1d,2026-05-01T11:53:19.716387,Novais,da Mota,30.99,IN_TRANSIT,VAN,60
5758c4e8-ec23-4a60-8c03-7c2f8aaeb04f,2026-05-01T07:25:28.689786,Pinto da Prata,Porto,99.85,IN_TRANSIT,VAN,96
4304fbd2-5f8b-4945-b050-9e476a56c671,2026-05-01T03:45:42.928296,Vargas da Praia,da Cunha de Marques,48.95,DELIVERED,MOTORCYCLE,8
ba93ef5c-4df3-40a9-8f95-977e8c9483e1,2026-05-01T01:48:40.559535,Azevedo,Pires dos Dourados,97.96,CANCELLED,VAN,55
1116a2a5-136c-416a-a0cf-8975acf41dce,2026-05-01T07:11:55.171820,Gomes Verde,Martins,29.68,DELIVERED,MOTORCYCLE,96
7b0184f5-bbef-4941-975b-60ea11928e7a,2026-05-01T00:18:23.208640,Castro dos Dourados,Abreu Alegre,9.94,DELAYED,MOTORCYCLE,108
57c9b9b5-141a-49f4-bea9-821f9bd00472,2026-05-01T08:49:53.941521,Fogaça Verde,Aragão da Serra,67.89,IN_TRANSIT,TRUCK,113
b0bd5880-ee0a-4724-96af-7a16b90bbe5f,2026-05-01T12:06:18.351184,Andrade do Norte,Lima,96.64,DELIVERED,TRUCK,118
d3c8a15a-2687-486f-b3bd-ea2b2e67e039,2026-05-01T00:43:52.600814,Pastor Paulista,Abreu de Jesus,27.32,IN_TRANSIT,AIRPLANE,26
59764bad-6272-42ee-8bf4-2037fbd81bba,2026-05-01T11:11:42.113465,Lopes,Cavalcanti da Mata,54.1,DELAYED,AIRPLANE,53
aa8da17e-f5eb-4923-8c32-432d69404cd0,2026-05-01T11:55:06.677102,Fogaça,Viana,4.43,DELIVERED,AIRPLANE,79
7bdd7e82-437e-494e-8c83-8208b8bd7c53,2026-05-01T03:15:36.460049,Aragão,Lima,58.84,DELAYED,MOTORCYCLE,92
d6109605-60d7-4853-9abe-44493cc0d29d,2026-05-01T01:22:54.100769,Jesus do Galho,Viana das Pedras,83.82,DELAYED,VAN,107
54614bee-d680-4c05-8441-e599b993d1b5,2026-05-01T09:22:20.272423,Campos,Melo do Norte,40.43,CANCELLED,TRUCK,92
6eca779d-d259-4448-8a52-61b3f3aa28f5,2026-05-01T04:34:26.818831,Rezende,Jesus de Andrade,47.54,IN_TRANSIT,MOTORCYCLE,19
ed64f1aa-34c3-4c2d-a6c2-2809a5123c51,2026-05-01T04:28:27.718019,Pinto,Camargo,11.91,DELAYED,MOTORCYCLE,8
a8380a2d-fb4c-426c-ade0-3c7f43924103,2026-05-01T09:19:29.705466,Moura,Pacheco Grande,51.22,DELAYED,MOTORCYCLE,51
31a94092-04c5-413e-843e-07f6b5d7c514,2026-05-01T04:46:54.862943,Machado,Pimenta,24.72,IN_TRANSIT,VAN,59
dd8fb387-245e-47bb-adae-d63f04eabc00,2026-05-01T10:54:58.609165,Fonseca de Silveira,Freitas,92.35,DELAYED,VAN,104
452fd70f-cc64-49bb-ba14-216eb77da12b,2026-05-01T03:43:26.834611,Machado,Fonseca Grande,41.93,DELAYED,TRUCK,102
8b55dc83-4db2-4998-8d47-45e04b2fbd9a,2026-05-01T08:28:48.671110,Albuquerque,Sales,67.74,IN_TRANSIT,MOTORCYCLE,41
57a9dedc-b976-41dd-9006-c2f114a0885a,2026-05-01T05:53:06.001016,Nascimento Grande,Nogueira da Prata,53.45,DELIVERED,MOTORCYCLE,53
e83af827-99e2-4adb-b6e6-edf29b7730fd,2026-05-01T09:49:07.225796,Montenegro,Melo,48.77,DELAYED,TRUCK,107
a0e3cad8-16ba-4540-8816-87b526cda585,2026-05-01T07:38:36.464607,Sampaio,Moraes,65.65,IN_TRANSIT,MOTORCYCLE,36
1b359539-bf11-403a-b1b7-c4a57cc8cbdf,2026-05-01T10:22:41.223284,da Rocha,Borges de Peixoto,48.07,IN_TRANSIT,MOTORCYCLE,105
60d48e0a-f6f2-4b4e-bcea-a17557f38933,2026-05-01T09:33:10.872803,Silva de Carvalho,Macedo,60.91,IN_TRANSIT,TRUCK,114
9eaa9cf2-7639-4aa4-9649-2bf0a3764b5f,2026-05-01T00:06:14.869513,Aparecida,Sales,4.4,DELIVERED,TRUCK,2
d572c007-be56-4142-a892-7b89299d757c,2026-05-01T05:45:54.726784,Fogaça,Aragão,65.45,DELAYED,VAN,110
f4d164ab-ff53-45d6-beed-e6d61d9c134d,2026-05-01T00:53:25.430985,Montenegro,da Cunha,81.92,DELIVERED,AIRPLANE,64
b2768ad1-81b0-45db-bbab-dc7832a6d2a5,2026-05-01T01:35:34.238205,Viana do Oeste,Leão da Mata,25.55,IN_TRANSIT,VAN,70
3f41ff1f-d3d6-41ef-a37c-33e76eb3ae4d,2026-05-01T07:08:00.397529,Rocha,Costela,25.25,DELAYED,MOTORCYCLE,78
a7aad2e2-2f41-4cef-937d-1a23cc5cbbab,2026-05-01T01:45:25.518058,da Mota,Peixoto do Campo,17.01,IN_TRANSIT,MOTORCYCLE,67
5ec614c5-392c-474c-a742-c3e77005b568,2026-05-01T03:45:10.388208,Nogueira de Sá,Fonseca,65.64,CANCELLED,TRUCK,25
223fabdd-71c9-426e-b779-9f90dcdb4b6c,2026-05-01T05:09:00.786948,Macedo de Cunha,Guerra dos Dourados,28.26,CANCELLED,VAN,50
9a10729a-614e-4e81-911a-aac50a528925,2026-05-01T07:06:07.485469,Ribeiro,Farias,97.75,DELIVERED,TRUCK,99
05bcfcb5-3b5b-455e-ae85-7a72ba72537a,2026-05-01T08:54:31.921416,Almeida de Carvalho,Aragão,34.33,IN_TRANSIT,VAN,74
9a27b7bf-24e0-438a-bbd1-e83bc68e73a0,2026-05-01T00:05:01.307291,Rodrigues,Cunha,57.65,DELIVERED,VAN,78
c28d2b56-487e-43e0-bc07-30f23b551043,2026-05-01T11:05:16.532167,Pimenta do Norte,Lima,32.3,CANCELLED,TRUCK,59
551d6e0d-f940-4d9e-aef1-981330681d5b,2026-05-01T01:33:54.387156,Ribeiro de Rocha,Teixeira do Norte,13.5,CANCELLED,MOTORCYCLE,9
68f1090f-3e3c-46e9-96a0-dc70627855ac,2026-05-01T02:44:33.974699,Barros do Galho,Moraes do Sul,60.15,DELAYED,MOTORCYCLE,81
92d00682-3a2d-4556-8f6e-35938889ad46,2026-05-01T08:48:03.913320,Rodrigues da Prata,Sales,72.86,IN_TRANSIT,MOTORCYCLE,114
3a2f77d1-9f9c-43c8-a534-a52423a754a3,2026-05-01T05:12:33.896567,Viana,Melo,27.69,DELIVERED,TRUCK,73
49e885e2-7e1a-4fbb-a862-1d2b6d5fdf20,2026-05-01T04:32:29.913268,Rios da Prata,Nogueira de Machado,75.3,DELAYED,VAN,101
f1f3cf7d-8582-4d88-83f6-4bb12a223aa9,2026-05-01T01:10:32.914429,Sá do Campo,Guerra Grande,54.38,IN_TRANSIT,MOTORCYCLE,101
590fa57e-fef2-496c-8ec5-42869abe1db1,2026-05-01T01:18:58.003017,Novais,Castro de da Rosa,98.24,DELIVERED,AIRPLANE,66
650fc0be-ed63-4175-a229-c9cdeae12ca9,2026-05-01T08:21:28.523698,Porto Verde,Brito da Serra,6.36,IN_TRANSIT,MOTORCYCLE,77
b110f45c-694d-4dc5-91f4-a4f905961a59,2026-05-01T10:35:37.700882,Nunes das Pedras,Brito,33.89,DELAYED,TRUCK,61
65ee40e8-20f1-4fd5-96cf-f8f42401046b,2026-05-01T02:11:28.229651,Leão do Galho,Ribeiro,87.95,DELAYED,MOTORCYCLE,72
915636e7-85fd-4570-959a-76794ebb2f02,2026-05-01T06:49:32.559530,da Rocha,Carvalho,86.8,DELAYED,TRUCK,55
ccd4d058-8e40-4115-8f20-8c328c0e37df,2026-05-01T00:44:54.749693,Barros do Sul,Fogaça de Goiás,81.02,CANCELLED,TRUCK,77
cb71df9a-552e-47c6-9007-a18b99c8f74a,2026-05-01T03:13:32.297749,Siqueira do Sul,Borges Paulista,89.96,DELAYED,TRUCK,33
fb18346e-e250-4c1b-a146-fa9b2050a8df,2026-05-01T08:18:25.304001,das Neves,Mendes,67.85,DELAYED,TRUCK,104
5c1408b9-b49f-4955-80e9-7c39e6867c42,2026-05-01T06:37:49.479881,Pereira,Farias de Azevedo,14.76,DELIVERED,MOTORCYCLE,3
7c04ee3b-e760-44eb-a105-8df088436a94,2026-05-01T08:35:11.554109,Brito Alegre,Teixeira,70.51,DELIVERED,TRUCK,90
b5903c01-f7c2-4bbc-891e-d5c40e3a7206,2026-05-01T05:23:25.974454,Moraes do Sul,da Conceição de Goiás,82.26,IN_TRANSIT,VAN,28
39f6fe51-8616-4427-bdd8-a7942c6d9aec,2026-05-01T01:50:02.862298,Nascimento do Campo,Mendes de Jesus,72.04,IN_TRANSIT,VAN,73
2e4d600a-7271-4121-b7bf-717873668e44,2026-05-01T02:22:08.604268,da Mata,Leão de Albuquerque,64.28,IN_TRANSIT,VAN,26
491ea50a-376e-4400-b18c-48665ad35ebc,2026-05-01T11:51:26.931234,Campos do Galho,da Rocha de Fogaça,94.71,IN_TRANSIT,AIRPLANE,105
0efd8ac7-4df1-4bb1-882a-cf9dd1f37746,2026-05-01T01:01:33.847557,Jesus do Galho,Cassiano,66.53,DELIVERED,AIRPLANE,12
dce76fde-ee27-4ded-9d8e-9b054a8f1421,2026-05-01T01:26:21.341350,Santos dos Dourados,Santos de Barbosa,87.2,CANCELLED,AIRPLANE,1
61a1ae0c-b3c8-43a1-a339-eaf8fd95fef3,2026-05-01T05:49:40.261562,Azevedo de Cunha,Aparecida da Prata,9.83,DELIVERED,VAN,24
64db235d-928d-4a0d-9f2b-edc3e11bfd5f,2026-05-01T02:50:47.811121,da Mota dos Dourados,Pacheco,18.99,DELAYED,VAN,77
fbde3933-4be8-491c-854f-fde9ccf9935a,2026-05-01T04:26:23.221591,Sousa,Castro de Vieira,87.25,DELAYED,TRUCK,16
1574d93e-5f68-48eb-9e8c-25c0aba81733,2026-05-01T04:31:07.884967,Barbosa de Pastor,Cavalcante,30.0,CANCELLED,MOTORCYCLE,120
85ea2780-78c0-4c01-8912-f6e01bd9876c,2026-05-01T10:21:16.459732,Costela da Praia,Abreu de Correia,92.56,DELAYED,VAN,112
0979d8f5-dd5b-46da-a995-c4ef909630d2,2026-05-01T04:06:58.816238,Mendonça do Amparo,Cavalcante,17.25,IN_TRANSIT,VAN,106
69426b5b-c376-4454-9c2b-a12bf6f22de6,2026-05-01T05:52:11.547281,Borges da Mata,Vasconcelos,26.1,IN_TRANSIT,TRUCK,115
bda7f821-65dd-4621-9fb5-d2fafd60d02a,2026-05-01T02:13:19.084787,Moura do Amparo,Rezende,23.06,IN_TRANSIT,VAN,58
a5c15a1a-a62d-4ea3-b5c7-daf4607ec186,2026-05-01T05:38:57.871691,Porto,Castro,11.12,DELIVERED,TRUCK,82
97aec671-91d7-42bd-a54f-69f99557107f,2026-05-01T02:56:24.286637,Leão,Cardoso de Minas,10.71,DELAYED,VAN,51
15872571-ad10-4cce-94f2-0b520fad9850,2026-05-01T08:26:09.431373,Barros,Oliveira do Norte,62.77,DELIVERED,MOTORCYCLE,53
9ec1660b-3c06-4a35-b9fa-d5b133419267,2026-05-01T10:07:08.363428,Sá do Sul,Pinto de Souza,71.94,DELAYED,MOTORCYCLE,20
22febfe8-d92b-4c47-a355-6c63021c9675,2026-05-01T03:44:26.737376,Rocha,da Cunha,74.42,IN_TRANSIT,MOTORCYCLE,39
6ee4f5fd-3bd5-4110-8dec-c98ed497dc34,2026-05-01T06:12:37.304149,Montenegro das Pedras,Silva de Novaes,12.68,CANCELLED,VAN,98
b41c9403-3c58-4762-ba96-6cde879c4a30,2026-05-01T01:49:24.675644,Novais de Marques,Pimenta do Amparo,25.17,IN_TRANSIT,VAN,80
76ef1dc0-c9db-4ad1-9558-969a455b347d,2026-05-01T02:30:25.410309,Nunes das Pedras,Dias,18.65,IN_TRANSIT,AIRPLANE,9
d1a74df8-5bba-473e-bb20-b5437f5ce009,2026-05-01T06:23:56.741564,Correia de Farias,Albuquerque,87.84,CANCELLED,TRUCK,68
34bb2da6-7341-4fdc-8bb6-a7361a350e5d,2026-05-01T02:40:41.916411,Marques da Prata,das Neves do Sul,84.86,DELIVERED,VAN,64
1e204922-9504-489a-8dc8-b32db81d90fa,2026-05-01T08:03:17.262646,Moura de Albuquerque,Almeida da Prata,35.48,CANCELLED,AIRPLANE,15
7033d56c-c53c-4d2a-b272-a2c61f91b863,2026-05-01T09:01:30.813869,Cavalcante,Gomes da Praia,7.25,DELIVERED,AIRPLANE,41
543894ac-500b-41c7-addd-13f6a2596d7b,2026-05-01T12:16:41.689836,Araújo da Mata,Barros Verde,29.45,DELAYED,VAN,17
f3e691bc-4c2a-4702-8bb8-612e99831c8e,2026-05-01T11:40:25.404585,Lima,Borges,9.57,IN_TRANSIT,VAN,92
af0f75e9-29ea-403d-8744-185d5809134a,2026-05-01T00:51:18.051712,Vieira,Lima,71.31,DELIVERED,AIRPLANE,83
822121f5-566b-412e-8b13-914faaa3ce68,2026-05-01T04:20:44.983864,Duarte,Nascimento,49.94,IN_TRANSIT,TRUCK,63
b441169f-f35b-47a4-8008-3a5772e2da91,2026-05-01T06:39:38.247828,Cassiano,Albuquerque Paulista,55.8,DELIVERED,MOTORCYCLE,46
44304f03-07a7-4187-916b-b4ca4fcbcfc6,2026-05-01T08:28:06.722460,Cunha da Mata,Souza,1.04,IN_TRANSIT,TRUCK,95
e0079c8b-e7f6-4e43-9bfa-6e4be1ff8607,2026-05-01T08:34:30.571744,Silveira,Novais,9.14,IN_TRANSIT,VAN,102
50fc6e40-e3f4-4d9f-87c7-782094183bc9,2026-05-01T05:36:14.226292,Gomes,Cunha,37.1,DELIVERED,VAN,20
09d88eb6-c16c-4a58-84f0-e6bc0a868ce7,2026-05-01T06:05:56.744288,Nogueira,da Rosa de da Paz,38.15,CANCELLED,MOTORCYCLE,25
ee7ca5e1-eb33-4585-b211-f6eda10cdb4a,2026-05-01T09:36:34.107550,Santos,da Rosa,70.81,CANCELLED,VAN,39
b29191f7-4f1d-4acb-a632-060b060a0723,2026-05-01T07:05:00.635393,da Luz,Ramos dos Dourados,12.74,DELAYED,MOTORCYCLE,59
1e1421c3-d351-44e1-9aca-43796adc56e3,2026-05-01T09:52:23.102031,Aparecida de Minas,das Neves do Amparo,80.33,DELIVERED,VAN,21
ceb92e1a-deea-43f6-afe2-f7af4ecfb34c,2026-05-01T10:24:58.534398,Costela das Flores,Melo do Campo,99.51,CANCELLED,MOTORCYCLE,18
20b46f44-0de1-4b01-99b2-ef4744e51908,2026-05-01T03:12:33.315830,Carvalho,Jesus das Pedras,2.55,CANCELLED,MOTORCYCLE,97
5bf6a740-356b-4428-9e46-951c191a4769,2026-05-01T01:00:20.899084,Azevedo de Nunes,Cardoso,74.96,CANCELLED,TRUCK,12
e2de0152-d750-4256-a39f-b7d1f4d32574,2026-05-01T05:10:41.109168,Vasconcelos,Aragão do Amparo,90.21,CANCELLED,TRUCK,12
07f11f28-a662-4722-9993-95aa21475b56,2026-05-01T11:02:37.773127,da Mota,Pinto,22.28,DELIVERED,TRUCK,34
f067ea6e-ac2f-4583-b830-728be6a2f955,2026-05-01T08:40:14.670022,Viana de Vasconcelos,Guerra de Minas,17.37,DELIVERED,VAN,5
9d33188f-75e9-4891-bc9a-874b5fe79683,2026-05-01T07:21:59.477497,Pinto da Mata,Ramos da Praia,18.85,CANCELLED,MOTORCYCLE,40
975f69f0-f5d0-461b-b0bf-2d63553d9f9e,2026-05-01T06:10:51.184819,Pacheco,Cardoso de Sales,7.77,CANCELLED,TRUCK,51
