shipment_id,timestamp,origin,destination,weight_kg,delivery_status,vehicle_type,estimated_delay_minutes
3ee6311c-298d-4456-a94f-eda7f882819a,2026-05-01T06:58:04.404981,da Paz,Cunha,49.41,CANCELLED,TRUCK,98
176f48db-1d55-428a-99a8-4475dd451af9,2026-05-01T06:32:41.676250,Fogaça do Campo,Pacheco,58.48,IN_TRANSIT,VAN,14
7a1d6874-7818-4ac6-9d61-f6aa06837483,2026-05-01T00:43:18.832323,Nascimento,das Neves,2.52,DELIVERED,AIRPLANE,58
db535bc0-d812-492d-a6ef-38f6605ffbad,2026-05-01T03:08:51.642226,Santos de Ferreira,Brito do Sul,84.99,DELIVERED,TRUCK,59
7c534235-8dcc-42bc-ab6b-a17577b9e202,2026-05-01T10:19:01.737062,Alves,Brito,12.75,IN_TRANSIT,MOTORCYCLE,25
50711c49-f71a-4b4d-9c72-6ab5a4c0f658,2026-05-01T08:11:58.085990,Pinto das Flores,Monteiro,43.48,IN_TRANSIT,MOTORCYCLE,86
755b2df4-d725-45f2-a7de-9f624c258425,2026-05-01T05:16:35.673546,Correia,das Neves do Campo,29.67,IN_TRANSIT,AIRPLANE,47
b474af15-1278-4b34-8533-39c4fa8abc03,2026-05-01T05:25:42.136772,Peixoto da Praia,Rodrigues das Flores,12.04,CANCELLED,MOTORCYCLE,60
20da8ec4-5e6d-42df-94cf-5bfbd82e0d0f,2026-05-01T04:43:50.219290,Martins,Sampaio Verde,27.0,IN_TRANSIT,AIRPLANE,100
47ac40d1-7167-4a8c-9a07-bd560c46e8af,2026-05-01T00:00:01.894453,Leão,Ribeiro,95.29,CANCELLED,VAN,52
1503d56e-0beb-40ca-83ad-6476edb87a0c,2026-05-01T00:16:08.317931,da Costa do Norte,Dias de Rodrigues,58.27,CANCELLED,VAN,109
2d5bc9f9-fd5e-406d-8566-3c9c1829ef54,2026-05-01T06:27:08.300749,Martins de Costa,Fernandes Paulista,61.68,CANCELLED,TRUCK,81
417211cf-dc45-406b-ba9c-84b3a2e2beba,2026-05-01T00:08:17.899292,Macedo,Pereira,36.62,DELIVERED,MOTORCYCLE,93
0cfb47f5-1882-4f59-b110-fed4308a8ccb,2026-05-01T06:52:05.401572,Duarte,Sampaio,14.71,IN_TRANSIT,AIRPLANE,80
5551ad2a-d9b6-4394-b790-55f324cb3434,2026-05-01T02:27:23.296196,Siqueira do Oeste,Ribeiro,66.62,DELIVERED,VAN,48
47743652-4fbf-43b1-89a9-8646208fa504,2026-05-01T00:36:41.479133,Pinto,Campos,11.97,IN_TRANSIT,VAN,53
4390fb48-446f-40a8-8ac4-d2c3b22abc16,2026-05-01T08:28:21.780526,Garcia,Teixeira,92.56,DELAYED,AIRPLANE,81
a5609372-b8f2-483c-b3b8-4d9c48e50d59,2026-05-01T05:38:04.801191,Cassiano,Novais de da Rosa,65.94,DELAYED,TRUCK,21
33436294-04b6-4771-8aac-7449afdf861a,2026-05-01T07:26:30.082367,Abreu de da Rocha,Melo de Barros,58.41,CANCELLED,TRUCK,78
5f0ad1c3-23e1-4b16-917f-35847547e287,2026-05-01T10:30:48.638200,Rodrigues do Sul,Lopes,12.72,DELIVERED,TRUCK,94
acd832a6-b8a1-438a-9ea3-7c2f5d0c9b5a,2026-05-01T08:13:16.622848,Costela,Campos do Amparo,76.74,IN_TRANSIT,TRUCK,2
e2221a87-4640-418a-a216-3b9077445390,2026-05-01T04:29:33.219718,Vieira,Pires,70.11,CANCELLED,AIRPLANE,62
0b7007b6-45b9-486a-9246-fc520c6cde0d,2026-05-01T09:25:58.016868,Porto,da Rosa do Campo,85.76,CANCELLED,VAN,120
33c4b4df-c32e-456d-b1d6-2ce6c880db46,2026-05-01T05:54:52.161588,Vargas da Praia,Cavalcante,90.93,DELIVERED,VAN,25
5d1a30ed-1367-4cd2-abc7-d09bef4b9830,2026-05-01T07:08:14.027717,Caldeira da Mata,Almeida,23.39,DELIVERED,VAN,54
7a9d4b5b-84ad-4e39-9177-42c9e623ae9e,2026-05-01T06:00:29.268974,Moraes Alegre,Costa,74.75,CANCELLED,MOTORCYCLE,73
c1cd51e1-0ec7-4828-96a8-ce0e6e0bedfc,2026-05-01T03:36:20.881357,Siqueira,Sampaio,54.21,CANCELLED,MOTORCYCLE,73
027a824e-88b1-4386-b8f4-185fb28ca639,2026-05-01T07:03:51.543743,Pacheco,Costela de Souza,9.26,CANCELLED,MOTORCYCLE,10
5308419a-2ffd-4666-a3e6-b690cdac47fb,2026-05-01T04:21:10.940622,Moraes,Marques,52.38,IN_TRANSIT,TRUCK,6
45c1db9d-6fd5-4762-a223-1aa16cda56f3,2026-05-01T01:07:42.319336,Moraes Verde,Moreira,95.17,DELIVERED,VAN,98
8cb8fc6e-8d14-4296-902a-2764d01bc133,2026-05-01T05:48:48.005000,Freitas de Albuquerque,Pastor Alegre,97.02,DELIVERED,AIRPLANE,55
c86ee61b-adb2-41a2-adf2-9416be36f172,2026-05-01T06:09:20.046969,Peixoto,Novaes do Campo,44.32,CANCELLED,VAN,11
654582a4-90a9-442c-a044-1c0def0f55f2,2026-05-01T00:17:41.000481,Garcia Verde,Abreu,41.53,CANCELLED,TRUCK,117
4b475b36-bb8c-4f27-aadb-81a7d15bd0f0,2026-05-01T06:26:26.108108,Costa,Rocha do Sul,38.82,CANCELLED,MOTORCYCLE,94
092b842b-a94a-43c8-b895-1f99f4034616,2026-05-01T06:51:37.467345,Moura do Norte,Albuquerque Alegre,27.7,DELIVERED,AIRPLANE,43
0502987b-1618-4afa-97f1-3ba1bc2e1b39,2026-05-01T04:13:10.901586,Campos da Serra,da Mata,50.84,IN_TRANSIT,AIRPLANE,11
45ab9a80-021d-4d3f-8536-a215ce838bea,2026-05-01T04:20:23.070282,Dias de das Neves,Montenegro Grande,54.17,DELIVERED,TRUCK,120
6cd96fe9-a113-45d4-b1bd-5cd77442d0e7,2026-05-01T06:25:28.652403,Moreira,Almeida Grande,61.04,DELAYED,VAN,9
11ede907-0504-42ba-8179-eff99e7655ee,2026-05-01T06:56:40.351657,Pinto,Pastor Alegre,59.77,DELAYED,AIRPLANE,68
757e5f7e-07a3-4718-8551-0d92eab4096b,2026-05-01T04:47:29.474450,Gonçalves,Cassiano do Sul,68.7,DELAYED,TRUCK,106
692850af-ae93-4c62-bec3-5fc1278684d2,2026-05-01T03:12:11.921439,Pacheco de Pinto,Siqueira das Flores,95.46,IN_TRANSIT,VAN,120
b41e3ff1-4eb3-4510-a586-ba38dd7f2921,2026-05-01T05:54:03.474097,Ramos de Cardoso,Araújo,73.11,CANCELLED,AIRPLANE,4
c9187780-a1b3-441c-84d0-4317cf0ad6df,2026-05-01T07:07:23.019398,Gonçalves,Teixeira do Amparo,99.86,CANCELLED,TRUCK,3
87b4ed9f-31ec-47b8-af7c-e6893f56f9bb,2026-05-01T01:46:58.612420,Gonçalves de da Conceição,Sampaio Alegre,60.9,DELIVERED,MOTORCYCLE,93
795c4e9e-ca07-4cb0-b657-2701f95e9d38,2026-05-01T04:50:46.032966,Porto de Minas,da Rocha do Norte,89.87,DELAYED,VAN,110
48b83a3a-5632-41cb-afe1-c002551d8f7b,2026-05-01T06:21:26.566962,Silveira,Azevedo,50.99,IN_TRANSIT,MOTORCYCLE,16
d4553a40-e18b-4dd5-bed8-83a4bc2165ca,2026-05-01T06:37:19.862032,Vieira dos Dourados,Pinto,0.57,DELIVERED,VAN,92
c765cb65-ef80-49a8-b5be-582ceb291b51,2026-05-01T02:35:45.945548,Mendonça do Sul,da Cruz,10.84,CANCELLED,MOTORCYCLE,52
84171eff-ca0e-485c-bb2a-b1f49dc9330b,2026-05-01T04:09:57.208823,Moraes Alegre,Rocha de Nunes,76.2,DELIVERED,AIRPLANE,33
f6cf51d0-cada-4caa-818c-15c17efdba2e,2026-05-01T03:08:23.337824,Almeida do Norte,Sá do Oeste,31.44,DELIVERED,VAN,100
fd227fc1-5748-4ca0-98e4-58b39ec35192,2026-05-01T05:35:34.407740,Vieira,Marques do Campo,66.72,IN_TRANSIT,AIRPLANE,61
9a05438e-8f84-4df1-bd71-0dbe84ea913e,2026-05-01T05:53:19.257089,Moreira da Serra,da Costa,60.19,IN_TRANSIT,VAN,81
820e3f83-deec-4a82-ab0d-67573cbefa4f,2026-05-01T06:03:44.952677,Correia,da Mota do Sul,64.41,CANCELLED,AIRPLANE,119
bb587f41-0a69-4867-965e-9d5529e1e9a4,2026-05-01T08:12:52.933899,Rodrigues das Flores,Aparecida de Minas,92.29,IN_TRANSIT,AIRPLANE,75
be9c73ab-3573-4c5f-b646-d008c03737eb,2026-05-01T00:03:43.406463,Nogueira da Praia,Borges,76.85,CANCELLED,TRUCK,27
e34ba287-e880-4026-a3c1-a09caac5456b,2026-05-01T04:21:48.329823,da Cunha Verde,Jesus,4.51,DELAYED,MOTORCYCLE,56
ec33cd33-a986-4ca0-a5fc-2d6e4ed47e43,2026-05-01T10:12:01.624169,Guerra da Mata,Jesus de Minas,65.38,DELAYED,TRUCK,18
9620cbc9-f44b-4ba4-85dd-4844cd84cda8,2026-05-01T01:41:27.174659,Gonçalves,Duarte,16.98,DELIVERED,VAN,22
76ebb408-d167-46f7-8f4c-476e33c7ff0a,2026-05-01T09:31:47.833627,Pereira,Castro do Norte,28.87,DELIVERED,MOTORCYCLE,13
7e17911e-baf8-493d-8716-2b0eb9655621,2026-05-01T08:04:24.251352,da Cruz,Alves,83.95,DELAYED,TRUCK,76
e40d989e-747d-455a-8f8d-bfabb2723533,2026-05-01T05:37:29.519764,Peixoto do Galho,Nunes,19.35,DELAYED,AIRPLANE,102
d280d896-1ca2-4df6-bc35-47c60a4c5e1f,2026-05-01T00:59:14.289100,das Neves,Cunha de Barros,31.72,DELIVERED,AIRPLANE,8
602056ea-bb5c-4a90-aa2a-78af1e80fd8f,2026-05-01T11:33:32.830495,Lima,Vieira de Nunes,34.82,IN_TRANSIT,VAN,69
f61a877e-8b3a-4983-9c7c-48718cbbf840,2026-05-01T05:35:47.234203,Aragão,Fernandes das Pedras,92.5,IN_TRANSIT,AIRPLANE,107
189cefd2-7d56-4ad9-8e18-e1643d674bce,2026-05-01T03:02:09.816956,Silveira,Cardoso,81.53,DELIVERED,MOTORCYCLE,40
5142da46-2cb4-4a08-abf9-95cd756970e0,2026-05-01T08:14:55.769183,Silveira Alegre,Farias do Campo,3.87,DELAYED,TRUCK,98
2d0dd2ab-4893-4d72-a3a8-a457559007b0,2026-05-01T04:04:11.214102,Rocha Paulista,Porto dos Dourados,87.71,DELAYED,TRUCK,30
b2fb9788-19e7-4ead-9916-0d5af49b5a84,2026-05-01T06:50:50.486041,Albuquerque do Norte,Barros,67.54,CANCELLED,TRUCK,51
134bc74c-3d7b-414c-a369-53a0631043d5,2026-05-01T03:58:22.734513,Pires de da Conceição,da Mota,62.06,DELAYED,TRUCK,54
3aaadb18-e5c6-4a1a-b5ff-2dae819a6599,2026-05-01T10:44:36.443407,Sousa,Cavalcante,15.73,CANCELLED,VAN,80
ca11ca7a-f50e-49d1-87ea-d9b7fb73a9e8,2026-05-01T03:47:25.022097,Marques,Cavalcante do Oeste,71.64,DELAYED,AIRPLANE,1
47476e31-d435-46fc-8d32-4a8f6a798140,2026-05-01T04:23:51.792735,Marques,Cavalcanti Alegre,78.91,DELIVERED,TRUCK,22
b7006639-63df-4270-aa19-3d64e203fc0f,2026-05-01T09:41:24.189679,Teixeira do Sul,Farias do Oeste,44.74,DELAYED,VAN,80
46197691-8cb7-45e2-bb30-e8106a950353,2026-05-01T00:53:54.954383,Albuquerque,da Mota da Praia,61.39,DELIVERED,TRUCK,85
a1732343-27e4-4c1a-88f6-5ae180eec123,2026-05-01T04:28:18.878323,Sampaio de Dias,Freitas Alegre,54.95,CANCELLED,AIRPLANE,53
2dbd2774-a233-4e91-aa88-14fa9390547f,2026-05-01T10:18:51.293752,da Costa Paulista,Gomes,89.81,CANCELLED,AIRPLANE,63
f9f99b4d-7e63-48d3-bb79-040b58d3737e,2026-05-01T06:49:10.366766,Lopes Paulista,Ribeiro,65.75,IN_TRANSIT,AIRPLANE,105
018eaec9-13b1-404c-84e8-3784db634ff2,2026-05-01T02:01:37.497560,Nascimento Verde,Santos,16.85,IN_TRANSIT,MOTORCYCLE,97
d9faf5da-f332-4504-b0bf-5dcf5e84e57b,2026-05-01T01:09:06.568416,Vargas,Gomes,56.63,DELAYED,VAN,76
13106156-e717-4bf7-a75a-d30fb36f150d,2026-05-01T06:57:56.013410,Sales,Moura de Fernandes,82.14,IN_TRANSIT,VAN,10
dc06f292-9732-4767-880a-7eec2f2d61d6,2026-05-01T07:49:42.528007,da Cruz,Campos,51.56,IN_TRANSIT,AIRPLANE,115
1d70d072-2e26-48ca-9b42-b6bb4b4785de,2026-05-01T10:22:54.465386,Rodrigues,Cavalcanti do Oeste,50.56,IN_TRANSIT,TRUCK,11
436f3113-c9d3-4d35-87ee-6e1c1b166119,2026-05-01T06:09:59.866989,Alves,Vargas,38.34,DELIVERED,TRUCK,15
70f95cff-8fdc-4ec5-87b4-14952c0b6b1c,2026-05-01T01:10:20.828680,Teixeira das Flores,Jesus,84.29,DELAYED,TRUCK,32
d46cb947-75ab-4da3-8869-0a0bb65e526f,2026-05-01T09:33:02.066510,Farias,Sousa,78.6,DELIVERED,TRUCK,88
3fd0f315-bb43-4c5e-a652-1064d063f823,2026-05-01T09:23:04.208087,Cunha de Marques,Cirino de Abreu,45.21,CANCELLED,MOTORCYCLE,7
9b2e4412-dabd-4c4b-b4c4-a7a8598c9ffc,2026-05-01T02:31:06.613655,Vasconcelos do Galho,Abreu,87.46,CANCELLED,AIRPLANE,102
346de281-322c-4c23-bb52-25e3348c02d7,2026-05-01T01:48:04.680166,Rios do Campo,Silveira de Sales,18.49,CANCELLED,VAN,7
b9ff45d7-4c64-4e14-8f8f-5bd0607e8f80,2026-05-01T09:54:00.824313,Moreira de Nunes,Camargo do Campo,11.08,DELAYED,VAN,41
a6ed4e9f-9507-49d3-802f-ff635ee5aff7,2026-05-01T02:16:56.358719,Ramos da Mata,Nascimento,76.71,IN_TRANSIT,TRUCK,26
2914cdf9-31c8-4680-8f1c-317c64551207,2026-05-01T04:07:34.485928,Sampaio,Garcia Alegre,94.3,CANCELLED,TRUCK,75
b7dcc8a0-fe97-46f2-b7a0-042d2edaed35,2026-05-01T07:51:39.697684,Câmara do Oeste,Pinto da Mata,28.67,DELAYED,AIRPLANE,16
9ab8a001-b004-4289-bd02-c896b95868ee,2026-05-01T07:27:17.503772,Costa da Praia,Rios,59.24,DELIVERED,AIRPLANE,20
447bbcb0-153a-43ca-a8d3-e646a88cab44,2026-05-01T07:21:29.288792,da Cruz,Cunha da Mata,50.02,DELAYED,VAN,53
e2215b50-67b2-43b5-a95e-f167de1d2700,2026-05-01T04:02:52.595857,Leão,da Rosa,34.61,DELIVERED,TRUCK,46
3477c94f-9e7c-499e-881b-42ea1997f4f3,2026-05-01T02:52:17.809704,Ramos,Almeida,2.79,CANCELLED,AIRPLANE,23
978c88c2-ed41-49ea-9154-4f49deb9e063,2026-05-01T01:21:50.692634,Carvalho,Guerra,70.51,CANCELLED,MOTORCYCLE,52
c1db710f-23b5-49ac-b52d-d3a7ad634c57,2026-05-01T06:57:55.926279,Nogueira da Mata,Alves,33.68,CANCELLED,AIRPLANE,22
a6299715-55af-4aa0-8db8-f37b812081ec,2026-05-01T01:15:51.588198,Ferreira de da Cunha,Viana do Oeste,43.61,IN_TRANSIT,MOTORCYCLE,55
841cd351-40b3-4c68-85dd-d7610e515f1b,2026-05-01T10:01:16.887478,Machado de Ferreira,da Mota,8.25,DELAYED,MOTORCYCLE,50
ed84000a-9186-46cd-aaf9-82444235927c,2026-05-01T10:24:17.806709,Duarte Alegre,Castro,90.08,DELIVERED,TRUCK,8
388622d8-700a-4e06-863c-4215eae87527,2026-05-01T04:47:36.257425,Novais,Andrade Alegre,22.7,CANCELLED,VAN,23
0cb62182-a773-4f74-b992-9c75285c862e,2026-05-01T03:23:47.257083,da Mota da Praia,Pinto Verde,52.31,IN_TRANSIT,MOTORCYCLE,57
27b06c9d-f352-414b-afef-d3d14b4e9019,2026-05-01T10:22:19.657442,da Cunha,Borges,96.41,IN_TRANSIT,MOTORCYCLE,71
65502c10-eb63-4d0b-811d-c91f22a3dd02,2026-05-01T07:41:01.168741,Peixoto,Melo Verde,4.09,DELIVERED,AIRPLANE,72
a95aa2f3-c217-4d43-888b-dfd4b2daf1e0,2026-05-01T03:02:31.999164,Melo,Pastor das Pedras,58.49,DELIVERED,AIRPLANE,37
87180960-cc8e-488f-90b5-f48455b2b890,2026-05-01T08:31:11.946159,Pereira de Farias,Jesus da Mata,46.88,DELIVERED,AIRPLANE,8
5b7d801b-3733-402a-bb6d-21f8922e34dc,2026-05-01T07:33:09.253073,Cassiano do Galho,Mendonça de Rios,56.84,DELIVERED,AIRPLANE,32
5ed76d87-6c7a-4b67-a1f7-a1721b23f55f,2026-05-01T07:52:59.097726,Melo,Gonçalves,39.51,DELAYED,TRUCK,90
261ea7ae-b940-481e-9b16-fc8b1c6194dc,2026-05-01T11:27:06.594573,Araújo da Prata,Novaes do Galho,12.03,DELAYED,AIRPLANE,53
54f71299-5628-443d-914d-d6cdcdca1607,2026-05-01T10:39:47.847383,Silveira Verde,Ramos,90.52,DELIVERED,MOTORCYCLE,95
2287a14d-4083-4688-af3c-e6d85d97cf57,2026-05-01T06:52:32.277805,Farias,Moreira,33.61,DELIVERED,TRUCK,44
ba3674c0-fb8e-46a7-9e39-a59344b8a32c,2026-05-01T04:45:03.456960,Vieira do Galho,Leão do Norte,89.16,DELAYED,AIRPLANE,37
ad534053-7cfd-4ce6-abb2-894f730006c0,2026-05-01T11:10:01.880126,Jesus,Nogueira de da Cruz,99.16,CANCELLED,MOTORCYCLE,83
15844387-8aa2-476e-a9f7-0cbccf6508c3,2026-05-01T07:20:58.562521,Monteiro de Porto,Nunes,23.82,DELIVERED,MOTORCYCLE,40
aa2262de-77c2-4d1f-b117-41fa65bf2c9e,2026-05-01T01:37:54.873459,Oliveira das Flores,Nascimento Alegre,10.77,DELAYED,TRUCK,86
6f5c62ed-ed23-4bac-b643-9ac5df0e2428,2026-05-01T10:17:02.204181,Cunha de Gonçalves,Araújo de Minas,64.67,DELAYED,VAN,36
5377665b-ba60-4155-b942-e0037e72586e,2026-05-01T11:37:55.154204,Duarte,Vargas,79.83,IN_TRANSIT,TRUCK,13
4f77dee3-ce8c-4323-b60a-08cab71212d0,2026-05-01T05:15:17.767699,Teixeira,Moura,47.49,IN_TRANSIT,VAN,70
fd1cb7c8-5988-417e-9f65-20f9b7c87528,2026-05-01T04:00:34.622724,Viana,Pires de Goiás,0.4,DELIVERED,MOTORCYCLE,35
c03c8a99-afc5-492b-8f17-c221a7ec8c9c,2026-05-01T08:31:48.525652,Lima Grande,da Cruz da Serra,86.19,IN_TRANSIT,MOTORCYCLE,73
d11762a3-e7d1-437f-8968-8c140596e8da,2026-05-01T04:46:39.978803,Cirino Alegre,Vasconcelos de Marques,71.52,IN_TRANSIT,TRUCK,51
2590ece3-a0ca-4470-bd07-8ff1fdb923d5,2026-05-01T08:25:05.031112,Moura de Minas,Moreira,33.65,DELAYED,MOTORCYCLE,118
36ec51c6-b15b-474a-8211-d34435e50093,2026-05-01T08:36:41.151606,Rezende Grande,Novais de Goiás,74.1,DELAYED,AIRPLANE,45
939b8a4b-458a-483e-96c3-91bdc176d203,2026-05-01T12:02:51.613922,Garcia,da Mata,69.44,IN_TRANSIT,VAN,58
38b583c5-7b06-47dd-a740-12b041315a5c,2026-05-01T06:29:40.898241,Borges Verde,da Paz de Macedo,42.07,IN_TRANSIT,AIRPLANE,96
37a3838d-89f3-4cb8-830a-34cf77cfa08c,2026-05-01T07:37:27.184597,da Mota das Pedras,Nogueira,16.76,CANCELLED,VAN,12
3d3ef9f3-fbad-428c-9964-234d28a72f3d,2026-05-01T11:25:49.089946,Fonseca do Norte,Silva,80.98,DELAYED,VAN,45
4dbdff68-f04b-4b87-8581-465dced0655a,2026-05-01T10:52:00.220931,Cunha,Moreira de Minas,96.78,CANCELLED,VAN,38
1af11487-c023-4b2c-a620-02c8f534b33f,2026-05-01T02:36:33.405680,Alves da Serra,Monteiro,22.24,CANCELLED,TRUCK,96
7f5d7150-28ff-45e5-aeca-61d13421a6c9,2026-05-01T04:15:11.267936,Montenegro,Aragão Alegre,27.08,DELIVERED,MOTORCYCLE,86
5fa27101-4454-439f-8372-998bbe365623,2026-05-01T01:11:12.673284,Melo de Pinto,Gomes dos Dourados,88.19,IN_TRANSIT,TRUCK,16
5792a4e0-c41d-4bd2-8df2-50d4a37a6fc2,2026-05-01T04:23:32.765806,Moreira,Campos,10.4,IN_TRANSIT,VAN,114
4c3cb51b-5be8-40e3-9e37-6884902fb152,2026-05-01T01:32:11.318364,Alves da Praia,Fogaça de Teixeira,60.83,DELIVERED,VAN,53
ce739cdc-6085-43c9-bb0e-b46cb7ce7d38,2026-05-01T04:03:59.077015,Pinto,Nascimento,67.58,DELAYED,MOTORCYCLE,63
c83ca8fb-4fde-45f6-96af-9fce434dc375,2026-05-01T07:34:21.441249,Souza Verde,Câmara das Pedras,28.46,CANCELLED,VAN,94
6beacac5-1295-49de-b538-284ed37d663d,2026-05-01T05:38:47.265175,Novaes,Câmara,45.56,DELAYED,TRUCK,103
41017e4f-29fa-4213-b571-fe6246d86ce9,2026-05-01T07:30:18.530110,Abreu do Sul,Melo,2.43,CANCELLED,AIRPLANE,24
3bff5692-2feb-4c9a-9ec2-ae2d8f7db640,2026-05-01T08:21:00.107830,Siqueira,Castro,6.03,DELAYED,MOTORCYCLE,87
aed13a8e-9bd8-480b-a997-6ea41acb601a,2026-05-01T04:44:37.674489,Almeida Grande,Fogaça do Campo,58.97,CANCELLED,VAN,31
8f343bc4-5f1a-4254-86e4-648a1c7f29fd,2026-05-01T05:55:01.957294,Jesus,Azevedo da Praia,64.26,CANCELLED,MOTORCYCLE,84
ab428ac1-3920-4505-b380-a904eca07ded,2026-05-01T04:36:13.185107,Marques,Cardoso,73.01,DELIVERED,TRUCK,28
8faa73c8-85ea-444b-a3fd-b13a767690b9,2026-05-01T11:11:52.933464,Monteiro,Silveira,80.57,DELIVERED,AIRPLANE,116
16841822-f959-4580-9717-13bd4b7447c8,2026-05-01T11:13:35.439307,da Mata de Pinto,Freitas,35.52,IN_TRANSIT,VAN,71
f708546c-daff-4e8c-93fb-159e0adb4ee2,2026-05-01T08:32:00.554109,Cavalcante das Flores,Pacheco de Minas,34.46,CANCELLED,MOTORCYCLE,46
78011341-f9e9-4e95-8375-7837d7cfeca0,2026-05-01T07:06:10.886348,Ferreira do Norte,Leão de Ferreira,84.92,IN_TRANSIT,TRUCK,114
3bd036ea-32ac-406d-a5b2-832bcd82ae21,2026-05-01T05:07:08.454832,da Mota,Almeida das Pedras,62.96,DELIVERED,AIRPLANE,40
7b6e6b1a-e67e-4f83-8b12-55fd4a0d5f11,2026-05-01T02:38:36.022610,Vieira de Duarte,da Conceição Grande,80.93,IN_TRANSIT,TRUCK,32
1209f4d4-3371-4fa0-8f33-7d051a1ac564,2026-05-01T11:47:51.204068,Cavalcanti do Galho,Lopes,52.39,DELAYED,MOTORCYCLE,46
8fc390f8-2021-4e1d-9097-6cfc6184df68,2026-05-01T06:36:31.336433,Nunes do Galho,Cunha de Aragão,55.49,DELAYED,MOTORCYCLE,14
10986dd7-1a5e-4d87-b702-25bafc4472ca,2026-05-01T04:57:01.377856,Montenegro,Sousa de Goiás,6.74,CANCELLED,VAN,63
fff4ce1c-57b0-43a3-81c6-b2c829640b34,2026-05-01T01:08:07.185720,Gomes,Mendonça,52.46,IN_TRANSIT,VAN,90
c8626c66-ff76-4914-aba2-ab06bfcb7c98,2026-05-01T06:37:11.065126,Gonçalves da Serra,Castro de da Costa,34.01,CANCELLED,TRUCK,2
8ba88cf4-6672-4b80-a897-efcaf0a768f3,2026-05-01T10:38:49.514256,Guerra do Norte,Costela,36.65,IN_TRANSIT,TRUCK,65
fa03304e-cb95-4f2a-873d-9728a3697633,2026-05-01T07:42:06.334483,da Mata do Sul,Pires,84.39,IN_TRANSIT,TRUCK,34
16c6a8dc-107d-40bf-863c-7c247694b1d0,2026-05-01T03:56:57.166160,das Neves,Rodrigues da Praia,65.33,DELAYED,AIRPLANE,71
dbd7397a-6a13-4e9d-9e23-c19008deb0b8,2026-05-01T05:30:19.198406,da Cunha,Albuquerque de Ribeiro,78.67,CANCELLED,VAN,5
157c21e6-1231-4f12-995c-d6ce1af9ba0e,2026-05-01T02:51:23.947354,Freitas Alegre,Pinto,38.42,IN_TRANSIT,AIRPLANE,22
2842351d-8c8b-4e63-b3f3-fe0455b6dba4,2026-05-01T10:53:11.340909,Macedo do Sul,Mendonça de Nunes,40.91,IN_TRANSIT,TRUCK,115
0f83067d-9da4-449f-9b39-780debcf38c1,2026-05-01T12:07:03.460265,Martins do Galho,das Neves,73.58,DELIVERED,AIRPLANE,87
f1605d79-a132-4da1-b11e-bef4990dc4ea,2026-05-01T06:46:57.653826,Correia,Nogueira do Sul,25.48,CANCELLED,MOTORCYCLE,17
a855bb8c-e400-4533-9e56-6b069fb83e09,2026-05-01T11:19:55.521425,Barros da Serra,Casa Grande Alegre,62.82,DELIVERED,VAN,70
2868df09-5b1f-41f0-bd5e-2145bf4bed58,2026-05-01T06:45:35.481086,Macedo,Santos,91.55,IN_TRANSIT,MOTORCYCLE,60
5211fbc3-4c33-4e8f-8356-5f9079d3bcbf,2026-05-01T05:20:53.630872,Dias das Flores,Pereira,7.26,CANCELLED,VAN,116
40bb8ff2-28dc-4f47-82f4-632de4f7ec33,2026-05-01T02:09:21.547322,Freitas,Viana,87.41,DELAYED,MOTORCYCLE,40
b82175d1-fe61-4319-b4eb-53a5d9f8a38f,2026-05-01T04:20:13.208608,Moreira de Sousa,Cassiano,32.22,IN_TRANSIT,MOTORCYCLE,100
3d5c1083-7016-4e03-b51b-b525660fe212,2026-05-01T00:33:23.689769,Cavalcante,Guerra do Sul,71.35,IN_TRANSIT,AIRPLANE,112
0fd50038-8067-4750-b872-f08075d8e400,2026-05-01T00:43:10.527728,Lopes de Minas,Rodrigues,10.37,CANCELLED,VAN,51
0aa11dea-68f6-453b-b246-49b7a50b2a45,2026-05-01T04:50:06.647192,Moraes de Câmara,Viana das Pedras,95.97,DELIVERED,TRUCK,76
470bae7b-87c6-4ad3-844c-71e8e091e2db,2026-05-01T02:39:22.326627,Alves,Brito,70.54,DELIVERED,MOTORCYCLE,31
0f8937ba-b844-429c-98b2-d6f7119715f2,2026-05-01T04:26:22.490716,Rios de Minas,Siqueira de Minas,7.94,DELIVERED,AIRPLANE,110
289b1701-109a-4120-93c4-99ad8cf320e4,2026-05-01T01:22:47.420012,Araújo,Ramos,94.42,DELIVERED,VAN,14
8557dd14-4cf1-44c0-a8d3-8e70143f726c,2026-05-01T05:54:30.558798,Albuquerque do Galho,Rezende,19.67,DELAYED,MOTORCYCLE,34
0400beb0-c0d2-40ff-b8c6-7db6fa7a0d71,2026-05-01T07:09:45.512959,da Costa,Camargo,78.41,CANCELLED,TRUCK,47
75365d88-7f8a-4284-8d5a-ce4da4282867,2026-05-01T09:10:49.774583,Guerra do Campo,Cirino,67.56,CANCELLED,VAN,37
5af63c45-e126-4332-b121-683ce724cbc7,2026-05-01T07:50:37.304957,Azevedo das Flores,Costela,81.27,IN_TRANSIT,VAN,76
5793334b-5737-4f17-a5ee-3f863520520d,2026-05-01T00:25:51.454842,da Mata da Serra,Moreira,53.36,DELIVERED,VAN,117
91d117a3-28f9-492b-a17b-5ed897576659,2026-05-01T09:19:15.654904,Lopes,Rodrigues de Mendonça,96.36,DELIVERED,VAN,115
a902fbd4-7c05-47bc-83f9-0fe3935175c2,2026-05-01T07:26:15.573564,Peixoto,Melo da Mata,72.5,CANCELLED,VAN,34
7e97c38c-8035-4835-91d8-e69fa4e4d7c8,2026-05-01T03:12:40.034847,Azevedo,Vieira do Campo,32.6,DELAYED,MOTORCYCLE,70
91c7e723-f185-4286-beeb-5b75ef878a0f,2026-05-01T08:22:53.243517,Rezende de da Rosa,Aparecida de Goiás,57.47,CANCELLED,TRUCK,108
ad0ce213-ca1c-4187-8772-eaa1e12368d6,2026-05-01T12:23:50.915360,Nogueira de Minas,Caldeira,19.74,DELAYED,MOTORCYCLE,105
85f598b5-4851-4e1a-b9fa-54281435ef59,2026-05-01T03:00:22.028545,Novaes,Cardoso da Praia,98.24,CANCELLED,MOTORCYCLE,48
5239b52f-e250-47c3-abb6-3b1085ad19b1,2026-05-01T06:09:44.712083,da Rocha das Pedras,Ramos,91.95,DELAYED,TRUCK,88
f3a098ce-c837-4ae1-a27d-fbd8ae4846b8,2026-05-01T05:01:15.624856,Cassiano de das Neves,Aparecida,38.03,DELIVERED,AIRPLANE,72
b99725d6-1fd1-4ce1-992a-8ac4ffe06455,2026-05-01T09:18:40.343861,Alves,Cardoso,2.74,DELAYED,AIRPLANE,4
a1c3b796-164f-4235-9e97-c2cfd83477b0,2026-05-01T08:36:10.666740,Alves da Praia,Marques do Oeste,70.17,CANCELLED,TRUCK,75
bc7741da-3837-4ac6-b13a-27d7ee39e40d,2026-05-01T10:06:47.303909,Melo dos Dourados,Moreira do Campo,40.18,IN_TRANSIT,AIRPLANE,108
27471cb6-9beb-4925-8676-42db922ecaf2,2026-05-01T03:49:01.465810,Novais de Goiás,Mendes,8.05,DELAYED,AIRPLANE,24
3afe9aa2-89a1-4f8e-bd68-96daf16f2857,2026-05-01T07:14:30.124658,Pastor do Norte,Montenegro das Pedras,37.46,IN_TRANSIT,AIRPLANE,3
c6186f88-2558-43f7-89e1-a2133acb1771,2026-05-01T03:20:22.637279,da Luz das Pedras,Casa Grande do Galho,81.58,CANCELLED,TRUCK,56
8945f0a7-8b77-41c8-b003-51b90b0ff6f4,2026-05-01T07:26:23.963747,Costa,da Cruz de Barros,43.12,CANCELLED,AIRPLANE,28
ff5bf8ed-b5ec-4269-82b7-bac5e2b1256b,2026-05-01T03:33:32.064178,Câmara do Galho,Guerra das Pedras,95.93,IN_TRANSIT,MOTORCYCLE,77
e2156ce1-02b9-40ce-b2cb-d50cffb5fa80,2026-05-01T06:36:55.547543,Sales,Cunha,20.95,DELAYED,MOTORCYCLE,32
2ac55aca-a5c0-4b05-9ffc-5daf720e5e1c,2026-05-01T09:49:05.146593,Pinto,Caldeira,22.06,DELIVERED,VAN,60
c092486d-61b4-4ce6-98a3-0294ae2d5177,2026-05-01T02:45:57.458734,Lopes,Castro,77.13,DELIVERED,MOTORCYCLE,110
45b98037-d419-4850-bc83-8a454e06a45e,2026-05-01T05:48:23.233889,Pacheco,Abreu,36.67,CANCELLED,MOTORCYCLE,27
d7d7aeb1-0382-4984-903c-c164fafe4ce4,2026-05-01T04:59:42.336603,Macedo,Vargas da Serra,32.31,DELAYED,AIRPLANE,107
951cc63a-7420-477e-9aac-1fea0d0fa304,2026-05-01T00:22:06.477612,Cunha de Goiás,Moreira de Jesus,40.05,CANCELLED,MOTORCYCLE,64
6486726a-229a-48a8-8fb9-9d732c753a72,2026-05-01T04:30:07.995143,Fonseca,Souza,90.29,DELIVERED,AIRPLANE,49
eb9803aa-0e06-46f9-a21c-0655e7b6108b,2026-05-01T05:50:07.307651,Albuquerque,Cassiano da Serra,5.89,DELAYED,MOTORCYCLE,53
c90cc7d1-4ae2-4429-aecd-8226d337fab5,2026-05-01T11:21:03.211563,Marques,Ferreira de Moraes,75.01,IN_TRANSIT,MOTORCYCLE,35
8a6516aa-8708-41d5-9ff9-1229989d89b4,2026-05-01T09:36:05.962479,Santos de Goiás,Ribeiro dos Dourados,45.69,IN_TRANSIT,AIRPLANE,70
8d0c007c-a940-4627-9a57-c620a0bff082,2026-05-01T04:41:55.447176,da Mata,Montenegro do Galho,53.21,DELAYED,MOTORCYCLE,13
82ddb671-da37-4304-a759-a3dad59a722e,2026-05-01T10:31:37.667576,Silva,Mendes de Vasconcelos,96.03,DELAYED,MOTORCYCLE,116
b423530c-049c-4151-86ea-2de48e1a2fea,2026-05-01T09:17:13.366496,Albuquerque do Sul,Ramos de Minas,53.35,CANCELLED,AIRPLANE,66
220cc9f9-3788-44d0-9120-952b273ca2dd,2026-05-01T04:14:26.783384,Brito de Vargas,Freitas,74.13,IN_TRANSIT,VAN,33
694cc902-0aff-4b14-920d-0e83c0fe706c,2026-05-01T05:06:45.379030,Santos,Siqueira Grande,22.51,DELAYED,AIRPLANE,86
dfec10f6-4288-4403-9ccd-5f2e3d449f19,2026-05-01T10:13:23.406600,Cardoso,Novaes,57.79,DELAYED,MOTORCYCLE,51
a9b7899e-e39a-4811-b7a7-306252dbb47c,2026-05-01T11:54:29.969674,Dias de Moreira,Martins,39.11,DELAYED,MOTORCYCLE,89
9ee8872a-5a88-45a3-b626-4a7cc2ce79dd,2026-05-01T08:05:00.152300,Siqueira,Cavalcante,24.34,IN_TRANSIT,VAN,79
8ad01e8d-b42d-4b06-8563-67b389dbb08d,2026-05-01T02:10:59.984073,Costa de Minas,Siqueira de Minas,85.2,CANCELLED,AIRPLANE,108
3837018b-def9-44f6-9f99-7f8ce8446f77,2026-05-01T00:06:31.776546,Carvalho da Praia,Brito,67.21,DELIVERED,AIRPLANE,110
0ef923c6-26ea-4484-8f31-ac995544b57b,2026-05-01T04:56:25.587017,Porto da Mata,da Cunha,15.95,DELAYED,MOTORCYCLE,105
8d7ebd7b-f107-43b3-85ec-6bc32b3e0c96,2026-05-01T05:08:07.715404,Cirino,Peixoto de Brito,69.78,IN_TRANSIT,TRUCK,89
30b4c58e-9eee-49ed-bb8a-8397aded1c1d,2026-05-01T12:06:17.394376,Peixoto de Jesus,Machado das Flores,54.44,DELAYED,VAN,97
682f0a88-d484-4a77-945d-6fde1207bc64,2026-05-01T00:20:15.943914,Monteiro Grande,Mendes,91.47,DELAYED,MOTORCYCLE,17
53a4d913-7ec9-4977-82cf-be943c0c1c99,2026-05-01T11:20:36.577878,Macedo,Siqueira,34.87,DELIVERED,TRUCK,53
fa6365a2-f257-47fc-8c75-34ce6f14d098,2026-05-01T02:15:40.332005,Freitas,da Conceição,73.78,IN_TRANSIT,MOTORCYCLE,89
79923aba-5055-4df0-a354-d6fee5b3468e,2026-05-01T09:43:08.719544,Dias de Ramos,Martins,68.56,IN_TRANSIT,AIRPLANE,2
82d4d6ca-a513-45d5-a040-f55b3733e631,2026-05-01T06:28:58.886206,Correia,da Conceição,95.63,IN_TRANSIT,VAN,91
e549084c-6dac-4bf7-b8c3-78ccf73a4716,2026-05-01T06:21:33.560581,Ferreira,Correia,27.32,DELAYED,VAN,63
592c8288-106a-4e75-8022-cc3aa637bc84,2026-05-01T00:56:26.206908,Araújo de Goiás,Barbosa,22.97,IN_TRANSIT,AIRPLANE,71
ea30fdcb-3b9a-4742-b022-ad0b6f7fe2fe,2026-05-01T00:16:31.766608,Sampaio,Montenegro,37.17,IN_TRANSIT,MOTORCYCLE,32
7ef40b48-8cfb-4b48-983a-da0efae64ecd,2026-05-01T09:48:31.695328,Teixeira da Serra,Câmara,11.19,DELAYED,TRUCK,79
26ee9af2-6f45-4053-bee4-4d1f319562a2,2026-05-01T04:22:40.783948,Leão,Freitas,12.52,CANCELLED,TRUCK,117
84b5dbae-4689-4c08-8f6d-a7e650c39f2d,2026-05-01T03:38:34.429011,Pimenta,Aragão,47.66,DELAYED,MOTORCYCLE,10
5f727627-0258-48ef-b5d5-c3c602097258,2026-05-01T00:08:20.226018,Silveira,Novais,90.86,CANCELLED,TRUCK,3
329c29df-eaf3-45e8-aee3-70873c450176,2026-05-01T08:44:04.454141,Macedo da Praia,Albuquerque,65.61,IN_TRANSIT,TRUCK,79
84b1a566-1f07-402a-b44b-82b0a473344d,2026-05-01T10:01:04.711470,Costa de Castro,Costa,80.75,DELAYED,VAN,108
0f853880-4487-4550-9806-e312d85a2681,2026-05-01T06:00:31.032521,Farias de Sampaio,Casa Grande,52.4,DELIVERED,VAN,112
a56ee655-3990-4484-8e96-bcdc170c3a42,2026-05-01T02:02:42.168433,Abreu,Moreira,98.79,IN_TRANSIT,TRUCK,20
c7f67a87-9526-4b16-907e-50fd3a67e12e,2026-05-01T11:05:45.729238,Farias de Ribeiro,Moreira,80.47,IN_TRANSIT,MOTORCYCLE,38
276e09cc-1749-4556-8d01-741295967358,2026-05-01T11:19:56.732702,Cirino de Vieira,Araújo do Campo,42.87,CANCELLED,VAN,62
82194057-f94b-4bc7-bb0e-24f38ffd71d4,2026-05-01T00:51:04.707967,Gomes Paulista,Souza,77.86,IN_TRANSIT,VAN,108
a0957a14-acff-4224-abcb-6e2811959fe7,2026-05-01T02:52:59.135706,Jesus,Abreu da Mata,63.21,DELAYED,MOTORCYCLE,30
539a44f5-2631-4253-b068-d0272dc3c9b7,2026-05-01T04:27:53.213124,Brito de Vasconcelos,Leão,50.3,IN_TRANSIT,TRUCK,8
bc18870d-291e-4c2b-93f3-437bd2e68c7c,2026-05-01T02:15:22.324128,da Paz Grande,da Conceição Alegre,23.99,CANCELLED,VAN,54
4b10f2e7-7aff-4503-aa59-882aefd531de,2026-05-01T05:35:43.581389,da Conceição Grande,Ribeiro das Pedras,3.68,DELIVERED,MOTORCYCLE,67
3185bf22-dde6-4a2f-8d7e-0d9e57f35a43,2026-05-01T02:13:11.245736,Ramos de Goiás,Castro,26.75,CANCELLED,VAN,118
b3ce00ed-319c-43f0-a8f2-5fa64294ddb7,2026-05-01T06:21:41.473563,Cunha,Montenegro,19.47,DELAYED,AIRPLANE,3
80c82f2c-e47f-4360-bd45-92ff7fde7b5c,2026-05-01T04:12:44.013608,da Rocha de Mendes,Barros,58.51,IN_TRANSIT,MOTORCYCLE,19
e0ece145-176f-40cf-9338-c35314ffffca,2026-05-01T03:03:44.891279,Brito da Praia,Sampaio,39.47,DELIVERED,VAN,117
401cc892-85d6-4ae3-a422-f7696b64770c,2026-05-01T02:52:40.876664,Ribeiro,Santos do Oeste,44.92,DELIVERED,AIRPLANE,19
dec1cd17-5ca3-472e-a154-7b9638245d70,2026-05-01T03:18:44.572768,Monteiro das Pedras,Novais,44.79,DELIVERED,TRUCK,105
075ea513-9edf-4007-a0c7-1d85f92f08b5,2026-05-01T04:27:19.554693,Fogaça,Leão Alegre,17.69,CANCELLED,VAN,54
1f06d413-938f-4fce-b5ef-6e54f7f6722b,2026-05-01T05:22:44.392795,Lopes de Pires,Câmara,39.05,DELAYED,AIRPLANE,54
89986619-09d5-48ea-9b75-a3bcbfd30a1f,2026-05-01T06:18:37.256051,Costela de Minas,Moura,73.52,IN_TRANSIT,VAN,63
c6184af4-b432-463a-8d66-36a64a67ad90,2026-05-01T03:20:22.474243,Marques Paulista,Pereira Grande,46.93,CANCELLED,AIRPLANE,27
e3b844ff-768e-49a1-9584-32b051d67db2,2026-05-01T10:59:22.498399,Costa,Farias do Amparo,48.49,DELIVERED,MOTORCYCLE,13
3e313342-ae14-4289-a25b-4d4f97a01f6e,2026-05-01T00:41:09.287253,da Mota da Serra,Costela de Minas,27.93,IN_TRANSIT,TRUCK,1
5c07c7b4-6608-40e6-ba03-ea53692ffc83,2026-05-01T03:34:43.713051,Marques,Campos,51.97,IN_TRANSIT,TRUCK,86
f53d8a31-91e5-4963-9b4b-d4e4690dcdee,2026-05-01T11:40:21.095634,Caldeira,Andrade do Oeste,13.67,CANCELLED,VAN,0
5a3f35eb-5c45-47c5-bce6-6369153e934d,2026-05-01T11:52:42.641532,Fonseca,Gomes de Goiás,74.42,DELIVERED,VAN,34
f4c32688-42ec-4dc5-b41f-46be03445da4,2026-05-01T11:45:31.639395,Pinto de Nunes,da Mata de Dias,34.96,DELAYED,TRUCK,118
01b715ae-f59c-4d52-8c3f-505426e050ad,2026-05-01T04:57:09.316283,Novaes da Prata,Leão Verde,57.59,DELAYED,TRUCK,29
fe1f2efa-64dc-4fa7-816a-bac6b40fe1b3,2026-05-01T05:07:17.495610,Camargo,Porto de Peixoto,21.49,IN_TRANSIT,VAN,49
8587da0a-ab36-4143-99c6-5f3016b3599e,2026-05-01T01:02:56.449408,Aparecida de Cavalcanti,Abreu Paulista,58.93,DELIVERED,MOTORCYCLE,56
a2ddd1c3-a404-41c5-808d-10705e3157d1,2026-05-01T01:13:47.221373,Vieira da Mata,Vargas,79.86,CANCELLED,AIRPLANE,71
087e2a21-3415-4bbf-a652-8912d862610f,2026-05-01T10:31:16.622737,Fernandes,da Conceição,45.93,DELIVERED,TRUCK,76
ae309f3a-3569-4da3-b049-d09213f81f07,2026-05-01T05:43:39.161598,Cavalcante de Correia,Marques do Oeste,16.96,DELIVERED,TRUCK,104
32d9bef5-558e-401b-9e16-3905ca14948c,2026-05-01T10:20:42.809329,Cavalcante do Sul,Teixeira Paulista,79.37,DELIVERED,VAN,120
daf5655e-f5aa-4ab6-8fbc-e6c24447d5b0,2026-05-01T05:38:55.645770,Cardoso de Campos,Pacheco,42.82,DELAYED,MOTORCYCLE,4
aafc6109-c23c-4e80-88c2-a5f9a307588a,2026-05-01T08:20:50.562091,Fernandes,da Mota,12.23,DELAYED,AIRPLANE,20
91e20814-a24d-4636-bbf4-4c20f3ad1e30,2026-05-01T01:18:54.265494,Siqueira Alegre,Freitas,0.32,CANCELLED,VAN,60
7b9d9a92-581f-4919-9aec-37a691517b36,2026-05-01T11:46:57.559411,Sampaio,Lopes,42.69,IN_TRANSIT,VAN,30
6dc9c6f2-e022-4448-9dcc-60c6d2c71a1b,2026-05-01T06:34:13.732925,Marques,Ribeiro,50.21,IN_TRANSIT,VAN,51
31ef50dc-9102-47ae-abef-5391b000cacc,2026-05-01T10:41:59.916409,Barbosa de Borges,Barros de Fonseca,22.87,IN_TRANSIT,TRUCK,71
ee4ba87e-974c-4514-87f5-a542d5a31489,2026-05-01T03:21:16.710926,Moraes,Guerra de Camargo,15.89,DELAYED,MOTORCYCLE,2
b482641d-963a-499f-9024-715e411831f8,2026-05-01T02:43:52.471668,Câmara de Goiás,Gonçalves,70.0,DELAYED,AIRPLANE,0
a8620948-8d96-4245-84ee-c490f6f0cdfb,2026-05-01T06:57:30.204899,Teixeira,Rios,34.09,DELIVERED,TRUCK,21
39f60b1c-de6e-4430-a17a-eee706490238,2026-05-01T00:35:55.477173,Albuquerque,Ramos,83.69,CANCELLED,AIRPLANE,43
5a86452b-3b71-4aa3-9746-447d92c6ef09,2026-05-01T03:26:45.812399,Siqueira,Moraes,40.49,DELAYED,TRUCK,36
2f839c3c-4aa8-4169-a68c-40101c183ade,2026-05-01T03:32:47.386430,da Paz das Flores,Nogueira,87.04,CANCELLED,AIRPLANE,14
d2f9b4bd-d619-4867-adc0-00882eb0e82b,2026-05-01T03:46:42.184358,Rodrigues,Pacheco de Novais,38.6,CANCELLED,MOTORCYCLE,42
69dac340-4d72-414c-8fe4-5f51ac94b853,2026-05-01T10:01:47.384467,Barbosa da Serra,Ribeiro da Mata,92.13,CANCELLED,AIRPLANE,15
841e3b1e-2a9f-463e-89d5-74d9ff2c05f9,2026-05-01T06:08:53.765473,Farias,Oliveira da Serra,32.51,IN_TRANSIT,VAN,98
ad454a9e-8e42-48b7-9a4c-14d148684bb6,2026-05-01T04:53:00.962278,Sá do Sul,Rezende,13.56,IN_TRANSIT,VAN,96
a86503a4-f01d-4a58-8602-5eea68ca8dfb,2026-05-01T08:54:03.597063,Sales,Mendonça do Oeste,67.31,CANCELLED,MOTORCYCLE,108
d027a4bb-626f-461e-b5f4-56bb87e28ff8,2026-05-01T05:15:49.748980,Borges,Fernandes do Campo,85.81,DELIVERED,TRUCK,61
d93078db-4b58-4500-b4e2-c3423e47071f,2026-05-01T07:15:46.386556,Aparecida,Sousa,19.1,DELAYED,TRUCK,3
da89fb15-81e2-4061-9497-6dee9d1ccda2,2026-05-01T05:21:34.370777,Barbosa Paulista,Carvalho,5.78,IN_TRANSIT,MOTORCYCLE,92
69d903e9-6bdf-4f01-ba71-5b5df8587898,2026-05-01T11:35:07.056344,Almeida,Duarte Alegre,62.77,DELIVERED,AIRPLANE,47
f882b6a1-2203-421d-9527-4fedf7cd1b02,2026-05-01T10:28:34.831639,Sales,Nogueira,51.83,IN_TRANSIT,MOTORCYCLE,91
0aa5a1a0-1b9a-4396-9d84-4f9a63b83609,2026-05-01T07:19:38.263375,Machado do Galho,Peixoto de Minas,97.86,IN_TRANSIT,AIRPLANE,119
d02c1231-b469-4313-81f2-fc4db84ef817,2026-05-01T01:39:55.398843,Peixoto dos Dourados,Ferreira,72.91,DELIVERED,TRUCK,25
ff692421-a1e3-44e6-88cf-5ee881d9d5a5,2026-05-01T00:14:52.879293,Dias de Rios,Pimenta do Sul,57.6,DELIVERED,TRUCK,34
7a784a79-6b93-4b31-a649-c820e20e554a,2026-05-01T06:00:29.699847,Nunes do Oeste,Correia,38.32,CANCELLED,AIRPLANE,117
bc274def-d8fd-40cb-a895-901a8c1613c9,2026-05-01T00:05:16.230217,da Rocha da Serra,Cavalcante,83.73,DELIVERED,TRUCK,80
210cb3ea-f495-4f60-b2cf-5adcb956b9fb,2026-05-01T06:15:02.214870,da Conceição de Cavalcante,Ferreira,8.3,IN_TRANSIT,VAN,70
ca99c616-60ec-4f56-add6-c103ab2b03f2,2026-05-01T01:35:09.415449,Casa Grande,Cavalcante das Flores,69.47,CANCELLED,VAN,55
398cb06f-94ee-4643-b13c-36d5a3556aed,2026-05-01T05:09:04.526096,Garcia das Flores,Ferreira,19.5,CANCELLED,MOTORCYCLE,54
d78389a7-a869-4c25-b8a8-a3215acfc240,2026-05-01T03:02:24.337258,Jesus,Cunha de da Conceição,19.36,CANCELLED,MOTORCYCLE,106
4c100e33-9975-498b-afac-d2ae1babedb1,2026-05-01T02:26:08.184090,Duarte de Andrade,Pereira de Casa Grande,8.78,DELAYED,TRUCK,68
857197bf-e302-4607-bd4c-616c823a52a4,2026-05-01T04:55:21.044514,Cavalcanti,Rios,92.14,IN_TRANSIT,MOTORCYCLE,90
fc9ffcd6-908f-439a-9452-d47cf7d1f392,2026-05-01T00:53:38.835624,Abreu de Marques,Dias das Pedras,92.27,DELAYED,TRUCK,113
e9d10872-8e46-46c3-a7be-1c999e4395f8,2026-05-01T05:36:14.145081,Cavalcante Paulista,Albuquerque,17.31,IN_TRANSIT,AIRPLANE,70
370d25fb-4a4f-4fb7-857d-cdbb18bd253e,2026-05-01T00:07:06.097964,Oliveira,Garcia do Sul,19.45,DELIVERED,AIRPLANE,40
146a25e9-b376-42d0-b7d8-e189b0c4a7b8,2026-05-01T09:37:31.116200,Albuquerque,Correia das Pedras,53.46,IN_TRANSIT,TRUCK,9
4f74bee2-f029-4b79-867e-1b523671bb31,2026-05-01T10:25:05.275734,Rodrigues,Viana de Goiás,84.26,DELAYED,VAN,102
da8500ce-8f42-43b5-b26d-927a34974ead,2026-05-01T08:03:54.382125,Macedo,Vasconcelos,35.88,IN_TRANSIT,VAN,111
22bff469-8068-4e95-9f6b-4f3d396353b3,2026-05-01T03:56:32.463497,Almeida,Albuquerque,83.44,CANCELLED,VAN,6
23d80ec6-b5bf-48a6-8f44-ec6cb76bb681,2026-05-01T06:25:00.311888,Costela,Caldeira,86.64,CANCELLED,VAN,97
e0493897-d9cb-4c36-9512-572cf7e28861,2026-05-01T05:56:13.255932,Fogaça da Prata,Martins,69.66,DELAYED,TRUCK,50
9d648094-24ef-487f-824c-d255387abc83,2026-05-01T06:27:37.838986,Farias,Correia Alegre,18.58,IN_TRANSIT,MOTORCYCLE,94
34c53b28-c2d7-4793-bad8-d123a835e49d,2026-05-01T08:06:16.496421,da Mota Alegre,Martins,28.57,IN_TRANSIT,AIRPLANE,55
27b2d150-9b69-482f-a535-6b6217f165e1,2026-05-01T10:13:50.392339,Pacheco,da Cunha de Barros,25.3,DELAYED,TRUCK,118
6905ccd2-c19a-422e-ad7b-544c3b988aec,2026-05-01T03:15:37.256443,Costa,Albuquerque do Amparo,99.64,DELIVERED,TRUCK,76
36d54f10-814f-4732-b55b-7d5c2d043e94,2026-05-01T09:09:40.927861,da Cunha da Prata,Monteiro,61.04,DELAYED,VAN,42
3b33a758-2555-4a82-8544-6a8ab7a60300,2026-05-01T12:13:00.843846,Rios de Carvalho,Guerra do Galho,73.44,CANCELLED,VAN,68
f86a2874-6fc4-419d-b1f9-8f4db0a2c02b,2026-05-01T00:45:39.770836,Azevedo da Mata,Cavalcante do Norte,76.33,DELIVERED,TRUCK,28
4de8b292-7149-46c2-a83a-0b204a51cdfc,2026-05-01T01:17:07.429532,Campos do Amparo,Novaes,48.41,CANCELLED,MOTORCYCLE,44
20870869-d4e4-4b76-a6a7-4fd53f633fe1,2026-05-01T03:20:20.419667,Cunha da Serra,Sampaio,18.41,DELIVERED,AIRPLANE,36
b150fcfd-cf73-44aa-ae23-6bd6ef609bf8,2026-05-01T00:50:10.479411,Abreu,Almeida,19.98,IN_TRANSIT,VAN,29
38c979a0-8dd5-43ca-81d1-0ffbccc9a387,2026-05-01T05:48:25.532222,da Cunha,Aparecida,53.8,DELAYED,TRUCK,104
8965cb25-08df-4478-9a5a-8e28d6ac4ffa,2026-05-01T06:39:15.291447,Sá Alegre,Santos dos Dourados,35.39,IN_TRANSIT,MOTORCYCLE,89
fce79bec-8ea5-4e1e-8ec4-72fc07ed6030,2026-05-01T06:25:36.993594,Campos,das Neves,76.77,DELAYED,VAN,17
11dbae90-1c79-4b6c-9288-12382ce20dea,2026-05-01T08:57:08.293630,da Mota,Costa da Prata,41.08,IN_TRANSIT,TRUCK,5
5e9a7691-391e-4729-aafb-aa7b4916f3f8,2026-05-01T08:13:08.634337,Rios,Rezende da Mata,2.22,DELIVERED,MOTORCYCLE,11
5ede0c22-b174-4fd7-b4f5-a63a66fdbad4,2026-05-01T05:15:13.006495,Castro de Caldeira,da Cunha das Flores,57.27,IN_TRANSIT,TRUCK,58
325ca2c1-a907-49fc-9848-c89e4985365b,2026-05-01T09:41:03.479475,Cirino,Melo de Sampaio,72.28,DELAYED,MOTORCYCLE,95
12e9f1b7-e46d-49db-85bc-5429cb6358e9,2026-05-01T12:12:24.974323,Garcia das Flores,Campos,19.21,DELIVERED,TRUCK,51
49f8415a-5f14-4c48-87fb-409d00fe525a,2026-05-01T05:46:16.067590,Sousa do Sul,Vieira,1.48,CANCELLED,AIRPLANE,13
1b224ae3-8951-4014-978d-cb2d523b8443,2026-05-01T00:22:42.572187,Silveira,Nascimento,54.68,DELAYED,MOTORCYCLE,54
453747db-3a1a-4ff0-afa9-49769a1431d8,2026-05-01T11:23:40.878937,Martins,Sousa de Souza,21.26,IN_TRANSIT,AIRPLANE,44
3c9dfab3-9e07-48bc-82b3-94896ee8ccd2,2026-05-01T04:12:59.854643,Sá Verde,Aparecida de Alves,49.62,DELIVERED,AIRPLANE,7
704510be-4145-4a14-974a-33be2059cd3b,2026-05-01T03:47:49.428894,Pereira Verde,Ribeiro,80.39,IN_TRANSIT,AIRPLANE,22
8e69b3b7-e1ea-4ab3-8148-15ac989449e3,2026-05-01T04:03:44.915874,Barros,Porto do Norte,30.17,DELIVERED,TRUCK,106
48867282-1a1b-4b8c-8b37-74760be83c70,2026-05-01T00:59:06.361159,Azevedo,Mendonça,47.56,DELIVERED,AIRPLANE,87
da88c920-f908-4d32-ad73-cd1294b7bc67,2026-05-01T11:35:46.236670,Novaes Verde,Viana,80.44,IN_TRANSIT,VAN,90
afd956ad-22ab-424d-875f-160965f120e1,2026-05-01T02:22:23.758515,Teixeira do Oeste,Melo da Serra,18.21,DELIVERED,MOTORCYCLE,76
66fb457a-1c58-4038-8053-600c1bac8384,2026-05-01T09:21:35.818501,Gonçalves,Santos Alegre,57.81,CANCELLED,TRUCK,46
b3a95788-3b2d-441f-a740-dee3d620e24f,2026-05-01T05:28:35.729587,Machado da Praia,Almeida,21.67,IN_TRANSIT,VAN,38
70855a23-1d70-41c9-84ad-901681f9b28e,2026-05-01T10:07:25.403863,Macedo dos Dourados,Sampaio dos Dourados,6.42,DELIVERED,TRUCK,76
5a14e358-8965-4c41-8e1e-93399539b8b3,2026-05-01T04:16:34.429445,Gomes,Andrade,94.77,IN_TRANSIT,MOTORCYCLE,41
09990d7e-6711-4014-96be-d4648048bda5,2026-05-01T04:03:13.955871,Jesus,Guerra de Montenegro,37.66,DELIVERED,AIRPLANE,115
b199b073-081b-4940-8603-ced5b0799cb4,2026-05-01T05:06:17.299776,Vieira do Amparo,Pacheco Verde,65.95,DELIVERED,VAN,94
ab983540-5556-4839-b8dc-56d3089977af,2026-05-01T00:00:06.135251,Sousa,Nascimento do Oeste,46.24,CANCELLED,AIRPLANE,59
0535903b-19fb-44e8-96c9-8182c1947327,2026-05-01T05:37:05.501750,Ramos,Novais de Fogaça,55.4,IN_TRANSIT,AIRPLANE,2
2bcbd6b3-2300-4929-bb2e-988da9524b88,2026-05-01T03:33:09.617331,Siqueira,Moura de Nogueira,71.3,IN_TRANSIT,AIRPLANE,68
34386b3e-25cc-437b-a8bd-5430ad4b13a6,2026-05-01T00:22:31.348241,da Mota,Moura,92.58,CANCELLED,AIRPLANE,7
a9bfcdcd-ad25-44d2-b191-fabc97745f20,2026-05-01T07:56:45.006573,Martins do Norte,da Luz das Pedras,61.1,IN_TRANSIT,TRUCK,62
fb94e6d1-4dae-495f-879f-976237987736,2026-05-01T08:54:00.405466,Câmara,Lopes,48.03,DELAYED,TRUCK,53
b35cbc50-55e0-4299-84a1-28f18d210575,2026-05-01T05:34:13.594250,Rocha,Costela de Minas,46.11,IN_TRANSIT,MOTORCYCLE,111
94af17ad-9e63-46c5-a3ea-d7df211f4e20,2026-05-01T06:28:24.669492,Alves,Lopes,6.56,IN_TRANSIT,MOTORCYCLE,48
5e2da590-b26c-445f-9a26-2766c087815d,2026-05-01T10:35:45.390210,Brito,Farias,21.69,CANCELLED,VAN,10
c573c51d-7ee4-488c-9336-934065bdc5d1,2026-05-01T10:12:42.139458,Garcia,Moraes,51.23,DELIVERED,MOTORCYCLE,53
74ae845b-7547-47ca-85bf-e9f6d0c17332,2026-05-01T09:43:32.916292,Pinto,Santos,71.6,CANCELLED,VAN,92
8b68718a-c62c-43ff-b371-c5823718917e,2026-05-01T02:49:51.427559,Moura de Mendonça,Rodrigues,90.05,DELIVERED,VAN,15
c04d4578-bb04-4789-bef6-19e5d3d8f434,2026-05-01T12:19:41.491979,Mendonça Alegre,Mendes da Prata,26.68,DELAYED,TRUCK,50
81936235-a6ff-441a-b761-21170a6ffa0d,2026-05-01T01:07:27.805519,Borges,da Cunha da Mata,32.1,DELAYED,AIRPLANE,111
c5fad065-107c-492b-8eda-48a4f3349fc8,2026-05-01T03:44:49.635037,Campos Grande,Cardoso de Macedo,51.52,IN_TRANSIT,TRUCK,5
7ae40dc4-9ff2-4d22-8227-0cbf43487337,2026-05-01T07:01:20.628150,Câmara,Pires,49.4,DELAYED,AIRPLANE,106
ab0ee5e5-f9db-4659-9881-699b261864a6,2026-05-01T09:50:07.608185,Cunha do Oeste,Pastor,6.23,IN_TRANSIT,AIRPLANE,18
986ecd77-8232-4e24-ab0a-c3b95e83103b,2026-05-01T08:22:54.900793,Borges de da Mata,Fonseca de Minas,23.23,IN_TRANSIT,AIRPLANE,46
f4d4dcae-c9e7-4794-a27f-0e74ef7d6f93,2026-05-01T00:47:10.751915,Marques,Farias da Prata,36.7,IN_TRANSIT,TRUCK,50
358ff771-f66c-4811-8aaf-a07fbe1bb7de,2026-05-01T00:24:46.232377,Rezende dos Dourados,Moura,68.26,IN_TRANSIT,MOTORCYCLE,15
e8300371-f094-432a-845b-59c19cffb165,2026-05-01T04:18:44.733772,Cavalcanti Paulista,Alves da Serra,69.41,CANCELLED,AIRPLANE,79
9f722a15-fd1b-4fb7-ace5-11c0ec534bab,2026-05-01T07:14:39.000719,Araújo das Flores,das Neves das Pedras,10.63,CANCELLED,AIRPLANE,31
86240dc0-325c-416b-9b8e-7b07e5fe7798,2026-05-01T10:58:11.564008,Fernandes,Barros,57.14,CANCELLED,VAN,32
dc24da97-1b03-4cab-8aea-567a29241721,2026-05-01T02:22:09.777160,Silveira de Ferreira,Fogaça,96.63,DELAYED,VAN,114
06fdcc0f-a8f4-4b69-a556-ad08eaa49489,2026-05-01T04:45:04.421970,Albuquerque Verde,Castro,96.1,DELAYED,MOTORCYCLE,106
ccf051f3-d65f-4ac2-b4f6-3478403f4e0e,2026-05-01T00:50:34.717291,Ribeiro do Galho,Azevedo,73.28,DELIVERED,AIRPLANE,69
83524de7-a5d4-4488-871c-56fb5a9c46b6,2026-05-01T03:32:17.983917,Pimenta,Casa Grande,16.42,CANCELLED,TRUCK,46
e3647be5-ce64-438d-ba9b-50db165fcc23,2026-05-01T09:24:56.105720,da Costa,Rezende de Pastor,59.62,IN_TRANSIT,AIRPLANE,81
f3cb3c9c-a7d2-4677-bcb4-5cd9aa21d725,2026-05-01T08:58:54.540387,Rezende,da Mata,11.24,CANCELLED,VAN,101
93cc10fa-4300-44b6-99be-ef0ee37ea955,2026-05-01T05:53:50.060111,Alves,Fernandes do Norte,77.03,CANCELLED,VAN,64
b84cb7ac-6415-43ec-9fca-a9cffd0a3629,2026-05-01T11:51:02.628377,Sales de Silveira,Pacheco,37.3,IN_TRANSIT,TRUCK,56
a00b1e2a-7ed4-4afd-b067-cf9b1b6c09c6,2026-05-01T00:28:03.813843,Rocha das Pedras,Gomes das Flores,31.61,DELAYED,MOTORCYCLE,30
eeb61f21-e9d6-441b-a84a-f832eb5f3fd8,2026-05-01T09:20:11.088928,Pinto,Rocha,1.57,CANCELLED,VAN,92
d0573e04-90cf-4eba-a3c3-b69e84257692,2026-05-01T02:57:10.672769,Dias de Goiás,Farias,61.51,DELAYED,VAN,74
58168a6b-b617-49c5-b81e-dbb515ba6673,2026-05-01T02:28:18.242723,Ramos,Ribeiro do Norte,88.55,IN_TRANSIT,VAN,105
ce9e6820-878a-4f1d-b6a5-d0850d70e7f2,2026-05-01T12:00:13.016709,Barbosa,Alves,86.37,IN_TRANSIT,MOTORCYCLE,25
3dbfd240-8397-48d7-9f79-6ae49c4fb37a,2026-05-01T09:42:12.626210,Melo Alegre,Alves,89.69,IN_TRANSIT,MOTORCYCLE,85
92db3292-abeb-44e6-941e-0c4260d47846,2026-05-01T06:27:44.015668,Melo Verde,Ramos,95.29,IN_TRANSIT,AIRPLANE,56
7bd2a11d-548c-4b1c-bb69-93f6c39aae51,2026-05-01T02:53:09.582583,Novais do Amparo,Porto de Carvalho,78.97,DELAYED,VAN,10
5afa7b5a-175e-4fba-bc7d-bf70d9f88469,2026-05-01T03:20:33.341717,Martins,Cavalcante da Mata,30.18,DELIVERED,AIRPLANE,94
2e636bd9-c4d4-4981-8011-49ed5f6c1aa9,2026-05-01T00:36:41.205140,Cassiano da Mata,Pimenta,14.46,IN_TRANSIT,VAN,89
ef0d1221-74c6-4e89-bac7-0be081393784,2026-05-01T00:44:32.249965,Pires da Mata,Sousa,9.7,CANCELLED,AIRPLANE,68
a099ebba-68dd-4fc2-9583-dac87dbd776a,2026-05-01T02:54:56.835294,Fogaça do Sul,Farias,55.91,CANCELLED,VAN,7
6816a782-5f1a-4025-b5c4-5f436fe0214b,2026-05-01T08:10:16.243156,Borges do Campo,da Luz Paulista,36.73,DELIVERED,TRUCK,7
5d8f2704-84df-4265-9a74-f65816b2b0ca,2026-05-01T00:15:32.177942,Abreu,Pacheco de Campos,27.94,CANCELLED,MOTORCYCLE,109
cccf8677-55c1-4fc9-b159-e41669f6757f,2026-05-01T08:59:08.229691,Farias de das Neves,Macedo,24.8,DELAYED,VAN,55
65ca6d9d-9776-4a62-88a7-bb94cab510ca,2026-05-01T09:34:10.964029,Silveira,Pinto da Praia,31.29,IN_TRANSIT,TRUCK,114
381319cd-938f-4d91-968d-fff5b1151817,2026-05-01T04:12:54.890191,Costela,Porto,93.38,DELIVERED,AIRPLANE,20
0925e6a1-8040-4c58-90b3-fcb615b2d0c2,2026-05-01T12:10:35.647923,Rezende,Rodrigues da Praia,25.59,IN_TRANSIT,TRUCK,51
605fd91e-cc06-4f73-a40f-506bed5d0cb3,2026-05-01T10:21:01.752517,Costela,Castro do Amparo,6.49,IN_TRANSIT,MOTORCYCLE,86
2c6b73c4-7289-4f75-b217-72c84c2bdfa1,2026-05-01T06:26:37.915438,Santos,Câmara,75.49,DELAYED,AIRPLANE,28
0a477653-5a59-425c-8b71-aead56c03537,2026-05-01T07:59:21.294153,Cavalcante,Sampaio,29.31,CANCELLED,TRUCK,111
97040c7b-af7d-46ca-9a1d-b329b348a51e,2026-05-01T09:23:05.585212,Lopes das Flores,Borges Verde,65.12,DELIVERED,MOTORCYCLE,65
ee438238-d7e9-46d3-9ee2-1ff4cd526e35,2026-05-01T02:46:07.215864,Siqueira,Cavalcanti de Brito,61.63,CANCELLED,TRUCK,18
f079649a-2953-4ec2-b579-54456a6abc29,2026-05-01T12:18:18.507068,Pastor de Mendonça,Pereira,24.61,CANCELLED,TRUCK,32
13e69d04-26f3-4396-9b76-56709932f1b3,2026-05-01T09:13:52.153521,Barros Verde,da Cruz de Andrade,79.93,IN_TRANSIT,VAN,19
c566ec1c-7678-49f8-8fcc-c29b35db8d5b,2026-05-01T01:58:16.008634,Nunes,da Rocha de Souza,30.4,DELAYED,MOTORCYCLE,24
3acd8c7c-49d9-497b-8828-45b7f80d534d,2026-05-01T09:11:14.193962,Aparecida,Silveira Verde,78.83,DELIVERED,AIRPLANE,96
e13d3785-9278-47b2-b31f-49066201383f,2026-05-01T05:19:55.364672,Borges da Serra,da Rocha,84.79,IN_TRANSIT,AIRPLANE,63
667ffcad-7663-41c2-a5f3-1dcd7ad61911,2026-05-01T03:14:41.426676,Macedo,Farias Grande,87.23,DELAYED,TRUCK,86
579adf6b-8b68-4b0c-9f08-6de980738628,2026-05-01T08:52:36.120040,Vasconcelos,Cavalcanti de Moura,98.32,IN_TRANSIT,MOTORCYCLE,78
fdb36cc6-e8e2-4fc6-b910-4ae2e1c68375,2026-05-01T02:23:39.460068,Novais da Mata,Ramos de Minas,66.59,CANCELLED,MOTORCYCLE,0
7973f7c9-6358-48bd-9113-4abed05f7f17,2026-05-01T03:35:06.552741,Carvalho Paulista,Rocha do Norte,11.92,CANCELLED,AIRPLANE,118
94fabce8-65b3-4775-90bc-4419c17f08ef,2026-05-01T01:16:58.022506,da Rocha de Abreu,Mendes,92.58,CANCELLED,TRUCK,19
394c8753-04c4-42d9-bd1d-8597e9bb0996,2026-05-01T10:10:48.886271,Borges Grande,Sousa,87.25,DELIVERED,TRUCK,24
bce5a512-f48a-4775-b5a7-d3cd03716b55,2026-05-01T04:24:55.624132,da Luz Grande,da Cunha do Amparo,28.77,CANCELLED,MOTORCYCLE,42
fb38a1bd-82ae-46ff-89a0-22708932ead3,2026-05-01T10:44:40.673688,Fogaça das Pedras,Ferreira da Praia,77.84,DELIVERED,MOTORCYCLE,16
638a23e0-0b67-4ad1-8b3d-79bcdaf05e3a,2026-05-01T05:43:38.943608,Melo da Mata,Silveira do Galho,24.42,IN_TRANSIT,TRUCK,49
a00224dc-cc31-445d-a5f1-282f21a755a1,2026-05-01T09:21:09.073151,Abreu de Correia,Cassiano de Cunha,13.25,DELIVERED,MOTORCYCLE,46
71173220-3eeb-4bc0-ac24-3289adb5d44d,2026-05-01T11:21:11.286311,Pastor,Barros de Minas,72.98,IN_TRANSIT,VAN,3
a1992dca-762f-4b4c-923e-c3e37557b636,2026-05-01T06:19:30.386419,Silveira,da Conceição de Nascimento,76.27,CANCELLED,AIRPLANE,53
651f215d-fc82-49d7-b15e-b017f9ba1370,2026-05-01T02:58:49.874786,Gomes,Pimenta da Mata,74.91,DELAYED,MOTORCYCLE,10
47b2c939-3d99-41ff-b2a3-a0b87edbced3,2026-05-01T03:39:18.457477,da Mota do Norte,Pimenta,37.57,IN_TRANSIT,TRUCK,49
21161a21-efa3-450b-95d6-67dd6668561b,2026-05-01T06:01:07.291389,Almeida do Norte,Leão de da Paz,83.25,IN_TRANSIT,VAN,36
53fa2e1a-909e-4f9d-8b06-b238920496d3,2026-05-01T03:14:08.751171,Aragão dos Dourados,Nogueira,59.91,DELIVERED,AIRPLANE,82
0ab316fd-bb74-499a-9c59-017f482fd7b2,2026-05-01T02:06:13.630743,Marques do Oeste,da Paz,31.57,DELIVERED,VAN,18
d4ed21c7-6fb7-4f3b-b9e3-60ab436d1189,2026-05-01T06:49:49.194075,Souza,Fonseca do Amparo,45.64,CANCELLED,AIRPLANE,59
355c5b28-08b2-43a5-8a04-a412d79873ad,2026-05-01T05:20:25.149881,Leão do Campo,Pastor,15.04,DELAYED,AIRPLANE,30
7107a257-a17e-4a65-9004-3c2156d536cd,2026-05-01T10:03:47.030213,Campos Alegre,Siqueira,39.3,CANCELLED,TRUCK,110
e4eee37b-10c1-40e5-860d-29a795d818c2,2026-05-01T07:27:41.396772,Silva da Praia,Câmara da Mata,51.88,DELAYED,AIRPLANE,23
a3c39c47-fc37-41c7-869e-c7065f3cba64,2026-05-01T04:49:37.789292,Andrade das Flores,Camargo,90.12,IN_TRANSIT,TRUCK,12
4bc1fcc6-2ee1-4cc2-823c-79d7c7e998a6,2026-05-01T11:28:53.386989,Lopes,Rezende de da Paz,0.91,DELAYED,VAN,23
36cc6323-ef02-453c-ad0a-38c95dd72f6f,2026-05-01T01:17:14.303544,Macedo Grande,da Mota da Prata,8.09,DELAYED,TRUCK,11
f733b38d-42ba-42c4-ad2d-f11904015c40,2026-05-01T10:57:04.961692,Cavalcante,Nascimento,34.81,IN_TRANSIT,AIRPLANE,112
649daaaa-7b26-46ee-8552-5b3a8382ccc5,2026-05-01T10:39:13.317575,Melo,Vargas,6.6,CANCELLED,AIRPLANE,97
5fa85ca3-796f-4a26-b818-b545f3c319e4,2026-05-01T01:50:28.970364,Porto,Ramos do Norte,83.29,DELAYED,MOTORCYCLE,35
a84287e2-0afa-4a7f-a289-1f800ed04f79,2026-05-01T05:30:53.848900,da Conceição,Costa de da Rocha,66.49,DELIVERED,AIRPLANE,5
ebc29355-fd4b-47d1-8ba2-e381ae166383,2026-05-01T08:51:00.608872,da Costa,Vargas das Pedras,21.49,CANCELLED,MOTORCYCLE,9
aedfda13-5695-43ab-9b32-07c7061597fa,2026-05-01T01:52:52.364658,Garcia,da Costa,2.84,DELAYED,VAN,90
989438fd-60d0-4608-8ca8-e2d2350ce04b,2026-05-01T02:05:53.855068,Machado,Nogueira,92.98,CANCELLED,TRUCK,109
4aa9c803-0843-4e2c-96e7-28eb64409b14,2026-05-01T11:33:21.801014,Mendonça do Sul,Cavalcanti da Prata,67.05,DELAYED,TRUCK,113
3bc0eb8b-ecb2-4c29-8dd1-e37843066fd2,2026-05-01T09:02:36.295167,Rodrigues,Camargo,58.92,DELIVERED,VAN,59
7cad13d6-f6bd-4ecc-9e80-d5ad93f03592,2026-05-01T03:20:57.303806,Pastor,Guerra de Pacheco,12.67,DELIVERED,VAN,45
e4efd233-4cc4-40f3-b2da-170c24f62112,2026-05-01T05:22:59.916850,Rezende,Dias,89.95,CANCELLED,VAN,22
c79a2672-d2fc-4781-9134-c44b278a33fd,2026-05-01T00:36:27.114888,Casa Grande de Silva,Jesus,43.13,IN_TRANSIT,AIRPLANE,103
772f71e6-80a1-4c23-8729-b63e07443857,2026-05-01T03:54:44.390392,Fogaça da Praia,Nogueira de Gomes,15.92,IN_TRANSIT,MOTORCYCLE,44
15e05bab-01e6-48f1-9f50-4c3e552b44f4,2026-05-01T08:06:28.000703,Aragão,Lopes do Galho,54.73,IN_TRANSIT,TRUCK,26
58f727fa-eed6-450f-8da8-45c0aa7788a2,2026-05-01T04:42:25.800512,da Cruz,Lima,63.92,DELAYED,MOTORCYCLE,31
08aa9e3a-5560-4462-8e1b-919b170abf5c,2026-05-01T03:31:24.300966,Oliveira dos Dourados,Silveira de Barros,90.76,DELIVERED,MOTORCYCLE,83
8bcdb742-1d68-44ab-8223-e61ddc1b2b79,2026-05-01T00:33:33.094342,Lopes da Serra,Rocha,18.19,IN_TRANSIT,AIRPLANE,82
32edd8c9-5ed9-459d-8930-7ee43130298c,2026-05-01T10:49:31.443024,da Cruz das Pedras,Alves,36.53,CANCELLED,AIRPLANE,2
187d1d4a-a3b4-47ed-9f0e-bfbdb7f02b03,2026-05-01T07:27:35.324269,Melo,Fernandes,93.33,CANCELLED,MOTORCYCLE,13
5c4b6c70-b9bc-456d-a5af-e0cb0027f1ed,2026-05-01T08:47:38.730148,Câmara da Prata,da Paz da Prata,14.22,IN_TRANSIT,TRUCK,65
d53ffe26-3a83-4c36-ae3c-c91ba7cb49d7,2026-05-01T10:39:39.145759,Dias,Cavalcanti,37.66,DELIVERED,TRUCK,36
8eb8fe95-ad83-41f2-bfd6-e53d67c44d2a,2026-05-01T06:42:54.561519,Pimenta,Leão,1.85,DELIVERED,TRUCK,75
efbeff96-49e1-4453-bda6-a6daf4956a18,2026-05-01T12:20:16.709645,Melo,Barbosa,93.23,CANCELLED,TRUCK,114
3c2f7dd4-ac74-457a-a26e-b12e4e74d6a2,2026-05-01T08:12:55.736371,da Mota,Caldeira das Flores,6.05,IN_TRANSIT,VAN,118
f4c15e94-e78c-4dc4-a02b-8cdc7f3da7a2,2026-05-01T02:40:45.815914,Nogueira,Fernandes do Amparo,13.19,CANCELLED,MOTORCYCLE,69
8f2b688b-6b47-4a57-b9bf-b0790050e689,2026-05-01T08:26:04.808129,Farias,Marques,74.94,CANCELLED,VAN,92
47d7cd6a-3f6f-4a16-a910-2dcdc16ca06f,2026-05-01T03:11:26.256638,Monteiro,Borges do Amparo,23.36,DELAYED,TRUCK,58
679ef018-9096-47ef-9a78-b56dcfe4952a,2026-05-01T08:31:20.487456,Nogueira de Minas,Cassiano da Praia,65.81,DELIVERED,MOTORCYCLE,65
05a702f3-4d48-42d4-9f89-ad51bb42852c,2026-05-01T02:08:19.942836,Freitas,Pastor das Pedras,88.78,IN_TRANSIT,VAN,66
f95aa4cc-c242-4b8d-ba3a-e1d9952e287b,2026-05-01T04:14:15.829223,Novais,Rios,54.49,DELIVERED,MOTORCYCLE,34
acd418b1-1bba-4e37-9e88-825a8e85939f,2026-05-01T00:32:01.854575,Moreira da Prata,da Mota,40.23,DELAYED,VAN,28
df7269bf-f9ed-4559-b13f-d96239c9a000,2026-05-01T10:10:51.913966,da Paz,Pinto de Minas,41.81,DELIVERED,MOTORCYCLE,33
ccf8599b-18dd-4dae-aab6-c017525f1a7b,2026-05-01T04:14:07.250678,Siqueira,Borges,72.48,CANCELLED,VAN,51
f0db7f61-0762-4b47-a481-40b04bb84ba2,2026-05-01T03:08:11.176798,Mendes,Jesus,65.61,DELIVERED,AIRPLANE,48
7c351003-9426-4869-b60b-c905387a3c9a,2026-05-01T09:16:11.341507,Pires de Viana,Costa,32.93,DELAYED,MOTORCYCLE,84
133e9405-b174-4ea9-b3e9-b90f35300ab3,2026-05-01T08:22:14.372891,Cirino,Teixeira de Minas,19.16,DELAYED,MOTORCYCLE,111
d7f3159a-5efc-40da-ac41-d2cefa41b7d4,2026-05-01T12:22:04.490159,Cavalcanti,Pacheco,95.96,IN_TRANSIT,AIRPLANE,18
6c4bd26a-a952-406e-a50c-41f9d94a2990,2026-05-01T06:27:49.357060,Câmara da Prata,Gonçalves,60.96,IN_TRANSIT,AIRPLANE,31
3faca33b-97f7-4a9b-93d0-0a5f1d7febcf,2026-05-01T00:36:35.689774,Caldeira,da Paz da Praia,96.33,DELIVERED,TRUCK,67
68f53a99-f669-4d50-bd10-05a5652ba8a9,2026-05-01T04:14:20.778075,Costa Grande,Andrade,62.75,IN_TRANSIT,AIRPLANE,28
5d11353c-da0a-44f0-b2b5-ab34184f2098,2026-05-01T11:44:21.584693,Gonçalves,Fonseca dos Dourados,72.76,CANCELLED,MOTORCYCLE,69
3a4ad9e1-102d-47ee-a027-6f325136101e,2026-05-01T06:59:18.788061,Sá do Oeste,Caldeira das Pedras,31.21,CANCELLED,MOTORCYCLE,62
1340016a-1a62-4151-b0dd-808b0d4b0c2d,2026-05-01T06:46:18.710637,Cirino,Costela das Flores,80.45,DELAYED,TRUCK,89
1e46bc0e-390c-4aa4-8b32-3120affa87af,2026-05-01T08:45:43.609076,Aparecida da Mata,Campos,79.58,DELIVERED,VAN,105
2e4f4074-af95-4825-a1b6-005e36fa80ce,2026-05-01T10:04:28.318925,Alves,Cavalcanti de Albuquerque,41.86,IN_TRANSIT,AIRPLANE,20
e91b6c12-49dd-4789-96a6-1583b54757f2,2026-05-01T08:54:51.819602,Moura Alegre,Machado Alegre,1.68,IN_TRANSIT,MOTORCYCLE,87
2ad6dbe0-140f-41a1-8b10-1a1dd47b6341,2026-05-01T11:01:46.982181,Cirino,Casa Grande,0.09,DELAYED,TRUCK,41
6045e825-fff7-4aad-adcf-25acb1375e09,2026-05-01T08:02:15.184634,Costela da Serra,Cardoso Paulista,41.3,DELIVERED,AIRPLANE,5
920bb9b7-fdc5-460e-ac2b-d0ae63be0bb2,2026-05-01T07:31:55.253473,Campos,Melo do Norte,37.05,CANCELLED,TRUCK,80
da6c7efc-e0d1-4c0d-9a40-85cef4a147ec,2026-05-01T02:16:18.093372,Freitas da Praia,Rios de Nunes,84.1,DELIVERED,TRUCK,16
d4749590-8c88-4e11-a478-d3af78808f05,2026-05-01T09:30:15.864473,Cunha,Camargo do Campo,52.53,IN_TRANSIT,MOTORCYCLE,22
8c9bf00b-b32e-48ac-bd58-2fba7b52ec10,2026-05-01T10:01:22.927432,Macedo das Pedras,Martins,92.37,IN_TRANSIT,MOTORCYCLE,0
0f9d8183-2eb9-4519-9a64-a4a4ac421613,2026-05-01T04:41:43.032739,Novais,Silva,41.8,DELAYED,MOTORCYCLE,91
0afb8b90-f510-4004-a198-3e4b78ff65e5,2026-05-01T02:29:26.298905,Cavalcanti,da Cunha do Galho,6.16,IN_TRANSIT,MOTORCYCLE,104
4c5f147f-c5f6-4378-ba53-352c273a374c,2026-05-01T07:18:11.412404,Gonçalves,Fonseca de Pires,37.15,IN_TRANSIT,MOTORCYCLE,92
57b8c99e-50e2-42f5-a8b9-83d733c67f93,2026-05-01T03:33:18.905596,Oliveira,Garcia das Flores,96.22,DELAYED,VAN,12
7abf039a-b07e-42fa-8c03-571d96c4e5f2,2026-05-01T02:52:33.221583,Câmara,Macedo,68.31,DELAYED,VAN,111
bf0c8d75-83f5-4db2-9ce5-f70f4fee8c8e,2026-05-01T09:53:11.111665,Ribeiro,Porto de Sá,35.83,DELAYED,AIRPLANE,30
8f360b5a-3279-4886-8610-1ca4f3ee80c4,2026-05-01T00:07:24.695858,da Cunha de Nunes,da Cruz,10.28,CANCELLED,VAN,88
2e840517-d9f6-44f0-95f6-3b2340c6c447,2026-05-01T05:38:49.473739,Abreu do Sul,Pastor de Goiás,88.54,IN_TRANSIT,VAN,92
0ce2d48e-14ae-456b-a3b9-1e32b7b82d93,2026-05-01T03:12:32.003023,Ferreira do Amparo,da Luz do Norte,25.56,DELIVERED,TRUCK,52
8ec88f8b-73d4-4f2c-a550-fc3334c50979,2026-05-01T11:40:14.746638,Montenegro do Norte,Cardoso,60.5,DELIVERED,TRUCK,58
3a774753-83db-4237-a647-738076b1d377,2026-05-01T03:56:30.343939,das Neves de Minas,Moreira do Galho,10.33,DELIVERED,MOTORCYCLE,69
19f6afb2-865b-4c19-b564-61e75d8ebb2d,2026-05-01T02:36:21.918674,Rodrigues de Martins,da Rocha,85.43,CANCELLED,AIRPLANE,33
f396f1c8-bff2-4881-8055-f00977e24220,2026-05-01T10:51:35.353275,Cavalcanti de Azevedo,da Cruz de Fernandes,96.7,IN_TRANSIT,AIRPLANE,56
6e451664-ff73-469a-a465-5cfc32f1e555,2026-05-01T07:55:39.997470,Oliveira,Correia de Goiás,0.59,IN_TRANSIT,MOTORCYCLE,100
3350bfc7-d887-4ad9-a8a8-c50397e8dff6,2026-05-01T01:29:58.342192,Duarte,Fonseca,34.92,DELIVERED,AIRPLANE,85
541968ec-0d42-4a2e-98dd-c28474fbcf73,2026-05-01T12:02:23.173125,Moura Grande,Farias,13.16,DELAYED,VAN,29
3d2b650d-ca72-4b78-82d0-8e6e31d4686d,2026-05-01T02:58:06.189304,Sampaio do Campo,Santos,78.89,IN_TRANSIT,TRUCK,90
7dce8130-9c13-4ca9-9774-3481897bec75,2026-05-01T05:39:35.893413,Borges da Mata,Andrade,38.36,DELIVERED,MOTORCYCLE,102
5745e3ee-4393-404f-abda-9bcc65a68d28,2026-05-01T03:22:13.994316,Jesus de Jesus,Azevedo de Carvalho,65.9,DELAYED,TRUCK,23
4e293499-8931-46bd-ae3d-6373ac6c714c,2026-05-01T08:42:20.140990,Aragão,Rezende de Dias,41.13,IN_TRANSIT,AIRPLANE,88
ee0d76e9-3941-4a60-b1f9-8fa025e0860b,2026-05-01T05:36:59.295253,Silveira das Pedras,Fonseca de Martins,43.92,DELAYED,TRUCK,107
bca943a1-eb4f-4db2-8af6-ab109408ca51,2026-05-01T02:52:56.302572,da Costa,Moura de Goiás,71.53,IN_TRANSIT,AIRPLANE,16
b85e3c26-0f3d-421f-a492-653439249224,2026-05-01T06:32:05.274893,Lopes,Dias do Sul,40.36,IN_TRANSIT,VAN,9
e5854ec1-11e9-43c4-9d3c-755fbd2e7f92,2026-05-01T02:07:34.758250,Peixoto,Araújo de Ramos,20.97,DELIVERED,MOTORCYCLE,21
986f54ae-c712-49db-ad75-b5524b61f6ef,2026-05-01T01:39:14.099299,Lima,Pinto da Serra,41.77,DELIVERED,AIRPLANE,87
e98b2c12-2875-43b8-85a5-be245b09918d,2026-05-01T08:38:22.712312,Cunha,da Cruz,18.17,DELAYED,AIRPLANE,78
739e7cd5-3905-41ef-8ca5-1c5056e7db7e,2026-05-01T02:27:55.638302,Silva,Peixoto,66.02,CANCELLED,MOTORCYCLE,13
6038bb8f-de78-4469-9eef-1e406d19a1bb,2026-05-01T02:48:38.698575,Marques da Praia,Freitas de da Rosa,81.57,DELAYED,AIRPLANE,30
b99085d3-cfd8-46e5-b479-996cffcd5e13,2026-05-01T07:07:36.716158,Garcia do Norte,Montenegro,8.69,DELAYED,TRUCK,112
619ea0d6-b297-4378-9004-7b11f959a408,2026-05-01T06:20:57.512684,Pereira do Campo,Siqueira,25.96,CANCELLED,TRUCK,58
5a2afb3e-1cc7-4334-a447-1296edacc388,2026-05-01T11:38:40.841708,Rocha da Prata,Aparecida do Oeste,52.1,DELAYED,TRUCK,105
f4ea9efe-bae2-421e-a353-7b1d779f3d23,2026-05-01T08:57:13.753308,Mendes,Oliveira,94.93,CANCELLED,TRUCK,21
03aefc83-9eb6-4aab-809e-5de9575a4604,2026-05-01T05:58:35.186372,Macedo,Cavalcanti do Campo,34.27,IN_TRANSIT,TRUCK,84
05f994a8-32be-406d-b159-174a365a7e99,2026-05-01T00:31:30.057794,Nascimento de da Rosa,da Costa,58.09,IN_TRANSIT,AIRPLANE,109
ce5162e9-069a-46f8-bdd1-4f3ccdca331a,2026-05-01T08:34:10.723505,Caldeira de Minas,Cassiano,72.99,DELAYED,MOTORCYCLE,45
00d08360-f5d4-4779-900f-3f4b2b15c73b,2026-05-01T04:17:31.132824,Souza da Serra,da Mota,41.33,CANCELLED,MOTORCYCLE,61
1dfbab8d-b300-4147-ae90-548422cc8757,2026-05-01T07:04:01.117540,Pacheco de Minas,Rezende da Praia,8.22,DELIVERED,VAN,114
0772a2fd-ce8d-4fb6-888b-b324b22efca6,2026-05-01T11:37:33.272994,Vasconcelos das Pedras,Cavalcante,87.99,DELIVERED,TRUCK,107
3f5c2801-264e-43cb-942a-01db33900ab6,2026-05-01T05:53:43.989772,Farias dos Dourados,da Cunha de Costa,35.56,CANCELLED,MOTORCYCLE,118
cc54a51c-e2bb-4f73-9ab5-510fd6e8a6e7,2026-05-01T04:28:42.954435,Ribeiro das Pedras,da Mota de Sousa,70.16,DELAYED,AIRPLANE,119
a1352780-b510-42df-9cd4-5290391e664e,2026-05-01T09:10:43.325298,Fonseca,Guerra Grande,9.88,IN_TRANSIT,TRUCK,5
9ee621fb-aaf2-4cb0-912b-1fb32cf9aedb,2026-05-01T10:42:41.861350,Gonçalves do Oeste,Costela de Minas,67.51,DELIVERED,TRUCK,76
1990c0a2-9f6b-4048-a57d-63bd6a826a76,2026-05-01T02:38:28.244809,da Luz,Sousa,97.1,CANCELLED,TRUCK,48
36406538-70d2-4a7e-92b8-6497f0fc9910,2026-05-01T01:44:42.436243,Teixeira,Dias,23.76,CANCELLED,MOTORCYCLE,98
5317e76e-22de-473e-9dfd-6e59b07b2865,2026-05-01T03:47:54.472593,Borges dos Dourados,Rezende de Gonçalves,7.49,CANCELLED,VAN,109
c229380c-5d56-4d3d-a593-0a488bb1c8ff,2026-05-01T05:25:44.315327,Azevedo do Galho,Cavalcante,29.86,IN_TRANSIT,VAN,17
e3338ea3-27c7-400a-a75a-b301996126a1,2026-05-01T03:01:59.352179,Barbosa,Porto,33.03,IN_TRANSIT,VAN,43
b6a42129-5615-45d7-b5da-6272402ee984,2026-05-01T08:05:12.112616,Moreira da Serra,Carvalho,93.23,DELIVERED,VAN,33
c1853182-4ea4-4747-8175-7c921e1b5508,2026-05-01T07:07:34.001706,da Rocha do Oeste,Novais,51.92,DELAYED,TRUCK,35
166e790b-8c5e-4c32-a4c2-7ac040f4abc6,2026-05-01T10:29:20.855417,Santos de Goiás,Moreira Grande,6.79,DELAYED,AIRPLANE,35
513c59a7-431f-4177-9d28-6775108abae6,2026-05-01T00:08:50.376005,Vargas dos Dourados,Vargas de Cardoso,80.26,IN_TRANSIT,VAN,30
e2d2de13-2093-4584-97b4-c1d6d126c579,2026-05-01T04:02:41.114895,Peixoto Grande,Caldeira do Amparo,36.65,DELAYED,MOTORCYCLE,119
56f6a3ea-81d4-4a91-9a38-c430b2e9c0bf,2026-05-01T11:11:13.338104,Pereira do Campo,Caldeira de Cunha,73.32,DELIVERED,VAN,93
6444f100-d33f-4c59-bb33-4ea246a05e9c,2026-05-01T04:33:32.569154,Cunha,Martins,49.7,DELIVERED,MOTORCYCLE,51
d67cfd3b-2bcd-4c45-8c5a-e0cb0ce27c84,2026-05-01T06:36:47.941729,da Rocha das Flores,Moraes,18.8,DELIVERED,AIRPLANE,97
13075f85-0050-4959-818c-95773afbd73d,2026-05-01T11:04:44.002519,Martins,Almeida,68.67,DELIVERED,TRUCK,60
01d30e02-5154-41ac-af4a-8564c096ce05,2026-05-01T02:48:21.228967,da Rocha,Moraes do Campo,30.01,DELIVERED,VAN,2
9bfc9360-e901-4b4b-9ba8-f20e994e5668,2026-05-01T05:17:30.472391,Borges do Campo,Aparecida,13.47,DELAYED,TRUCK,115
5467c136-fe29-443b-a262-2421e1a98efe,2026-05-01T08:09:40.591723,Vasconcelos,Silveira,19.91,DELIVERED,TRUCK,19
a3fada82-168f-4c57-820e-36e1beb7d9da,2026-05-01T06:50:29.260828,Porto,Cirino,2.82,IN_TRANSIT,TRUCK,31
a51933ab-d42a-42a7-99c1-6ae937babbcd,2026-05-01T06:49:31.313138,Sales,Rios,13.65,DELIVERED,TRUCK,31
e1586e7b-c518-40f8-89a4-b554df00af97,2026-05-01T05:18:00.221804,Cavalcante da Mata,Ferreira,90.31,DELAYED,TRUCK,60
cf7781cf-9913-421a-9cfb-c75fa571471c,2026-05-01T00:41:31.038512,Nogueira,das Neves,36.26,DELIVERED,TRUCK,75
8a0520bf-4e04-4d80-9ae2-e0ccb06e9b97,2026-05-01T09:27:00.308442,Souza do Galho,da Mota,32.69,DELIVERED,VAN,16
383ac1e8-aa88-419a-aea8-dfd19293e2ac,2026-05-01T08:12:13.684777,Teixeira do Galho,Costa,26.02,DELAYED,TRUCK,70
b13d845d-e7bb-4f06-ae77-6ef797e5cc8c,2026-05-01T09:45:19.079443,da Rocha do Norte,Costa do Amparo,99.03,CANCELLED,VAN,8
83d0226b-58e3-4607-91e0-779407b822ea,2026-05-01T00:45:47.847139,Farias,Sales,59.64,IN_TRANSIT,MOTORCYCLE,59
9648540a-efa5-41f9-bd1b-8375da3fc67f,2026-05-01T09:21:39.158638,Cavalcanti de Minas,Pastor,3.16,DELAYED,TRUCK,8
af10c605-5db9-4817-a073-4d1e9a55dec1,2026-05-01T10:52:28.855443,Castro,Silveira do Norte,93.93,IN_TRANSIT,MOTORCYCLE,77
0eb155fb-0a9e-40f8-93b0-17e106a87f19,2026-05-01T03:06:23.068959,Brito de Minas,Novais do Norte,83.15,DELIVERED,VAN,29
a9b0a8ae-db6a-4650-8004-5928b06cf78b,2026-05-01T05:33:17.507440,Souza,Garcia da Mata,66.01,DELAYED,AIRPLANE,9
034d5313-fd04-4dcc-91d4-fda375af9a67,2026-05-01T08:51:12.614220,Ramos de Pastor,Borges de Araújo,34.3,DELIVERED,AIRPLANE,98
4f266e87-d0be-444c-a5c6-2eef55bd9e83,2026-05-01T07:20:50.940674,Rocha do Oeste,das Neves,41.38,CANCELLED,AIRPLANE,104
87a21e4b-1afa-4297-b9cf-5bc865e87a5d,2026-05-01T06:21:18.933751,Duarte,Freitas Alegre,56.95,DELAYED,AIRPLANE,76
1c7dd995-735e-4d26-a259-726d5df0f171,2026-05-01T06:25:29.186571,Barbosa,Dias do Oeste,48.26,CANCELLED,AIRPLANE,8
3d0d118c-5f9f-4aab-9557-0cfb8240582a,2026-05-01T09:38:11.111759,Nunes,da Mata,17.71,DELAYED,TRUCK,84
18919021-e53d-4071-867c-d5c9aa1417df,2026-05-01T01:04:59.776191,Sousa da Serra,Andrade,86.77,DELAYED,AIRPLANE,84
4ba593ba-01d0-4e25-a6df-f63af282ea39,2026-05-01T08:44:54.090918,Rezende,Moraes de Oliveira,29.66,DELAYED,VAN,112
dd286092-1bf3-4845-ae6d-d92a2d6413e7,2026-05-01T06:45:34.685627,Câmara Paulista,Albuquerque de Minas,38.74,IN_TRANSIT,TRUCK,43
ac032246-73b3-42db-9da3-07b9ac9a6dad,2026-05-01T01:40:44.808140,Rezende,Nogueira,44.45,IN_TRANSIT,TRUCK,117
15f86715-c9f0-4cf8-ab0f-2ac65aa28b64,2026-05-01T03:38:30.736831,Teixeira de Caldeira,Melo da Praia,93.24,DELIVERED,AIRPLANE,113
8ef679e9-46bc-4f47-bad1-5ff7f3bc5238,2026-05-01T07:22:34.429127,Castro das Pedras,Sampaio,73.16,IN_TRANSIT,VAN,70
d67db6a4-106c-48ef-bae4-e8d6aeb7e388,2026-05-01T09:28:45.430089,Marques Grande,Rodrigues de Sampaio,49.64,DELIVERED,VAN,38
58680b16-5058-4131-8a8f-e3527f94e2b4,2026-05-01T06:07:20.981097,Andrade,Mendonça da Serra,80.33,IN_TRANSIT,VAN,114
c3605149-12d4-4ae8-a1d9-f1c2fe6d72ab,2026-05-01T05:55:13.537447,Nascimento do Campo,Abreu do Sul,14.99,DELIVERED,TRUCK,64
d8794e08-e018-456a-b8ea-010b3067594a,2026-05-01T07:01:38.116838,Teixeira da Serra,Gomes da Serra,74.02,CANCELLED,MOTORCYCLE,55
9255cac2-c7c8-4345-8fc7-62a0069ee113,2026-05-01T09:21:44.036712,Cassiano,Azevedo,84.37,CANCELLED,MOTORCYCLE,48
d6becb40-ac1d-463d-8b7a-4dc43ab0635c,2026-05-01T10:45:09.147404,Novaes de da Luz,da Cruz,72.71,DELIVERED,AIRPLANE,87
018d4728-5045-48cf-ad8d-61411a73c303,2026-05-01T10:27:38.708475,Souza,Pires,70.15,DELAYED,VAN,0
bd321cf1-c6e2-418e-ace3-50f89970b14d,2026-05-01T01:27:09.934753,Melo de Campos,Ferreira de Azevedo,65.13,DELAYED,AIRPLANE,76
5d78a098-27c3-4f0c-aa23-fb6f45703559,2026-05-01T11:07:18.503660,Macedo,Teixeira,40.78,CANCELLED,AIRPLANE,69
9a5da942-b56c-47f2-9d0c-3e781d3f6635,2026-05-01T11:00:14.825469,Vargas,Santos de Minas,78.6,DELIVERED,MOTORCYCLE,23
bdc356a5-e12b-44cf-8e99-1cf4c1e024e1,2026-05-01T02:06:00.101043,Abreu Verde,Costela do Sul,32.75,DELIVERED,TRUCK,100
e786717a-947f-40fb-ade7-033f16bd8e54,2026-05-01T12:11:21.373920,Souza,da Cunha da Serra,26.36,IN_TRANSIT,MOTORCYCLE,63
e7be91db-bedc-4c3b-8d1e-c6f7ec3153bf,2026-05-01T09:44:31.207863,Pimenta,Câmara de da Cruz,62.54,IN_TRANSIT,TRUCK,68
93d0410e-81bb-49dc-a00c-bdd55eeca802,2026-05-01T05:55:32.747006,Rodrigues,Souza,32.73,DELAYED,MOTORCYCLE,53
48ee046f-a5c7-49a4-ba93-0870cd52a810,2026-05-01T03:49:38.373470,Correia,Castro de Goiás,25.99,DELAYED,VAN,49
5cd70012-8807-4fa8-ba5d-263d6de5393a,2026-05-01T12:24:28.129094,Abreu,Fogaça,85.5,DELIVERED,MOTORCYCLE,58
3f3bc977-9c3c-4ed0-973b-88148d067a9a,2026-05-01T03:46:28.960449,Cassiano de Pacheco,Freitas,66.57,DELAYED,VAN,20
e3f798af-1822-472c-bd9e-d186afdb01cf,2026-05-01T09:05:30.895240,Casa Grande,Oliveira,22.44,DELAYED,TRUCK,57
3ac21063-d881-40e7-9cca-6c00a889fee0,2026-05-01T07:18:25.223077,Casa Grande dos Dourados,Rezende de Minas,91.5,IN_TRANSIT,TRUCK,27
b601fc1d-7a78-4892-9758-e33a0dffe052,2026-05-01T11:52:25.693555,Mendes,Guerra Grande,11.0,DELAYED,AIRPLANE,16
3eb09a86-a758-485c-91b7-1882fe9526e4,2026-05-01T01:04:27.766091,Fernandes do Oeste,Montenegro,31.58,DELAYED,TRUCK,66
b3619162-f6ba-44bc-a43d-eefdecc912ce,2026-05-01T08:57:03.001167,da Costa,Leão de Nascimento,55.35,CANCELLED,TRUCK,12
b82ca4d2-70d1-4730-a3e3-a8e9ea5e6df6,2026-05-01T02:54:28.756871,da Conceição de Minas,Pimenta,59.34,IN_TRANSIT,TRUCK,65
adc3bbd1-a0c6-4940-994a-b2befa24b149,2026-05-01T12:01:10.877098,Siqueira,Marques,35.03,DELAYED,VAN,50
6d815e5f-cd4f-4b08-8134-cd7e82576c4f,2026-05-01T11:10:37.455744,Novais de Mendonça,Pimenta,35.26,IN_TRANSIT,TRUCK,13
e1bae855-a24b-4689-947e-23a8398c1615,2026-05-01T02:48:04.296110,Cavalcanti,Camargo,34.2,DELIVERED,AIRPLANE,48
2bc96315-3844-4a25-ad95-5550b4e9ad58,2026-05-01T07:29:35.329080,Peixoto,Albuquerque,57.92,CANCELLED,MOTORCYCLE,96
759b40e0-85fd-41b1-aafa-71aab244bc79,2026-05-01T01:58:10.652922,Casa Grande das Pedras,Pereira,34.44,DELIVERED,VAN,38
28f17dc2-123d-4f4d-9603-717ea7d6e024,2026-05-01T05:00:36.045011,da Cruz,Porto de Minas,30.4,DELAYED,MOTORCYCLE,51
e2dd6bb5-ccab-4e5f-9dee-22bf2b72a1ca,2026-05-01T05:36:51.824567,Ferreira,Farias do Campo,44.95,DELIVERED,TRUCK,67
78281dc7-59a4-4b80-92b2-d3b4810929d7,2026-05-01T00:43:39.049695,Costela,Pires do Oeste,98.23,DELAYED,AIRPLANE,72
c886bf17-76b5-43d7-ad60-03dffd163e84,2026-05-01T01:00:38.564906,Moreira,Silva do Amparo,89.77,DELAYED,TRUCK,39
0fc8bfaf-d31e-4ac8-8ba6-a245b07e2ee8,2026-05-01T04:55:22.342496,Pastor do Sul,Aparecida do Oeste,79.96,DELIVERED,AIRPLANE,61
5e3b119c-22be-46e1-b70b-fd9dae99189a,2026-05-01T09:28:36.156374,Cavalcanti das Pedras,Macedo,47.0,CANCELLED,AIRPLANE,34
e0b0e78a-f6ef-4044-b04a-ff01114a3699,2026-05-01T00:47:19.832955,Camargo da Serra,Araújo da Mata,4.87,DELAYED,MOTORCYCLE,49
b9e493eb-040c-4522-8888-2a0858f21db6,2026-05-01T09:08:26.697046,Gomes,Rios da Prata,1.87,DELAYED,MOTORCYCLE,115
1ba13f0b-94ef-4e40-a6bf-a29582058569,2026-05-01T05:26:58.471233,Nogueira,Siqueira dos Dourados,60.93,CANCELLED,AIRPLANE,19
340f7e28-3b5a-4b8b-92f2-e5925c34ce60,2026-05-01T07:57:35.433060,Montenegro da Serra,Vieira de Nogueira,54.95,DELIVERED,TRUCK,35
21342257-f38e-4dbd-82f6-92d577f16da2,2026-05-01T07:59:47.890914,Novais,Ramos das Pedras,34.97,DELIVERED,AIRPLANE,34
824adf7a-efc9-42f2-8d05-39437e654925,2026-05-01T01:55:16.823967,Santos,Pires,69.46,CANCELLED,AIRPLANE,48
c7cc79be-8b72-41df-a38b-11c0f945c24e,2026-05-01T01:14:05.297691,Teixeira do Galho,Dias,11.26,IN_TRANSIT,MOTORCYCLE,5
349b34cf-b2fa-42af-8156-3c5dde05a871,2026-05-01T06:09:31.557689,Vasconcelos,Nascimento de Goiás,1.23,IN_TRANSIT,VAN,91
fbd17e6c-2c62-42b2-8804-d14e644f5492,2026-05-01T08:11:15.338781,Rodrigues,Mendonça,89.27,DELIVERED,TRUCK,116
666cca7d-b79e-4057-bd28-22301b609edd,2026-05-01T07:59:49.756076,da Luz,Pinto,34.51,IN_TRANSIT,VAN,89
fce12d0b-348f-4b34-bfd9-5f49a1389605,2026-05-01T00:17:13.147059,da Rosa,Barbosa de Goiás,52.56,CANCELLED,MOTORCYCLE,89
030c66fd-5c52-4a2f-a3df-d4e4e748c062,2026-05-01T08:04:43.564281,Correia,Azevedo dos Dourados,56.93,DELIVERED,MOTORCYCLE,101
570698e3-e5a8-4a16-8f3c-7b6016314a8c,2026-05-01T10:30:10.780130,Cavalcanti,Costela do Galho,1.8,DELIVERED,AIRPLANE,83
c1b2382c-f73a-4850-a1b0-6ff0c1a759d8,2026-05-01T00:26:27.421023,Ferreira do Sul,Mendonça,61.12,DELIVERED,VAN,23
e973963b-e402-4af6-b552-1e9723e8fcb8,2026-05-01T05:22:45.499175,da Mata,Ribeiro de Minas,94.45,DELAYED,VAN,94
50db8b5d-13e7-45df-8ee1-85006e8ec127,2026-05-01T11:19:51.014031,Borges de Viana,da Mata das Flores,77.14,DELIVERED,AIRPLANE,5
09327154-3911-410d-a647-622ce0915af2,2026-05-01T00:09:34.087788,Rezende,Borges do Campo,76.94,DELIVERED,VAN,4
a9ab9015-c3d2-4056-903b-f22d1f94e3d6,2026-05-01T00:36:31.394725,Duarte,Rocha,67.33,CANCELLED,VAN,1
dbc0ff14-7b55-4546-b745-fe939e0737ed,2026-05-01T10:22:52.353294,Alves de Gomes,Lima Verde,50.15,DELIVERED,MOTORCYCLE,93
92bb17b1-a059-4bf5-b460-9b933d9a5af8,2026-05-01T10:10:42.810667,Ramos,Souza,20.85,DELAYED,VAN,25
58f2832f-bf46-4cc3-bd8f-05f966b9b8db,2026-05-01T01:55:25.015776,Silveira Grande,Souza do Norte,82.42,IN_TRANSIT,VAN,81
fb095578-1959-4c92-8b21-f3fdcd6f6538,2026-05-01T05:34:00.000644,Aparecida da Praia,Castro,27.13,CANCELLED,MOTORCYCLE,59
b89e77ab-174e-4361-a361-812410e16f7c,2026-05-01T06:31:50.548184,Câmara,Duarte do Norte,43.71,IN_TRANSIT,VAN,34
8bf003b6-cd1d-4394-b3f2-d6cf8f045836,2026-05-01T07:26:58.611535,Garcia do Amparo,Araújo,60.88,IN_TRANSIT,MOTORCYCLE,60
9a677b6a-faf8-447d-b972-5322b65e78a1,2026-05-01T07:51:58.719008,Novais,Macedo,40.39,CANCELLED,AIRPLANE,65
7b14ef89-0f00-4837-97c1-c2e0f950c832,2026-05-01T03:56:12.142679,Andrade da Serra,Martins de Camargo,37.24,IN_TRANSIT,TRUCK,3
e74204d8-a6c7-4ba3-b7fe-b03d466a1428,2026-05-01T05:49:59.602080,da Rocha de Novais,Cavalcante,51.55,DELIVERED,VAN,61
2130f72c-cbb3-4ebb-82c3-27a44c0eebaf,2026-05-01T04:54:14.529495,Pires,Duarte de Nascimento,65.54,DELIVERED,TRUCK,54
ae9cb165-1fe5-4cd2-b814-802ef5979d15,2026-05-01T11:37:46.581509,Costela de Castro,Castro Alegre,62.04,IN_TRANSIT,VAN,74
d11c7622-f0ee-48c5-86be-a74207bfe166,2026-05-01T09:55:16.879271,Aparecida,Pimenta,0.45,CANCELLED,MOTORCYCLE,93
61413515-aa8e-497d-b788-ac6928d7f05f,2026-05-01T04:35:47.599149,Teixeira,Vieira,56.36,IN_TRANSIT,MOTORCYCLE,8
a3c727f6-5889-4488-9120-b9f18d3a879e,2026-05-01T10:20:07.765468,Nascimento da Prata,Montenegro Alegre,59.75,CANCELLED,MOTORCYCLE,20
87d059d6-d7ef-4deb-962f-679e2f8a0a99,2026-05-01T11:04:02.360741,da Rosa,Souza de da Mota,20.77,CANCELLED,AIRPLANE,94
51b618ca-1934-4a91-9470-42a2cf342e9e,2026-05-01T02:50:11.156240,da Paz de Cardoso,da Mota da Serra,20.1,DELAYED,MOTORCYCLE,99
a9d7188a-0b63-4a3f-80f5-32a50d554367,2026-05-01T09:41:15.828032,Ramos,Ramos,43.87,CANCELLED,MOTORCYCLE,31
6163b7be-a0d1-49f7-8b7c-17434e7dc4c9,2026-05-01T09:59:54.341390,da Rocha,Andrade,93.37,CANCELLED,MOTORCYCLE,33
7b9934ba-d7e6-4171-b892-9102b59cd775,2026-05-01T03:29:52.654609,Monteiro do Norte,Melo do Sul,4.68,DELAYED,MOTORCYCLE,82
28090bc4-db4c-4783-99a0-3b669e1b6822,2026-05-01T06:18:45.307023,Fernandes do Amparo,Moreira de Goiás,60.97,DELAYED,TRUCK,22
0a3d1b32-2872-45a2-8f34-0f2dc5266e6b,2026-05-01T05:05:19.828918,Novaes da Serra,Macedo,21.68,CANCELLED,VAN,116
e84b03e8-5a7b-4735-a929-4cd3e0d360ad,2026-05-01T01:14:07.366177,Pinto,da Rosa,0.48,CANCELLED,MOTORCYCLE,32
52eac6bd-84e7-4033-ae63-914f3efc0e21,2026-05-01T00:34:05.849374,Souza,Vasconcelos,83.12,CANCELLED,TRUCK,41
c2475d08-acef-48be-be76-c976e2fbb512,2026-05-01T05:12:14.223380,Mendonça,Cavalcanti Verde,16.05,DELIVERED,AIRPLANE,10
17da8ac6-63f4-4c5d-beea-85300b8aa5e3,2026-05-01T00:10:58.805020,Araújo,Souza,91.72,DELAYED,TRUCK,45
666431bd-d809-4e8a-b3b2-87cf4db24cad,2026-05-01T06:23:55.141538,Fonseca,da Cunha de Minas,44.85,IN_TRANSIT,TRUCK,63
d063309b-838a-4af4-bb61-50dd22b83a1c,2026-05-01T08:20:12.642606,Rezende de Abreu,Monteiro de Goiás,85.7,DELAYED,VAN,40
38c868bb-9718-40ad-839e-d84d852e4bf0,2026-05-01T02:21:50.110529,Lima,da Paz de Barros,91.62,DELIVERED,TRUCK,77
d0781f45-da72-4862-bb91-9c845de1b3ff,2026-05-01T06:34:16.224320,Cassiano,Moura do Norte,26.58,IN_TRANSIT,MOTORCYCLE,36
1e1cb61c-cdbd-498a-915a-b3a096311e1b,2026-05-01T06:58:09.726463,Lopes,Correia dos Dourados,97.39,IN_TRANSIT,VAN,19
f6181666-347e-4a96-91c3-eb79f395833d,2026-05-01T06:59:52.201376,Alves Verde,Vieira do Galho,28.03,DELIVERED,MOTORCYCLE,94
11e82df4-a33a-48b8-bf47-0d033b9ef8ab,2026-05-01T11:00:02.820496,Andrade Verde,Mendes,28.24,IN_TRANSIT,MOTORCYCLE,72
b3d1230d-7f7e-47de-ac90-aaeb894772ce,2026-05-01T04:05:57.821578,Cirino,Mendonça,73.78,CANCELLED,AIRPLANE,58
e5363ff0-9672-4c5a-98d0-2e6972cbe367,2026-05-01T06:17:32.842473,Brito,Sousa do Campo,7.91,IN_TRANSIT,TRUCK,117
fb8a400f-7144-4336-8783-8b2f20b75fc9,2026-05-01T11:02:36.986465,Melo Alegre,Cunha,2.02,IN_TRANSIT,MOTORCYCLE,10
8fef1e05-8e16-45b7-a598-4272aa71d89f,2026-05-01T06:07:42.641898,Dias da Serra,da Mata Grande,84.41,DELIVERED,VAN,0
94bb0ee3-da12-4760-a870-a027f08914d4,2026-05-01T05:43:43.290514,Mendonça de Sales,Sales Grande,58.51,IN_TRANSIT,MOTORCYCLE,60
8d26d8f9-4fcc-489d-a4a8-af4485379013,2026-05-01T02:09:49.191901,Mendonça do Galho,Moraes,13.3,DELIVERED,VAN,4
8626e4d2-2117-4688-b110-0dd9a93bb26a,2026-05-01T04:32:05.370509,Campos,Caldeira de Moraes,59.65,DELIVERED,AIRPLANE,57
a6e2f822-c820-4e6d-8f45-ea73fc745208,2026-05-01T10:06:05.388017,Dias de Siqueira,Costela,27.15,DELAYED,VAN,69
181a8010-9552-498c-93ec-86da7ea7f896,2026-05-01T10:58:38.352611,Dias,Melo,0.02,CANCELLED,VAN,33
9262f170-c431-44f2-ba83-ae6da39ba720,2026-05-01T09:34:34.055140,das Neves,Costela,34.36,IN_TRANSIT,MOTORCYCLE,39
aea22120-bfae-47e5-b2ed-e023f71b22d7,2026-05-01T09:49:20.573808,Pacheco da Serra,Costa da Prata,56.35,DELIVERED,AIRPLANE,70
ede8846d-7c17-407c-9e2e-7e90d03bdf95,2026-05-01T11:51:56.732499,Alves,Freitas,55.6,CANCELLED,VAN,112
fdf839c5-1764-4280-a5e1-9485e9921c2d,2026-05-01T04:37:23.726184,Vargas,Cassiano da Serra,89.86,IN_TRANSIT,MOTORCYCLE,41
e3286bb5-a795-4852-8acb-eccf1102e072,2026-05-01T09:20:44.072975,Brito,Vieira da Prata,55.45,CANCELLED,MOTORCYCLE,47
7e90e7c3-ac63-40c6-9918-993fc9cfa7a7,2026-05-01T11:32:28.809478,Rocha,Pacheco de Minas,63.26,IN_TRANSIT,VAN,120
dede07ed-198e-4a91-9b34-1760e8b7ac73,2026-05-01T08:25:36.890382,Cassiano do Norte,da Rocha,26.4,DELIVERED,MOTORCYCLE,65
db753dd3-731e-46a8-ae50-75b252d3e633,2026-05-01T02:40:25.005592,Pereira,Duarte,94.76,DELIVERED,TRUCK,50
f595d19a-668c-4130-9641-f2660230ebd5,2026-05-01T09:43:32.944650,Siqueira de Aragão,Fogaça de Cavalcanti,11.5,IN_TRANSIT,MOTORCYCLE,119
446b0557-1c5b-4878-8445-6e14755659d9,2026-05-01T10:19:11.599414,Sousa,da Rosa da Praia,27.93,DELAYED,AIRPLANE,51
5557e992-564a-402b-94a3-6105c7bcd010,2026-05-01T08:43:37.213785,Albuquerque das Pedras,Barros,14.83,DELIVERED,VAN,75
401deaf9-a0c3-4e94-b855-c39c61fc212c,2026-05-01T01:20:11.900120,da Rosa,Cavalcante,12.73,IN_TRANSIT,AIRPLANE,54
d5ab0dab-867d-4fbc-a0ab-2c89a340903a,2026-05-01T01:43:24.172331,Martins do Sul,Gonçalves da Praia,37.29,CANCELLED,TRUCK,65
346865d5-2def-4127-ba9e-664c0795a2e9,2026-05-01T06:29:33.788254,Azevedo,Rocha,62.22,DELIVERED,TRUCK,37
0a0caed1-8924-499a-8724-b8139fc0db0a,2026-05-01T00:09:52.144570,Gonçalves,da Mata,71.32,DELIVERED,VAN,94
6488c3ef-a7bb-4b63-898d-a77b828edfcd,2026-05-01T04:39:40.026794,Lopes de Moura,Pacheco,48.52,CANCELLED,AIRPLANE,47
83870fe6-8d77-42b1-a2c4-b846106a6ff2,2026-05-01T02:08:27.322054,Carvalho,Santos,44.16,CANCELLED,AIRPLANE,110
06f0372c-ceee-4296-af30-21c9a3d4d7fa,2026-05-01T00:53:18.022502,Nascimento,Pimenta,26.38,CANCELLED,AIRPLANE,21
c4d75a3e-d83d-491c-ae27-48f3183e3bd3,2026-05-01T11:33:14.393636,Peixoto,Cirino do Galho,31.15,DELAYED,TRUCK,14
b732ab84-8f32-4ff3-954e-d8e6d7dc9ac3,2026-05-01T10:59:36.678612,Cavalcante,Fonseca de Machado,30.94,DELAYED,AIRPLANE,65
d7fdf83c-a749-490f-8101-1f09cc21acce,2026-05-01T11:18:03.212603,Marques,Cavalcanti,44.85,DELAYED,AIRPLANE,76
558bb892-1672-4b1e-a129-e8f6e64667ab,2026-05-01T09:40:40.400216,da Mota de Ferreira,Caldeira das Pedras,88.35,DELAYED,VAN,92
1a619da9-d441-4788-a5a7-a804988c4cbc,2026-05-01T00:14:06.349214,Carvalho,Pacheco Alegre,29.48,DELAYED,AIRPLANE,44
3e414756-678b-44a5-a181-ffaf1330ae56,2026-05-01T00:39:48.213738,Araújo de Camargo,Aparecida,59.72,CANCELLED,TRUCK,64
dd462ca1-d692-49fd-a413-398103efcb4a,2026-05-01T09:17:40.114506,Alves de Minas,Sales,67.13,IN_TRANSIT,VAN,35
d68de88f-8a94-4092-94b0-3b5ad6fdce02,2026-05-01T06:24:41.426868,Ramos de Teixeira,Campos Alegre,41.71,DELAYED,MOTORCYCLE,114
7492245c-00b9-42ea-aad9-d56269e79ec6,2026-05-01T03:34:48.501034,Câmara,Lopes de Minas,60.83,IN_TRANSIT,TRUCK,118
ed50d281-f285-495d-96b5-78021ab432fc,2026-05-01T00:43:33.222414,Novais,Ramos de Goiás,98.68,IN_TRANSIT,VAN,65
19868090-0794-490d-9451-a3d8b1b7763b,2026-05-01T03:57:39.959213,Silveira de Pimenta,Sousa,82.68,CANCELLED,TRUCK,113
b9a85f0b-18ee-468b-902c-1de98c43afc1,2026-05-01T12:25:00.984447,Fonseca,Nascimento,51.79,CANCELLED,TRUCK,7
5fd2c2b8-4dfc-4851-ab6a-93590ff3026f,2026-05-01T11:04:59.927982,Caldeira,Nogueira,68.06,CANCELLED,MOTORCYCLE,84
f73fcfc3-118e-4e37-b275-e587c851415e,2026-05-01T03:01:17.613424,Gomes,Leão,44.39,DELAYED,VAN,100
0e059700-2bed-462d-ba5d-91d13d1b0e11,2026-05-01T09:42:22.243019,Carvalho do Oeste,Aparecida,29.56,DELAYED,MOTORCYCLE,84
a673a4cf-78e4-4954-81b2-eb55cf1e7cdc,2026-05-01T03:59:28.886687,Gomes de Vasconcelos,Dias Verde,35.43,DELIVERED,AIRPLANE,120
7938bbec-3a71-4410-8fd8-696fbf9c8ff8,2026-05-01T09:31:41.612006,Alves,da Paz,59.97,DELIVERED,MOTORCYCLE,34
0e7b64bf-405b-455f-b888-3bccc97b5242,2026-05-01T08:59:23.916153,Araújo da Mata,Silveira,96.3,DELAYED,MOTORCYCLE,40
9a585b35-9813-499b-ba83-f19697706d00,2026-05-01T01:10:31.804104,Silva da Serra,Sá,46.01,DELIVERED,MOTORCYCLE,14
b7792f28-16ed-410f-ad4d-c6c244c19bf8,2026-05-01T10:23:57.537398,Montenegro,Lima,74.35,CANCELLED,TRUCK,102
4bb8d593-8a48-443b-b5a1-00ba56c90cb9,2026-05-01T02:36:31.294993,Costa,Aparecida das Flores,78.37,DELAYED,VAN,115
7d05b313-d0aa-420d-9029-773b98f960ad,2026-05-01T10:08:55.679933,Aparecida,Cirino,41.75,DELAYED,MOTORCYCLE,107
c2999fe9-558c-47c8-a018-3c2253c45e31,2026-05-01T11:20:30.248309,Cassiano de Silva,Azevedo Paulista,92.99,DELIVERED,AIRPLANE,14
cf38a663-45f2-4327-a6a0-0bcef9b6cfe4,2026-05-01T06:52:40.908280,Sampaio da Prata,Martins,82.99,DELIVERED,TRUCK,68
a69d742a-fd78-48bf-baba-10f3a228aea0,2026-05-01T04:48:07.674121,Garcia,Sampaio do Sul,93.41,CANCELLED,MOTORCYCLE,63
8d025de2-c4e2-49ab-9905-59e63f561486,2026-05-01T10:33:57.097671,Cavalcante,Sales,14.39,IN_TRANSIT,VAN,8
b9071118-5dd8-4cc0-9704-191a7dbdd83b,2026-05-01T02:23:29.818671,Vargas do Amparo,Pacheco Verde,76.26,DELAYED,VAN,37
19841cd2-faa7-45a4-9576-ee096c2fc3a4,2026-05-01T10:24:22.180168,Araújo,da Paz,63.86,CANCELLED,AIRPLANE,91
3556ed25-39d7-4448-a05c-b9ccd897a8db,2026-05-01T08:19:02.729833,Novaes de Cunha,Fonseca de Minas,44.69,DELAYED,VAN,52
7142d431-20fa-455c-9354-f0b23864ca0a,2026-05-01T04:34:54.901345,Novaes,Costela da Serra,89.62,DELIVERED,VAN,84
5c2d7409-d5aa-4d07-b0a0-c89dcb9222a0,2026-05-01T06:43:20.687284,Araújo de Campos,Oliveira,39.98,CANCELLED,TRUCK,22
d894c652-f1a9-445d-af3f-21be76d5bd07,2026-05-01T07:28:15.650060,Abreu de Nascimento,Sampaio,25.53,DELAYED,MOTORCYCLE,44
f2a29836-d5df-43e8-b128-1dc1fbd4bc6b,2026-05-01T01:38:59.591986,Fonseca,Casa Grande,2.85,DELAYED,AIRPLANE,51
9962a4ee-af1c-4a79-a8a8-d6ab3b8d1269,2026-05-01T01:54:15.344890,Dias dos Dourados,Guerra de Farias,77.66,IN_TRANSIT,TRUCK,62
6bd6b467-f17e-4159-8b2f-97bb939d1403,2026-05-01T09:49:15.190763,Abreu do Amparo,Rodrigues do Galho,99.86,DELIVERED,TRUCK,115
4b4d18cd-7d89-433a-98ac-678e8d712366,2026-05-01T07:31:37.595394,Albuquerque Grande,Brito,29.97,DELAYED,VAN,63
2d6e07f9-d0af-4d18-ad2f-263e21d13779,2026-05-01T09:04:58.274134,Macedo do Oeste,Moura do Norte,45.95,DELIVERED,AIRPLANE,99
05286fb6-66de-4ed7-8a94-1209b77cea8b,2026-05-01T06:58:37.695395,Ferreira da Praia,da Rocha,83.34,CANCELLED,VAN,15
9b71f417-7dd2-4d30-bf61-1a7ee6b30cdd,2026-05-01T11:42:31.886199,Cavalcante da Serra,Rezende das Pedras,89.1,DELAYED,MOTORCYCLE,120
614888c1-3eb4-49d8-9820-654253d67e63,2026-05-01T04:55:43.632031,da Rocha dos Dourados,Marques,68.04,DELIVERED,AIRPLANE,48
61aaa17d-82e1-4e51-add1-cb75067915c4,2026-05-01T07:10:41.554241,Cunha,Nascimento de Goiás,78.73,DELIVERED,AIRPLANE,1
d8cb7cbd-fd31-487a-94af-95e7016f0931,2026-05-01T08:40:25.234724,Gonçalves,Andrade de Fernandes,13.4,DELAYED,MOTORCYCLE,40
7482e553-64c8-447b-a7cf-86231c3f4e87,2026-05-01T09:11:38.835734,Almeida da Serra,Freitas,59.02,CANCELLED,VAN,22
997cd070-c03d-4f6f-b867-9b0a209b6124,2026-05-01T11:31:25.838791,Oliveira do Norte,Duarte de Carvalho,70.84,CANCELLED,AIRPLANE,99
0b8e1664-895a-4bbf-b703-0358de8a924a,2026-05-01T04:13:48.304825,Machado dos Dourados,Rocha,1.06,DELAYED,VAN,84
89532253-832f-49f7-9c47-c47da34b5b04,2026-05-01T04:28:27.712621,Casa Grande,Sales,15.8,DELAYED,VAN,64
8bc23f10-4ea1-4deb-90ea-a3b3d4e760ad,2026-05-01T01:30:01.609381,Cunha de Carvalho,Rios,90.6,IN_TRANSIT,AIRPLANE,85
4c3fae2f-ce4b-4721-8112-d16ad93e3be6,2026-05-01T03:00:47.609485,Lima de Macedo,Rodrigues,90.79,DELAYED,MOTORCYCLE,103
a4ccef88-cc68-4033-986a-eb304aa82dfa,2026-05-01T06:53:35.300868,Novais,Machado,48.85,IN_TRANSIT,AIRPLANE,114
378320e2-6b40-4824-89bb-e338e538c5f0,2026-05-01T11:18:35.561134,Rezende do Sul,Macedo,78.74,DELIVERED,TRUCK,60
49e1cdc9-d3b5-4121-b889-d9c2d59d69df,2026-05-01T00:46:33.926054,Alves Alegre,Montenegro,68.55,DELAYED,AIRPLANE,112
01007b3a-c050-4709-8270-d994a7638e82,2026-05-01T01:04:07.761943,Porto,Cirino da Praia,11.5,DELAYED,MOTORCYCLE,88
213d73f7-09e6-426d-8314-1e4f5b7674e1,2026-05-01T08:14:45.540033,Caldeira,Costa,41.4,CANCELLED,MOTORCYCLE,22
7415d7b8-1db6-4244-9972-7adb24b3f64c,2026-05-01T12:19:29.190400,Camargo do Sul,das Neves,62.02,DELIVERED,VAN,70
540bebdc-ab04-428e-a022-4ab7020be431,2026-05-01T09:16:02.122146,Rodrigues do Norte,Vasconcelos de Carvalho,48.72,DELAYED,VAN,0
32140683-ac5f-4952-bb04-2ff44cc8e89f,2026-05-01T07:39:13.698148,Santos de Goiás,Moraes de Minas,89.45,DELIVERED,AIRPLANE,81
51085241-ac7b-479b-8b89-f1e0c6c15cd4,2026-05-01T09:51:32.998519,Vargas do Oeste,Rodrigues Grande,42.98,CANCELLED,AIRPLANE,118
ad6fd3d2-7f8a-4c00-b2f1-c07fd138c15d,2026-05-01T11:06:44.625345,Rocha,Pires do Campo,96.11,DELAYED,MOTORCYCLE,88
80469bef-9cf9-4474-bd26-eaf8989f29b4,2026-05-01T10:27:05.419359,Aparecida,Rocha de da Luz,75.62,DELAYED,AIRPLANE,8
71c5a9e8-3058-42f9-b1f7-bcc20d9b5d29,2026-05-01T07:57:02.018409,Cassiano,Ferreira da Praia,81.51,CANCELLED,VAN,13
518fdc6f-30bd-4303-a3ec-cb613e15d98d,2026-05-01T06:34:01.065209,Moraes do Sul,Jesus do Norte,82.8,DELAYED,MOTORCYCLE,49
8bc2bd89-ccd3-45e4-bc3c-cc913dba6f80,2026-05-01T06:38:44.654974,Vargas de Goiás,Cassiano Paulista,69.1,DELAYED,MOTORCYCLE,31
89b47347-4284-4321-84f7-41ce5d9f85c6,2026-05-01T12:05:35.255082,Garcia Grande,Novais do Campo,54.37,DELIVERED,MOTORCYCLE,29
6a2d9d01-711c-4170-b5f9-98a48847ac50,2026-05-01T02:13:16.446894,Lopes,Ribeiro,6.48,DELAYED,AIRPLANE,85
6fe85a25-1324-4138-ad1f-c2edf01f55e2,2026-05-01T02:42:21.229008,Borges,Albuquerque,43.65,IN_TRANSIT,VAN,35
9e1d5720-c373-47bb-a791-f893a2db1294,2026-05-01T06:49:37.269241,Novais,Ribeiro da Praia,23.63,CANCELLED,TRUCK,94
e19e7483-607b-4310-9494-cbcee7030481,2026-05-01T11:15:14.825306,Santos,Costa,66.37,CANCELLED,AIRPLANE,45
6e9b72e9-0bc0-4141-b026-d4c1de73ecfe,2026-05-01T00:43:26.852432,Rios de Moura,Castro do Campo,10.48,IN_TRANSIT,TRUCK,30
dbd109ab-c75f-49a6-81ac-de791ef49633,2026-05-01T12:18:51.996837,Borges,Machado do Norte,65.82,DELAYED,MOTORCYCLE,58
72fa6b63-ae0d-44eb-a5c6-6dbd21422dab,2026-05-01T05:42:07.246473,Siqueira,Leão,77.06,DELIVERED,AIRPLANE,117
99d0f830-51ef-4b63-a4bf-e9e3a9fcadb4,2026-05-01T10:49:47.400058,Barros,Vargas,24.79,IN_TRANSIT,MOTORCYCLE,73
49864b57-bfc6-4ef9-9ead-6ed039811ff1,2026-05-01T08:11:28.774356,Vargas Alegre,Souza,38.82,IN_TRANSIT,TRUCK,116
c337f825-2194-4a52-9132-a1a58f18b0a0,2026-05-01T06:06:52.792750,Ribeiro do Galho,Rodrigues dos Dourados,25.42,DELAYED,VAN,1
8e288c2c-4820-44a1-96e4-d16faddb5986,2026-05-01T01:54:09.344625,Jesus,Cassiano,11.84,IN_TRANSIT,TRUCK,75
2717122a-c75f-4ecd-b912-507c06ce9c4b,2026-05-01T06:50:33.858395,Cardoso,da Paz da Serra,91.08,DELAYED,AIRPLANE,5
99cddc47-925c-4129-b104-59615cd1bdd2,2026-05-01T01:27:20.027482,Fonseca do Galho,Casa Grande,71.49,IN_TRANSIT,VAN,32
df0588e2-5418-4f0b-83a0-8271a77f38ca,2026-05-01T03:03:23.269665,Guerra,Vieira,83.08,DELAYED,AIRPLANE,85
7a690d36-929b-4984-9167-712d62a1c834,2026-05-01T12:14:21.906405,Alves,Silva da Mata,89.95,DELIVERED,MOTORCYCLE,2
0b87c011-17d5-4a6e-9c59-4afc194a6871,2026-05-01T00:44:49.213956,Mendonça do Galho,Correia de da Rocha,43.03,DELIVERED,MOTORCYCLE,22
b2e97aac-bb1e-4f8d-bb9a-f8763057880b,2026-05-01T01:10:16.078962,da Cruz,Campos,26.19,IN_TRANSIT,VAN,88
1a55e455-7603-4b4b-a349-7f30e21500b2,2026-05-01T08:14:13.231969,Ramos do Sul,Cunha,10.11,IN_TRANSIT,TRUCK,80
20cd421b-29be-458e-af6d-84da342b63c6,2026-05-01T03:01:44.033218,Caldeira,Gonçalves das Pedras,11.86,CANCELLED,VAN,31
5041d168-b7ae-4742-a1f6-dfed0b5d316b,2026-05-01T01:44:41.328381,Rocha Alegre,Borges,32.69,DELIVERED,MOTORCYCLE,116
967860b0-4335-4486-9b60-349e0bb134d1,2026-05-01T11:51:07.652700,Fonseca de Pereira,Rezende dos Dourados,61.2,DELIVERED,MOTORCYCLE,14
5c976481-8678-4c02-a745-d8a73d6f6412,2026-05-01T01:55:18.954595,Rodrigues,Costa,67.19,CANCELLED,AIRPLANE,22
922c664c-8a42-462e-9667-5bd163c56c55,2026-05-01T11:10:55.624854,Oliveira do Galho,Jesus,12.85,IN_TRANSIT,AIRPLANE,60
d5ecb205-1ecd-4899-b2f2-ff76dfdfa279,2026-05-01T09:10:38.306096,Caldeira,Aragão do Norte,57.8,DELIVERED,VAN,67
25460b7d-950f-47d5-81ec-ad6dbcdd6882,2026-05-01T09:42:39.351631,Silveira das Pedras,Vasconcelos,80.41,DELAYED,MOTORCYCLE,17
727b1f31-c63a-4f20-808a-538ca99e7c00,2026-05-01T07:12:00.668868,Leão,Abreu do Sul,41.98,IN_TRANSIT,VAN,2
cdab759a-8b5f-4789-ab72-3db2f0752512,2026-05-01T03:49:42.680215,Andrade,Viana,30.84,DELIVERED,AIRPLANE,114
5b34b1e4-7d75-48f7-8db3-74e30b24116d,2026-05-01T07:12:42.924048,da Paz Grande,Pires,16.45,DELIVERED,MOTORCYCLE,105
974ad329-f655-44a7-bd17-d1b60d4a892c,2026-05-01T01:35:38.599155,Souza Paulista,Castro dos Dourados,42.25,DELAYED,MOTORCYCLE,112
0a671ebd-dd24-4485-bf60-01789e466adc,2026-05-01T07:52:22.465809,Pereira do Galho,Caldeira,92.73,DELIVERED,MOTORCYCLE,29
a9e212d6-98fb-403a-9561-bb4ce4ce3448,2026-05-01T11:45:49.283327,Macedo da Prata,Pinto de da Cruz,29.78,CANCELLED,VAN,84
1e0c798f-7800-4756-b504-c16e23484bf2,2026-05-01T05:33:27.925899,Silveira do Amparo,Correia da Mata,57.54,IN_TRANSIT,AIRPLANE,34
fe57d8f7-d2d0-442e-aa7e-17b4d8c004b2,2026-05-01T11:33:49.424563,Porto de da Luz,Vargas de Martins,52.55,CANCELLED,MOTORCYCLE,72
96d75306-09e4-4d0f-9839-79434895208b,2026-05-01T02:37:38.238685,Rezende,Costa do Campo,89.43,DELAYED,TRUCK,63
be97c68f-5237-4239-9ec0-dd6afa58cfce,2026-05-01T08:35:00.369628,Pimenta Alegre,Pereira,90.34,DELIVERED,TRUCK,26
e77c7084-cb33-46df-b019-c3cea699eeb3,2026-05-01T09:47:43.344116,Camargo,da Rosa do Norte,63.85,DELAYED,TRUCK,26
d45e270a-67d1-4e48-a219-6f7dc19ad1c3,2026-05-01T07:43:09.937964,das Neves,Azevedo da Mata,49.75,IN_TRANSIT,AIRPLANE,7
e34da852-fd88-487f-91f4-e37cdd256abc,2026-05-01T08:26:15.587709,Oliveira das Flores,Gomes,16.0,DELIVERED,AIRPLANE,75
821af93c-c4da-4e8c-96f1-99b083dd1c59,2026-05-01T05:47:53.554530,Marques,Nunes do Sul,41.65,CANCELLED,AIRPLANE,73
018d4185-fa82-4741-9ec9-6df48260d8f3,2026-05-01T08:39:46.890201,da Rocha dos Dourados,Caldeira,9.78,CANCELLED,VAN,30
77c2adfb-ea37-4d47-bbe8-2540e2496db4,2026-05-01T08:32:53.389479,Monteiro,Nogueira de Farias,70.98,DELIVERED,VAN,44
d3544824-804d-4af0-83f4-a9933523c395,2026-05-01T03:52:50.495216,Costa de Minas,Lopes Grande,27.25,CANCELLED,AIRPLANE,109
29bad571-5ffa-449c-a7cf-19b18903b9fa,2026-05-01T06:10:29.723493,Vargas Paulista,Casa Grande,62.83,DELAYED,AIRPLANE,81
a628ebab-3b9b-4733-aff9-6ca46d19012c,2026-05-01T04:44:11.207016,Cavalcanti,da Rosa,98.68,DELAYED,MOTORCYCLE,10
1f7a8963-8e79-4350-989b-30142d4de28d,2026-05-01T05:34:42.905326,Marques da Prata,Fonseca,53.95,DELAYED,TRUCK,90
1f13d175-8806-43aa-b783-b1b8b2756078,2026-05-01T03:16:22.798176,Lopes,Novaes da Mata,76.74,IN_TRANSIT,VAN,74
57d1a429-3307-4dc3-b13f-19d6beab8faf,2026-05-01T09:56:04.108722,Siqueira,Andrade,2.66,IN_TRANSIT,AIRPLANE,95
121e45db-e1d1-4763-be9a-a6a1ef1e3e5f,2026-05-01T09:53:49.099823,Pimenta da Praia,Cardoso,47.27,DELIVERED,TRUCK,90
73410e33-6689-4e46-99d5-9a7165228f2e,2026-05-01T03:23:55.616486,Guerra de Pimenta,Cavalcante do Norte,93.84,DELAYED,VAN,45
c5de7466-2ba5-4bd7-9dfe-a72462bc6b14,2026-05-01T09:09:41.011984,Melo Paulista,Dias do Amparo,46.04,IN_TRANSIT,VAN,118
590bcfc9-2595-407f-8587-51a4486fa5d7,2026-05-01T07:53:50.764442,Andrade,Porto,29.23,IN_TRANSIT,MOTORCYCLE,51
3bf852b9-0686-4d93-82c3-924bb6923137,2026-05-01T10:18:46.330706,Camargo,Câmara,4.57,IN_TRANSIT,MOTORCYCLE,51
b84da685-6e53-43dd-b35b-5de3a0a4fed6,2026-05-01T09:54:03.482364,da Mota de Goiás,Barbosa,26.88,DELIVERED,AIRPLANE,52
5f30c269-a33f-4a51-a04d-157a76c85c87,2026-05-01T04:16:52.306575,Garcia,Pacheco,21.71,DELIVERED,MOTORCYCLE,93
e3f23f43-4d3a-49a8-8ec6-718c57d168a5,2026-05-01T08:44:22.741518,Pereira dos Dourados,Montenegro Alegre,83.64,CANCELLED,MOTORCYCLE,11
90d1063a-6eb3-4e19-8521-5c5e2c195098,2026-05-01T02:28:59.628182,Cardoso das Pedras,Mendes,9.87,IN_TRANSIT,VAN,94
94cb6317-c6b1-48f2-8ad2-1227cdbbecfb,2026-05-01T01:02:13.459960,Costela,Albuquerque,61.25,CANCELLED,AIRPLANE,35
d50eee68-cdc2-44f0-8705-e2cbad8180bc,2026-05-01T10:11:09.091899,Garcia do Norte,Martins,68.81,CANCELLED,AIRPLANE,78
2b37459b-2f68-42ef-930a-246b785aaa0d,2026-05-01T06:26:21.838338,Moreira,da Rosa,99.45,IN_TRANSIT,VAN,32
38a86a06-730f-4547-a1dd-9a1d62d2a365,2026-05-01T07:42:02.838039,Vieira,da Mota da Prata,6.89,IN_TRANSIT,MOTORCYCLE,16
59d268f6-ab17-476a-8685-7fe86d062761,2026-05-01T06:06:40.208882,Casa Grande de Goiás,Sampaio,64.34,DELAYED,AIRPLANE,16
c91a4cd8-1d83-48e1-9a05-e61686581a22,2026-05-01T04:42:34.476371,Andrade,Casa Grande de Cirino,22.8,CANCELLED,VAN,51
f4ef92b3-36c4-4a34-9c5a-050fa244a299,2026-05-01T02:29:15.204591,Fernandes dos Dourados,Cavalcanti,86.4,IN_TRANSIT,VAN,19
42b637d5-45fe-48aa-ac71-9a4a606e774e,2026-05-01T00:44:21.880205,Costela,Sousa dos Dourados,1.9,CANCELLED,VAN,42
dc494c85-671e-4520-87f0-3a3daf2e8af1,2026-05-01T09:30:20.561118,Siqueira da Mata,Casa Grande de Cardoso,2.29,IN_TRANSIT,AIRPLANE,90
0d3a7c81-79f5-4185-a062-0b46681fad29,2026-05-01T06:40:06.022573,Monteiro,Pires,72.75,DELAYED,TRUCK,75
4a5a4e84-b44c-40b2-a5e7-4922d1d7403f,2026-05-01T07:58:29.297356,Viana,Cavalcante de Vargas,80.38,DELIVERED,MOTORCYCLE,83
2c1bb93c-e4d4-411e-ae45-bceeb7d18fda,2026-05-01T10:09:46.825119,Pastor de Sousa,Macedo da Praia,17.03,DELIVERED,AIRPLANE,120
0d8b40a7-4dec-4c60-8197-7162adbf14c5,2026-05-01T09:53:46.881006,Pinto do Norte,Aparecida do Sul,11.94,CANCELLED,MOTORCYCLE,22
0896b15b-4c3f-452d-9289-ca4fd6e5b2aa,2026-05-01T00:51:34.563393,Aparecida de Minas,Montenegro de Nunes,32.63,IN_TRANSIT,MOTORCYCLE,0
a80f1388-8158-4c60-a55c-878072c4ad2c,2026-05-01T10:33:25.241548,Ramos,Brito de da Cruz,52.28,DELAYED,VAN,92
469c2d18-a35c-45e2-9c1a-107a20a8e73f,2026-05-01T01:01:27.424616,Nascimento das Flores,Garcia,19.79,CANCELLED,AIRPLANE,55
06f75723-ecfd-454b-a29a-82a89ee02d86,2026-05-01T12:21:11.239029,Teixeira do Norte,da Paz dos Dourados,95.78,IN_TRANSIT,MOTORCYCLE,118
5529b65a-8b82-418e-b7a6-702ed246bd04,2026-05-01T05:28:48.886017,Pastor de Silveira,Leão,38.06,DELIVERED,TRUCK,83
9d9e42c7-26cb-4929-ad44-06e9cbbc1fdd,2026-05-01T07:38:09.011000,Brito,Alves do Amparo,88.65,IN_TRANSIT,AIRPLANE,63
ae5b0c19-1535-448a-a2e3-dbf594088b0a,2026-05-01T05:19:08.902071,Pires,Campos,90.87,DELAYED,VAN,62
8ea8c05b-c1c8-4a22-9381-b962254c4236,2026-05-01T00:17:04.762746,Nunes das Flores,Viana Grande,2.87,CANCELLED,VAN,113
3c373ba7-a279-4972-be67-7c124ee2175a,2026-05-01T04:55:14.379831,Rocha dos Dourados,Garcia,46.81,DELAYED,AIRPLANE,11
39c97c8f-1571-49ca-a62f-c5cc43cb26e8,2026-05-01T01:59:12.209275,Almeida dos Dourados,Rocha do Galho,71.04,CANCELLED,TRUCK,113
21848fc3-824e-426a-ba28-c190e2b42ecc,2026-05-01T12:06:29.679139,Correia,das Neves,69.21,DELAYED,MOTORCYCLE,104
b5e4e16c-5d88-4784-9ba8-7ec5b1bf052e,2026-05-01T00:35:07.728123,Novais da Praia,Macedo,82.19,IN_TRANSIT,TRUCK,18
41b4988d-8fad-41ac-88d7-6119132c1d5c,2026-05-01T06:56:37.145968,da Luz dos Dourados,Pimenta,23.25,DELIVERED,TRUCK,79
6867c47f-7154-41dc-8082-206f6bc02c12,2026-05-01T02:09:00.514497,Costela Alegre,Monteiro,70.71,DELAYED,AIRPLANE,55
a5a5700d-8b94-4916-baf0-9d50ec23770a,2026-05-01T00:16:35.530725,Fernandes do Norte,da Mata da Prata,29.28,DELIVERED,VAN,56
c4aed6c0-e622-4d6b-93fc-88b8efd928e1,2026-05-01T10:33:31.615702,Lima do Campo,Peixoto,60.37,IN_TRANSIT,TRUCK,81
b6f262dc-3152-430d-aa14-687f17618e25,2026-05-01T02:51:20.904743,Moraes de Minas,Pereira da Praia,14.44,IN_TRANSIT,TRUCK,98
3c7e3149-f791-4e56-a47f-b1a13bcca2fd,2026-05-01T04:42:07.185328,Rodrigues Grande,Martins do Norte,45.19,DELAYED,AIRPLANE,14
35240d87-efeb-4e45-bfb7-10229436393a,2026-05-01T02:46:06.869094,Moraes Grande,Fonseca,93.4,CANCELLED,AIRPLANE,116
e1688b65-2534-40ba-ba61-4c09fe01ecad,2026-05-01T00:52:43.813455,da Mota,Cavalcanti,82.96,CANCELLED,TRUCK,104
1d6db9f2-7a9e-4fab-8b8e-1a771804e986,2026-05-01T00:06:54.881836,Lopes,Souza dos Dourados,51.6,IN_TRANSIT,TRUCK,56
3da48e93-fc21-4e99-b3fa-399bd47a6fac,2026-05-01T10:24:51.587430,Barbosa Grande,Freitas,32.28,DELAYED,VAN,97
02d806db-422b-4f61-88b1-657578882163,2026-05-01T06:10:06.046233,da Cunha do Norte,Barbosa,95.1,IN_TRANSIT,VAN,98
8a7b4cce-65db-40e9-b2e6-e802b3092a1f,2026-05-01T01:54:31.522109,Campos do Campo,Ferreira de Aparecida,13.73,DELIVERED,VAN,34
d699ba06-a9b8-4bb4-b52c-7968f6407dbd,2026-05-01T00:38:11.446246,da Cruz,Aparecida,76.76,DELAYED,VAN,74
f6efa896-a901-4439-927c-6c1706b8a7c3,2026-05-01T12:23:45.945378,Sales,Cirino da Prata,15.7,CANCELLED,TRUCK,82
aa348c7d-f357-480c-a1cd-04a52325e051,2026-05-01T03:02:28.834515,Caldeira Grande,da Costa,83.89,DELAYED,AIRPLANE,50
66cdd23e-a5f6-49c8-b927-fa66c2ae6742,2026-05-01T06:38:18.937528,Cassiano,da Rosa das Flores,35.59,IN_TRANSIT,VAN,65
d9b3f6f7-9462-41a6-85d8-357afbf2cbb2,2026-05-01T04:50:53.100007,Sousa da Serra,Andrade,93.42,DELAYED,AIRPLANE,24
abb60f6b-2e9d-4a75-af22-d6b9723b2b8f,2026-05-01T10:53:26.104089,Costa,Fogaça de Vasconcelos,85.11,IN_TRANSIT,VAN,89
4eb5aaa2-3005-4b15-9eeb-effd168a8f9b,2026-05-01T02:48:17.879882,Lima de Fonseca,Souza,42.69,IN_TRANSIT,VAN,12
237ed908-4a02-4953-b1c2-23c0b8048b50,2026-05-01T05:04:27.683422,das Neves,Cardoso,5.71,IN_TRANSIT,VAN,96
45b6e69f-070f-45d9-9663-2f1e881b5443,2026-05-01T10:24:55.102799,Farias,Barbosa,67.82,CANCELLED,VAN,81
31dbd7bb-8ad3-497d-bc02-798da04afc13,2026-05-01T07:08:28.125975,Dias,Souza,10.99,DELAYED,MOTORCYCLE,95
8634d2cf-3817-4079-b199-6ed71b2b2dad,2026-05-01T05:32:15.901696,Gomes dos Dourados,Moura,89.88,IN_TRANSIT,AIRPLANE,24
640ec791-e7c7-4b04-8cf0-55168eb41636,2026-05-01T01:19:56.830650,Lima,Vasconcelos,42.94,DELAYED,MOTORCYCLE,51
69bf1ff1-46a3-458d-adbd-caea46b5ee97,2026-05-01T11:37:15.039895,Casa Grande,Nascimento do Galho,63.1,IN_TRANSIT,TRUCK,6
298761ad-423d-414a-9bde-a5802d3797f7,2026-05-01T05:05:18.507493,Cunha,Moreira,17.91,DELAYED,MOTORCYCLE,46
3fbaa674-6adc-4303-a9af-2b8634e37bfc,2026-05-01T09:35:39.856999,Jesus,Aparecida,51.2,IN_TRANSIT,VAN,88
02ebcc1a-3415-4c9d-8ed9-27a69265da97,2026-05-01T08:09:06.619978,Cirino,Cavalcanti,21.79,CANCELLED,MOTORCYCLE,53
7031aef0-3ac9-4340-90ec-5f972b28c067,2026-05-01T09:00:30.308236,Novaes,Guerra da Prata,30.22,DELIVERED,MOTORCYCLE,103
81ba4ef0-4078-4cc4-b078-263908a5763e,2026-05-01T04:30:35.524787,Sousa do Norte,da Rocha,85.55,CANCELLED,TRUCK,57
9cb0f23d-8148-4208-bb9f-18aebd785deb,2026-05-01T05:36:33.877903,Ramos da Praia,Nogueira,62.01,DELAYED,AIRPLANE,79
c4289c66-16ed-4f4b-9472-ff051653afbd,2026-05-01T04:44:28.261284,Gomes das Flores,Siqueira das Flores,68.56,DELAYED,AIRPLANE,91
015c674e-ca08-4385-8a10-f2c31726cf6a,2026-05-01T06:55:05.495887,Aparecida de Minas,Carvalho Verde,16.0,DELAYED,MOTORCYCLE,113
a08c0268-e96f-4a94-8167-3bcbe82e7199,2026-05-01T07:33:51.364415,Barros do Campo,Gomes do Amparo,2.87,CANCELLED,VAN,92
84b3f95b-d1ce-40be-948b-d5395a9ad18a,2026-05-01T07:47:52.594900,Cunha,Souza,32.36,IN_TRANSIT,MOTORCYCLE,95
75b65e43-e4c6-47d4-9a45-d4e59ce0cab2,2026-05-01T05:06:59.140682,Martins de Minas,Nunes do Norte,34.97,CANCELLED,MOTORCYCLE,14
7487c3ad-b601-47f0-87c3-9d9da267bb4a,2026-05-01T09:23:25.131605,Pimenta,Ferreira,16.21,IN_TRANSIT,TRUCK,41
9e2471e3-2a81-4868-9a82-71600e767c91,2026-05-01T07:46:34.770230,Peixoto Alegre,das Neves,6.24,CANCELLED,MOTORCYCLE,106
f529d69a-045e-41b1-9b9a-d2b571472933,2026-05-01T09:39:37.395886,Aragão de Barros,Freitas da Prata,66.81,DELAYED,AIRPLANE,47
78c79c49-f46f-4a10-bcf1-7d1cb5c20ee1,2026-05-01T01:07:24.089963,Rocha,Farias,76.79,DELIVERED,AIRPLANE,110
85e070c1-6dc9-4198-9456-68d77e24c0e0,2026-05-01T08:00:42.562346,Monteiro Paulista,Gonçalves,91.37,IN_TRANSIT,AIRPLANE,69
b486ab09-0ffc-41a6-91ad-d0df759ae0cf,2026-05-01T05:55:18.991264,Farias de Pinto,Mendonça Alegre,58.83,DELAYED,MOTORCYCLE,66
f8b8c2f6-1c96-43e1-bb23-765c8e70e0c5,2026-05-01T08:34:20.136901,Câmara,Nascimento,10.0,DELAYED,MOTORCYCLE,79
69ef9930-2a3b-460f-b020-ac76905edac0,2026-05-01T11:36:43.407894,Leão,Pimenta de Goiás,96.56,DELIVERED,AIRPLANE,25
6858e666-a676-4155-b99a-2f8c85eb10bf,2026-05-01T01:31:14.523390,Albuquerque,Machado,63.79,DELAYED,AIRPLANE,53
ec37ec81-8ea3-40d5-9b41-d8e60cd3787e,2026-05-01T02:25:46.020414,das Neves,Alves,10.88,IN_TRANSIT,VAN,97
46120c82-9100-43ba-a098-1beae7877cb0,2026-05-01T09:44:40.058021,Marques das Flores,Aparecida do Sul,61.1,IN_TRANSIT,VAN,103
241a141f-7485-4cfc-96f4-b743f758ffe7,2026-05-01T05:09:03.075350,Garcia,Martins Paulista,10.28,DELAYED,VAN,45
b1e7c7cb-223d-4fb9-8696-6856d829c925,2026-05-01T03:56:18.147447,da Rosa,Carvalho,52.99,DELAYED,MOTORCYCLE,43
67d8e075-9524-45af-9d73-5c5761641631,2026-05-01T07:49:20.387236,Silva,da Paz das Pedras,46.27,IN_TRANSIT,TRUCK,19
43a65dc9-9176-487b-b890-413f6b1c368c,2026-05-01T00:03:20.825981,Nunes,da Paz do Norte,9.15,DELIVERED,VAN,115
6297bf24-7671-42da-8d26-bebb3a21c168,2026-05-01T10:58:15.670674,Macedo do Campo,Câmara,30.07,IN_TRANSIT,MOTORCYCLE,7
c5ab27f6-2fa4-4eb5-880a-453f65a436d4,2026-05-01T06:52:57.230158,Albuquerque do Campo,Lopes,7.42,CANCELLED,TRUCK,94
ae2f8ff1-4dba-4d1a-8b41-7365b17b8070,2026-05-01T09:05:36.709252,Carvalho dos Dourados,Martins de Campos,58.01,CANCELLED,MOTORCYCLE,37
c4fa9e96-2afb-40ba-98e0-43bd53d12177,2026-05-01T08:07:25.400090,Gomes Verde,Carvalho do Amparo,28.49,DELAYED,TRUCK,16
5e6971ea-87ac-483b-bdfe-0c47901dc944,2026-05-01T00:48:13.747945,Cunha,Vargas de Goiás,10.76,DELAYED,TRUCK,89
e7c2d146-6748-4e2b-8083-3f2651561343,2026-05-01T09:20:21.654181,Ferreira,Teixeira,61.6,IN_TRANSIT,AIRPLANE,117
77bee5ac-1eaf-4323-9604-e30c01950a72,2026-05-01T02:17:57.431912,Araújo do Norte,Cavalcante Alegre,92.05,CANCELLED,VAN,28
b8c8feb3-53b6-4419-9af1-98ae060241c4,2026-05-01T02:32:22.639112,Mendes,Fonseca,30.74,DELAYED,TRUCK,15
d8887da1-6d98-46ce-8388-377c007a6353,2026-05-01T00:03:27.798208,Melo do Sul,Andrade da Serra,89.77,DELAYED,AIRPLANE,31
157ebb84-41dc-4de9-adac-5547145ea1b7,2026-05-01T04:24:01.006173,Carvalho,da Rosa de Souza,46.87,CANCELLED,AIRPLANE,29
8968b4d0-8d86-4c45-81ad-9a10277fe0e9,2026-05-01T05:23:05.438882,Mendes,Oliveira,60.22,CANCELLED,MOTORCYCLE,119
7842da2e-3c2f-4736-93c0-683d71909855,2026-05-01T09:10:54.615777,da Costa,Siqueira,47.7,DELIVERED,VAN,62
633b8538-d2b7-4b3c-a62d-f005154943da,2026-05-01T01:21:52.360083,Borges do Oeste,Aragão,77.24,DELIVERED,VAN,66
53eb1b53-a061-4e23-b300-caa751864591,2026-05-01T00:14:34.166982,Cavalcante,Rios da Prata,68.58,DELAYED,TRUCK,110
17c2653e-9c2a-4dcf-a728-3d7866d3655b,2026-05-01T01:14:00.595292,Lima do Norte,Moreira,51.66,IN_TRANSIT,MOTORCYCLE,29
4929e647-159e-4f7d-a41c-681e12158d21,2026-05-01T06:04:25.525163,Casa Grande,Porto,0.13,DELAYED,VAN,64
d0f2f725-85b0-4bdf-8c18-e36586a9cb40,2026-05-01T05:54:43.788368,Leão de Macedo,Vasconcelos Paulista,15.18,CANCELLED,MOTORCYCLE,90
29a3260c-6ae2-4272-bf1d-1d8d8681fa48,2026-05-01T05:29:44.450976,Borges,Barbosa,23.55,CANCELLED,AIRPLANE,111
e84684f0-f146-419e-a2df-d958fd492579,2026-05-01T05:32:36.530647,da Mata das Pedras,Pinto,96.77,DELIVERED,MOTORCYCLE,47
5a9ef731-7ed2-401a-9172-625b1dab36ab,2026-05-01T03:55:28.166260,Rios de Minas,Gonçalves,38.67,DELIVERED,MOTORCYCLE,20
1238d985-1bf8-46e2-aa11-3de369def1da,2026-05-01T02:17:14.963069,Nogueira de Dias,Casa Grande de Jesus,44.94,IN_TRANSIT,MOTORCYCLE,15
9b58b7a6-3f10-4862-ac30-29633071f887,2026-05-01T03:33:47.397889,Barros de Minas,Lima do Amparo,36.6,DELAYED,AIRPLANE,69
23f08ee2-a2cf-4423-bc02-3b91d4e22121,2026-05-01T03:43:06.177686,Novaes,Novaes das Flores,50.95,IN_TRANSIT,AIRPLANE,94
72bd82ee-0756-4192-9ffc-482257bd44cf,2026-05-01T12:04:12.860692,Fernandes,da Mata de Alves,13.96,DELAYED,AIRPLANE,35
24e98634-cb20-4cba-81b2-c6fba47bf54c,2026-05-01T08:41:52.038755,Rocha,Barros Alegre,75.82,DELIVERED,MOTORCYCLE,101
7bf235fa-f0b2-4292-b02f-bf5c8b90ada6,2026-05-01T12:09:29.559197,da Mata,Ramos do Oeste,49.98,DELIVERED,TRUCK,112
65204a16-521e-4131-9c19-f6d3d9a2dc41,2026-05-01T03:16:22.705173,Correia,Cassiano do Sul,70.97,CANCELLED,AIRPLANE,97
b4318374-ab35-44c5-bf55-1dc85df47eb1,2026-05-01T05:04:11.217761,Cavalcanti do Campo,Montenegro,81.73,CANCELLED,MOTORCYCLE,12
10704f14-df62-4ce5-a763-dc747e4cfdfc,2026-05-01T12:23:34.810041,Gomes de Machado,Guerra,41.32,DELIVERED,VAN,23
ea73e976-aaef-42fb-a774-27e2e40592d2,2026-05-01T04:18:18.896870,Fonseca,Guerra Verde,66.0,DELIVERED,MOTORCYCLE,103
b0a76565-4f94-462a-b0aa-6af24be423cb,2026-05-01T06:01:16.387440,Silveira do Amparo,Cirino de Vargas,4.23,DELIVERED,AIRPLANE,82
22b9be71-1db5-4275-a2a3-fdfdfe6141b7,2026-05-01T11:14:39.151314,Farias,Rodrigues do Galho,88.6,CANCELLED,AIRPLANE,40
f6cf883a-c551-4dc9-8c21-fe9fffae9574,2026-05-01T00:57:01.826602,da Luz de Moraes,Mendonça,7.69,IN_TRANSIT,VAN,10
7507394e-e42f-481a-9a61-8be2c412ba64,2026-05-01T03:12:33.309654,Farias,Abreu de da Paz,63.19,CANCELLED,VAN,81
9ead9c6c-1756-4ae6-82ea-b830624f3408,2026-05-01T09:12:44.268493,da Rosa,Cardoso,44.19,DELIVERED,TRUCK,56
11021c0c-7ec5-492c-bc50-b2c317c6c00e,2026-05-01T08:52:18.041905,Garcia de Cavalcanti,Lopes,91.21,CANCELLED,TRUCK,77
e490f597-38a9-4195-9d41-0bb1800f584f,2026-05-01T05:58:57.601196,Freitas da Praia,Nogueira dos Dourados,57.95,IN_TRANSIT,AIRPLANE,107
4683aee5-30c5-48f7-a8e9-f1c05c63a882,2026-05-01T01:35:18.771682,Leão,Novais,40.32,DELAYED,TRUCK,119
a9570e40-253c-4fcd-adc9-5143c162c00a,2026-05-01T08:27:25.943274,Melo do Amparo,Vasconcelos,52.2,IN_TRANSIT,VAN,24
cb7eacee-b592-4cc2-85aa-92606e2dd0fd,2026-05-01T06:23:37.301980,Lopes das Flores,Gomes da Serra,59.82,DELAYED,MOTORCYCLE,10
e259b97c-e188-4d64-9858-8b12866d074c,2026-05-01T09:21:35.759007,Almeida,Ribeiro,57.77,IN_TRANSIT,VAN,95
7e4b6c10-ce96-4b12-a7ee-0d18ff094079,2026-05-01T06:04:35.628702,Pimenta,Nogueira,89.32,DELIVERED,AIRPLANE,77
281a2b57-ea91-4a90-949f-52a6538d6b26,2026-05-01T08:11:26.729233,Viana,Vasconcelos Grande,70.0,IN_TRANSIT,VAN,32
66de43b2-4ae5-4672-91f2-e18b8b577b08,2026-05-01T11:50:50.553863,da Rosa,Gonçalves,59.06,DELIVERED,TRUCK,67
3d7c65f8-0b5f-4d3c-8461-ad85633342c7,2026-05-01T08:20:21.181233,Correia,Nogueira de Ferreira,75.22,DELIVERED,MOTORCYCLE,96
dda8d9f4-5246-47bf-be28-e3fe01f1017f,2026-05-01T09:03:50.077592,Garcia Alegre,Freitas,95.57,CANCELLED,AIRPLANE,23
31faffba-6f49-498d-b834-298a3b1059ab,2026-05-01T11:36:23.909168,Rezende,Costa de Azevedo,39.1,DELAYED,AIRPLANE,116
710953e7-70d6-4180-99c2-c15115504dbd,2026-05-01T11:09:21.022647,Leão,Vargas de Sales,0.21,DELAYED,AIRPLANE,67
de4de638-d824-4dc8-9919-8b4f8667d63c,2026-05-01T09:46:53.552207,Alves de Oliveira,da Cunha,28.27,DELIVERED,AIRPLANE,30
e0720249-8273-4395-801f-1284bf4593a4,2026-05-01T02:04:28.233949,Duarte do Sul,Ferreira,4.21,DELIVERED,VAN,0
7cd4927a-c063-4b29-bad8-19e17406b90f,2026-05-01T00:15:22.095911,Pacheco de das Neves,Porto,85.23,IN_TRANSIT,AIRPLANE,88
228be7db-8f03-43cb-ad73-1731c547f20f,2026-05-01T03:54:17.591826,da Cruz Alegre,Cavalcante,90.63,DELAYED,AIRPLANE,105
93706eb2-15cf-41e8-a5e5-87e96b17c117,2026-05-01T03:01:21.739037,Nunes do Oeste,Azevedo,92.04,CANCELLED,AIRPLANE,75
b000a035-575d-485c-8c9b-72447fe20fa2,2026-05-01T00:30:16.207408,Carvalho do Oeste,Araújo,44.42,CANCELLED,TRUCK,0
9d6618c5-2495-43ed-b0c4-c7e5e21be50d,2026-05-01T10:51:50.310959,da Luz,Sampaio,53.69,DELIVERED,AIRPLANE,92
7c3b7102-7dc1-4c40-a943-92abd8dc9696,2026-05-01T02:56:43.414081,Machado,Costa do Sul,35.53,IN_TRANSIT,TRUCK,21
3b7c49f4-3e8d-427d-ad38-4f09e407c83f,2026-05-01T10:51:06.072297,Peixoto,Campos das Flores,34.35,CANCELLED,MOTORCYCLE,58
feb8c93e-d3dd-4229-8be0-8ed29a334346,2026-05-01T09:19:31.831363,da Cunha do Campo,Costela de Minas,65.03,CANCELLED,AIRPLANE,63
10f5ed8f-3564-4fa1-bc64-941765f72de1,2026-05-01T00:37:37.617751,Cunha do Sul,Rios do Galho,31.24,IN_TRANSIT,AIRPLANE,95
36051192-20dd-4733-865c-00ec80855c62,2026-05-01T07:12:29.881951,Nunes,Nunes,57.79,DELIVERED,AIRPLANE,74
6306e85e-f0d7-4a0b-b3f5-079eaae77815,2026-05-01T02:29:15.219939,Azevedo das Flores,Sampaio,71.0,DELIVERED,AIRPLANE,27
c882017b-2eb8-4221-8367-ea6244e84c04,2026-05-01T09:54:45.747348,Costa de Albuquerque,Moraes das Pedras,36.04,IN_TRANSIT,TRUCK,112
2d218efd-84b1-4343-ab11-2452f536373b,2026-05-01T04:51:08.555068,Teixeira de Goiás,Aragão,79.38,IN_TRANSIT,MOTORCYCLE,13
2ab1b6e9-5304-4149-b284-b91e67cf02f4,2026-05-01T00:00:18.908549,Brito,Souza,98.31,DELIVERED,MOTORCYCLE,64
4024af53-0b9c-4d70-8586-045ece383dbc,2026-05-01T00:51:27.547362,Cassiano do Norte,Fernandes de Goiás,74.4,DELIVERED,TRUCK,14
a5bf4265-abab-4e4c-ba1b-9aeb50b50a8d,2026-05-01T06:39:47.878731,Macedo de da Luz,Jesus,76.96,DELIVERED,TRUCK,114
07c07057-1461-4ab1-9018-268446fb2188,2026-05-01T02:56:58.960315,Câmara do Amparo,Monteiro de Marques,38.62,DELIVERED,TRUCK,26
80d4a6ff-2df0-4225-bf0a-bf537b9d97ff,2026-05-01T00:22:16.371755,da Cruz do Amparo,Nascimento,87.01,DELAYED,MOTORCYCLE,15
98d0203f-95e9-4a3d-865b-2247f97ebb5e,2026-05-01T10:10:56.452243,Novaes Paulista,Vargas,4.12,IN_TRANSIT,AIRPLANE,58
1960fb55-81dc-45f9-b47a-01c77addd7da,2026-05-01T04:11:38.917026,Caldeira,Aragão de da Cunha,33.82,DELAYED,TRUCK,78
9f0de026-452c-406f-bbcc-72c8d4735ff3,2026-05-01T01:14:47.629323,Azevedo de Pimenta,Correia,31.16,DELIVERED,TRUCK,110
72369af7-0960-44dc-b9f5-80da039b3526,2026-05-01T00:15:10.923956,Vasconcelos dos Dourados,Campos Grande,80.05,DELIVERED,AIRPLANE,101
0aea738a-67ac-497f-b294-f3ee13ccd5a2,2026-05-01T00:12:30.795455,Moura das Pedras,Nunes de Goiás,66.69,DELAYED,AIRPLANE,105
fd5b805f-13ea-43eb-b150-0faffdf370d2,2026-05-01T08:43:05.078507,Silveira Grande,Vargas,28.56,CANCELLED,TRUCK,57
f732a680-fa98-40d5-9dc5-d5f6f69cc343,2026-05-01T02:22:05.328237,Dias,Carvalho Verde,54.46,CANCELLED,TRUCK,55
23b86d32-04c1-4ec2-9814-00e9b5c0788e,2026-05-01T12:18:01.464467,Borges,Mendonça,15.8,CANCELLED,TRUCK,40
3c9a41e7-28be-4c39-baba-5cdf19e8ffc3,2026-05-01T01:19:18.483987,Albuquerque de Abreu,Araújo de da Mota,79.42,IN_TRANSIT,MOTORCYCLE,81
98c329b3-637e-46a0-ae6c-0fe46e2a71ca,2026-05-01T00:31:31.484403,Oliveira da Praia,Mendes da Mata,73.96,DELIVERED,MOTORCYCLE,72
f0db2292-6099-4a14-9561-157dfaa1b6bc,2026-05-01T09:38:37.368735,Rios das Flores,Nunes,49.13,IN_TRANSIT,MOTORCYCLE,57
bd3ec397-cc41-4b5f-a11a-8e4c7067c504,2026-05-01T03:34:37.013409,Cirino da Mata,Martins,30.95,CANCELLED,VAN,18
049da7f6-901a-4605-b848-1610a04298c0,2026-05-01T00:09:42.947151,Abreu,Barros,96.44,IN_TRANSIT,AIRPLANE,51
a6df17c0-d072-4d8a-a098-98d571bc171d,2026-05-01T01:05:38.775769,Pimenta,Macedo,97.0,DELAYED,AIRPLANE,4
f918f81a-5fcc-4e30-ac10-ab218294a77c,2026-05-01T02:59:13.987581,Nascimento Grande,da Conceição,56.82,CANCELLED,AIRPLANE,50
12789a81-7d4e-44eb-a117-217afeaf3b6d,2026-05-01T04:37:21.283804,Vieira de Goiás,da Luz de Aparecida,17.79,CANCELLED,MOTORCYCLE,77
29f357e8-5c7f-4841-8142-b286ea476b16,2026-05-01T05:22:00.931895,Barbosa,Correia de Peixoto,91.99,CANCELLED,VAN,12
7046a5cb-f0c7-43a0-9e85-f22c324df67c,2026-05-01T03:25:10.248285,Souza,Fernandes,42.44,DELIVERED,VAN,63
4281e279-1b33-4a06-9420-bf04a2de566a,2026-05-01T06:04:02.820502,da Mota de Minas,Cardoso de Novais,60.57,DELIVERED,AIRPLANE,36
e7cc3ed8-21bb-4012-845d-0b63b5bc2760,2026-05-01T08:59:24.900979,Sousa,Siqueira,31.15,DELIVERED,VAN,5
d1105069-39bf-479a-bf7a-5779b3f755e4,2026-05-01T03:55:27.760617,Andrade da Serra,Rodrigues,91.57,DELIVERED,VAN,40
e41b555e-6ca1-4ddd-a407-d4d008f9b508,2026-05-01T03:09:02.812059,Rodrigues Alegre,Mendonça,73.68,DELAYED,AIRPLANE,89
e8de8183-1cdc-41a4-9583-aa6512fbef66,2026-05-01T08:26:26.587757,Oliveira das Pedras,Nunes de Goiás,49.96,CANCELLED,VAN,4
5999499f-e63a-440b-91d3-75ed5a34f330,2026-05-01T00:51:35.353468,Borges,Souza das Pedras,21.5,CANCELLED,AIRPLANE,6
b0875309-6f3e-43a0-83ef-2411f1ff4595,2026-05-01T04:25:20.961942,Garcia,Aragão da Praia,25.48,IN_TRANSIT,MOTORCYCLE,49
40d85371-22a9-4943-b87c-4a1657de32a9,2026-05-01T03:06:54.354647,Borges de Ferreira,Sá da Praia,53.15,IN_TRANSIT,TRUCK,101
164aaea7-2244-4287-8176-afe891b4012b,2026-05-01T08:47:41.563543,Leão,Vasconcelos,71.65,DELAYED,VAN,15
0a1450e3-5266-4973-85c8-cc4c51d95b73,2026-05-01T01:57:46.045333,Alves,Araújo,17.69,DELAYED,VAN,96
b7ea713c-278c-4f26-8d5a-379d25e90112,2026-05-01T08:34:10.259691,Camargo da Mata,da Costa,7.25,CANCELLED,TRUCK,93
64ad51d9-0623-4b51-9466-400c05260d2e,2026-05-01T09:12:17.784532,Costa de Goiás,Sampaio,85.08,CANCELLED,AIRPLANE,115
3d7ab41f-cc0f-43c7-a8bb-41ae1d0fa3ca,2026-05-01T10:30:23.371756,Gonçalves Paulista,Sales,1.41,IN_TRANSIT,MOTORCYCLE,27
90edca3f-6ac7-406d-95a5-8949cb1a6658,2026-05-01T05:03:14.886686,Camargo de Freitas,Sales da Prata,50.55,DELIVERED,MOTORCYCLE,28
5ce5026d-b2f5-412e-8f0c-4fc18e2bc961,2026-05-01T10:52:22.172370,Barros de Cunha,Oliveira,45.8,DELIVERED,AIRPLANE,104
7cc5ad80-2304-45ee-913e-f8a2a353245a,2026-05-01T10:06:20.115548,Cavalcanti,Fernandes do Amparo,33.94,IN_TRANSIT,TRUCK,93
65f49bf7-411f-4d70-a9d4-c12b2f68589e,2026-05-01T12:17:24.711317,Pastor de Rezende,Correia,46.18,IN_TRANSIT,MOTORCYCLE,2
a3f831cc-1ed1-42e3-9f24-bf96129cdd35,2026-05-01T05:48:52.265097,da Cruz,Porto do Campo,20.76,DELIVERED,VAN,113
cc578597-6467-404a-a29f-23919aa6da65,2026-05-01T00:49:17.286104,Brito de Câmara,das Neves das Flores,19.27,DELIVERED,AIRPLANE,101
9f52ad83-6684-44d7-93ce-5c6bd5f7e993,2026-05-01T11:55:18.435973,da Cunha do Sul,Rios,86.77,CANCELLED,TRUCK,44
14817e19-b99c-48cb-b538-1907d8f24324,2026-05-01T05:32:57.859663,Duarte,Siqueira,54.88,DELAYED,VAN,80
4c95ae4e-ba82-4d2b-9486-64772ef904a2,2026-05-01T08:57:01.532554,da Mota,Garcia,54.6,CANCELLED,VAN,119
95ebf938-bba4-46e1-ac29-1ba97afb85ed,2026-05-01T12:19:26.897813,Andrade,Barbosa da Praia,80.65,IN_TRANSIT,VAN,115
cf96c551-baac-41f9-a0ec-ec68fca1d552,2026-05-01T08:35:38.096929,Machado,Lima das Pedras,67.64,CANCELLED,VAN,10
d14178d3-e23c-49de-9490-72658c22bcaa,2026-05-01T03:32:33.945224,Oliveira,Pires do Norte,98.0,DELIVERED,MOTORCYCLE,61
ba8dba23-1720-4b4c-8daf-04dc36e4febf,2026-05-01T05:26:53.376857,Montenegro,Nunes,59.04,IN_TRANSIT,MOTORCYCLE,89
6a5b106c-34bb-4261-9f41-907ac349106c,2026-05-01T11:25:27.482557,Cavalcante do Campo,Pacheco Verde,54.39,DELAYED,MOTORCYCLE,116
ab52ed9e-0c06-4480-a856-016aeb52d9c9,2026-05-01T08:12:52.668069,Martins do Campo,Novais de Nunes,96.16,CANCELLED,MOTORCYCLE,16
c6ca2b81-f357-4b40-a76c-ee371ed1dddc,2026-05-01T04:10:41.478622,Martins,Porto dos Dourados,36.98,IN_TRANSIT,MOTORCYCLE,52
2a5930d1-2b8c-494e-98bc-01da08f5100a,2026-05-01T08:46:46.255210,Correia Alegre,Nogueira,81.68,DELAYED,VAN,7
332bdc0e-5cb4-49aa-bc82-c185cad39f4a,2026-05-01T06:58:08.908161,Castro de Goiás,Nunes,56.3,CANCELLED,VAN,62
89da9dde-f5de-4e32-bac7-b6125b586f2f,2026-05-01T07:36:49.450248,Sampaio de Cavalcante,Campos do Galho,52.09,IN_TRANSIT,MOTORCYCLE,71
57586619-3dad-49ba-a8a8-36d28454058b,2026-05-01T10:18:57.756485,Borges,Campos,42.29,DELIVERED,VAN,51
b013b5fd-1eb7-42ce-b162-bdaa584e4c69,2026-05-01T03:41:17.431965,da Luz,Fonseca,75.33,IN_TRANSIT,TRUCK,54
9f1ea2cd-19cb-4be9-9194-8606d58108f1,2026-05-01T12:16:58.219969,Vasconcelos,Castro,30.92,CANCELLED,VAN,15
4f94dcfd-3107-4d80-b10d-4a34838db921,2026-05-01T09:54:21.074414,da Mata do Sul,Rezende,16.06,DELIVERED,AIRPLANE,41
0364b305-6a40-413d-8670-831d972b8636,2026-05-01T00:01:42.923075,Vargas de Melo,Fernandes da Mata,44.3,CANCELLED,TRUCK,92
b5b0c303-7dfa-4f8c-a794-f863a2553c7b,2026-05-01T05:20:42.894937,Fonseca de Marques,Sales Grande,1.38,CANCELLED,TRUCK,105
02075612-a76f-4ac9-85e1-967ced1bc9a8,2026-05-01T05:31:00.564257,Barros,Sales da Serra,74.57,CANCELLED,AIRPLANE,96
55005d28-ca21-4039-8d1f-8db66a21ab95,2026-05-01T04:37:31.449584,Nogueira de Nunes,Nunes,69.84,CANCELLED,TRUCK,72
fd646952-0526-4e5e-a035-e5529e021f95,2026-05-01T04:11:23.715033,Rocha,Santos,75.52,DELIVERED,TRUCK,80
ae162948-5773-4ed9-880e-955aff1550ff,2026-05-01T10:27:37.762453,Cavalcanti,Pires Alegre,95.52,DELIVERED,AIRPLANE,11
6a96124c-f6f7-44be-b8d5-af8fd624dabe,2026-05-01T00:33:24.636266,da Rosa da Prata,Porto,93.99,DELAYED,VAN,52
9cf77568-d324-456c-8632-fb7a00a5bdc4,2026-05-01T11:26:45.755780,Andrade,das Neves,52.68,DELIVERED,AIRPLANE,82
ee6d4c15-c891-41f8-a0e7-dd8f2078decd,2026-05-01T01:02:19.812351,Jesus,Alves,2.16,CANCELLED,VAN,52
e60e82a6-75e0-40b4-bc71-aba760a51dda,2026-05-01T01:04:31.367646,Machado dos Dourados,Barros de Souza,28.88,IN_TRANSIT,MOTORCYCLE,117
883feaeb-d9c7-499b-9864-f70d9ca6a56d,2026-05-01T05:34:42.901141,Machado,Carvalho das Flores,38.71,DELAYED,AIRPLANE,116
a8b8b49c-7198-4728-92a6-df652df140a2,2026-05-01T02:46:17.171120,Araújo,Camargo,1.68,DELIVERED,VAN,68
388f66de-8f53-4d8d-aee0-520fe77639dc,2026-05-01T11:24:39.368944,Macedo do Amparo,Pereira,48.3,CANCELLED,VAN,38
cbb4f9e6-9db6-45e3-8872-db517c918987,2026-05-01T06:32:11.671447,Azevedo da Mata,Moraes,32.5,CANCELLED,AIRPLANE,80
a344e0cc-1563-4ad4-b9a8-ac9c3c1625cf,2026-05-01T06:03:39.085779,Pastor da Serra,Aparecida,4.51,CANCELLED,AIRPLANE,107
9e925794-5360-47eb-bc3d-04af4c8e6029,2026-05-01T09:11:24.676790,Monteiro Alegre,Albuquerque,32.84,CANCELLED,MOTORCYCLE,13
50fe50f7-b883-42cf-aa38-68a213d7839d,2026-05-01T04:34:24.249605,Fogaça,Pires de Lima,86.82,DELAYED,VAN,96
a52c0abe-6018-44b0-9db9-aba0872fcb21,2026-05-01T12:20:18.793874,Borges de Peixoto,Garcia dos Dourados,86.71,IN_TRANSIT,MOTORCYCLE,42
