shipment_id,timestamp,origin,destination,weight_kg,delivery_status,vehicle_type,estimated_delay_minutes
86351be4-0c84-4324-9dd7-0fb63da75d3b,2026-05-01T05:38:17.058244,Campos,Fonseca Verde,24.02,IN_TRANSIT,VAN,54
78b12171-0718-4861-92b3-2b7e3d57a5ba,2026-05-01T09:47:41.667830,Barbosa,Sousa,36.59,IN_TRANSIT,VAN,26
da1e8ed3-d4b3-4a07-a32b-d57bd83f7ea2,2026-05-01T03:51:42.862147,Albuquerque,Machado do Norte,90.18,IN_TRANSIT,VAN,106
bdfa8d17-d2dd-4743-9155-307a12d1acb3,2026-05-01T11:32:17.225721,Cirino da Praia,Macedo,69.62,IN_TRANSIT,VAN,1
910825a2-87ee-48f0-bd47-e7959a7590d7,2026-05-01T07:51:50.806986,Castro,da Conceição das Pedras,2.69,IN_TRANSIT,VAN,3
abc57b8d-894f-4874-9ae5-0b13cf8bf385,2026-05-01T07:52:56.772790,Melo,Abreu,71.62,CANCELLED,MOTORCYCLE,66
6390742a-6271-4410-8c35-ea0917ad24b7,2026-05-01T00:43:15.447036,Guerra do Amparo,Cavalcante,43.76,DELAYED,TRUCK,24
a778af93-e60e-40d6-afa0-527241ef547b,2026-05-01T10:44:40.604599,Nunes,da Paz de Guerra,58.85,DELIVERED,VAN,108
662867ed-2efe-48bb-bd87-00431c340684,2026-05-01T01:58:54.366970,Fernandes do Norte,Teixeira,44.18,DELIVERED,TRUCK,117
6cca2c4c-bd8f-47a7-8a66-0b88d83516fd,2026-05-01T10:25:21.125301,Andrade do Oeste,Ramos,45.88,DELAYED,MOTORCYCLE,10
7541e382-0ad5-4792-a1e0-4f88c9218a02,2026-05-01T11:39:36.237202,Fonseca,Camargo,87.8,IN_TRANSIT,TRUCK,57
c1cba547-65ed-4ea4-a9e8-95a445d0ea87,2026-05-01T02:19:49.089524,Leão,Teixeira,5.5,DELIVERED,VAN,6
ec084ab4-ef1b-433b-b3d5-70c01eba11c6,2026-05-01T01:24:18.552012,Dias,Oliveira,33.56,DELIVERED,VAN,35
52f92b97-209e-44ea-a399-e7de7a754195,2026-05-01T05:32:47.118239,Duarte da Prata,Ferreira,88.49,DELAYED,TRUCK,109
3865866f-0dcb-4ecd-8547-bac75ee4eb9b,2026-05-01T00:05:31.356414,Garcia do Galho,Cardoso,90.84,DELIVERED,VAN,8
8ba51a53-de1b-4ce6-903b-2479c474732e,2026-05-01T00:34:42.431672,Lima,Silveira do Norte,43.18,DELAYED,TRUCK,27
4fc6a11c-d51d-42a4-a26f-042ecc7a6541,2026-05-01T00:28:15.460514,Rocha de Minas,Farias,22.6,CANCELLED,VAN,7
939f5fa7-1629-4f18-b534-4ed0274cf7cc,2026-05-01T02:40:56.879076,Albuquerque,Rios,55.02,DELIVERED,VAN,115
bb180b51-17c7-4ed0-b1b3-5318192e7fd0,2026-05-01T00:36:17.948064,Novais de Goiás,Pastor do Amparo,45.78,IN_TRANSIT,MOTORCYCLE,81
083f6be9-7f69-4d80-b900-01496524cadb,2026-05-01T08:25:02.377769,Marques,Martins de Minas,7.25,DELAYED,MOTORCYCLE,77
001042b9-ccf6-49e5-80fa-dd6124380673,2026-05-01T00:48:26.028114,Oliveira,Fernandes,88.08,IN_TRANSIT,VAN,13
9ce2df14-9afd-42a1-b5e9-e9c5bfb03262,2026-05-01T06:20:47.788298,Martins,Sousa,91.66,DELIVERED,VAN,74
e78158dd-b39e-4e51-904f-4dbd296e1587,2026-05-01T08:25:17.471698,Vasconcelos da Serra,Borges de Minas,83.74,IN_TRANSIT,AIRPLANE,48
0a94689d-9c6c-4314-80c0-d11028780fc4,2026-05-01T11:14:24.551940,Moura,Cavalcante,91.4,CANCELLED,VAN,71
d4c2117e-83f0-404c-8279-c1af314aa665,2026-05-01T07:59:31.778192,Pires,Azevedo de Cavalcante,22.92,DELIVERED,MOTORCYCLE,84
6535b094-5dbc-4780-9772-e0d9deff8386,2026-05-01T04:00:10.048883,Azevedo,Vieira Grande,72.01,DELAYED,AIRPLANE,53
d9947f17-fcfa-464d-8c61-feaa2c60e4ab,2026-05-01T00:23:16.604517,Pereira,Fogaça do Galho,85.36,CANCELLED,MOTORCYCLE,49
df28010c-523f-4719-ab2a-9a01d0a32177,2026-05-01T08:07:44.113410,Sales,Vargas,67.17,CANCELLED,VAN,27
bec08ee7-d988-4543-a496-49fcae72da8b,2026-05-01T00:45:47.775923,Ramos,Garcia,78.3,IN_TRANSIT,MOTORCYCLE,71
bc795254-0f6d-4361-92a8-31a9a2e389c2,2026-05-01T05:33:07.325513,Andrade das Pedras,Sales da Serra,18.18,DELAYED,AIRPLANE,100
878fe745-c20e-486f-ad8a-65dccace368b,2026-05-01T09:38:43.748655,Lopes,Silva das Pedras,30.96,IN_TRANSIT,TRUCK,27
aacb8e96-3723-46c2-878a-4155e6f3dcfc,2026-05-01T00:39:04.375432,Cardoso,Vieira,25.0,DELIVERED,AIRPLANE,80
c339f3ce-0073-414e-babe-012387f61c66,2026-05-01T02:52:50.637043,da Cunha,Cavalcanti,33.34,IN_TRANSIT,VAN,53
96322e7b-b3a1-452c-8a5e-51ba4bd30db2,2026-05-01T09:51:33.568453,Oliveira da Serra,Borges,84.6,IN_TRANSIT,AIRPLANE,114
ab6f7f5a-5e37-4c49-869d-883341626504,2026-05-01T09:48:03.074323,Novais do Galho,Machado,54.3,IN_TRANSIT,VAN,13
965e657d-b48e-42c9-94d3-b7c6c415a48a,2026-05-01T10:56:55.224450,Leão,Rios,6.77,DELAYED,VAN,92
90098f87-c70e-4d07-a3fe-b9cdc6c09688,2026-05-01T12:11:20.304044,Sampaio do Amparo,da Mota,93.49,DELIVERED,MOTORCYCLE,19
cd825c61-788b-4a77-8375-86aa33682a66,2026-05-01T01:32:44.955489,Fonseca do Galho,Novais de da Conceição,7.45,DELIVERED,VAN,40
fc8af308-bfe6-47a5-96e1-b1c9b0d96293,2026-05-01T00:14:29.974766,Sampaio das Pedras,Oliveira de Vieira,38.4,DELAYED,AIRPLANE,68
50d8ca30-91be-4354-87d7-6761d7e20945,2026-05-01T07:15:47.697109,Garcia,Abreu,17.44,CANCELLED,VAN,116
e7180107-b1b8-450a-8766-a3d22a907125,2026-05-01T02:31:39.195423,Marques,Martins das Flores,81.65,DELIVERED,VAN,77
9e2b1cbb-61ad-44e4-825c-59174f8306a0,2026-05-01T06:13:31.979876,Moura de Goiás,Marques,23.13,CANCELLED,VAN,52
bb4444c2-68fb-4e19-bc79-5f85bfc83d02,2026-05-01T06:26:41.961662,da Mata,Barbosa do Galho,8.65,DELIVERED,AIRPLANE,103
9e4276b8-cadb-4c52-8f1e-c3646ab57a27,2026-05-01T06:56:51.739800,da Costa,Nogueira Verde,36.71,DELIVERED,TRUCK,22
cacb3a1b-f240-4a29-b603-e286a67bd946,2026-05-01T05:33:12.957553,Vieira de Pacheco,Moura,20.89,DELIVERED,TRUCK,76
57c7d5a9-56a0-4733-a9a4-f40f6b888427,2026-05-01T07:20:33.985193,Fogaça dos Dourados,Dias das Flores,9.13,DELIVERED,MOTORCYCLE,104
b760a964-edfb-4743-b623-0c24f03c1dbb,2026-05-01T01:18:18.448091,Vargas Verde,Santos,81.2,DELIVERED,VAN,21
84932123-02f2-401d-b932-5c1696fd57c7,2026-05-01T09:16:55.416308,Gonçalves,Pereira,41.64,DELIVERED,MOTORCYCLE,38
c0bf9eb1-bf32-40b9-9f20-9ce82dfebcf5,2026-05-01T11:20:40.701372,Fonseca de Viana,Pimenta de Nunes,10.33,DELAYED,MOTORCYCLE,41
8455d63c-994a-45ca-8c7b-e87fff5f7dd9,2026-05-01T07:04:09.001996,Alves,Cunha,99.11,DELIVERED,MOTORCYCLE,10
38068fc7-07a3-4557-bb61-7d172ea97ea8,2026-05-01T05:48:23.943370,Leão Paulista,Carvalho de Borges,53.39,IN_TRANSIT,MOTORCYCLE,68
7ff6f14d-f0e2-4adc-92b3-97ff4746e326,2026-05-01T03:08:57.908452,Alves de Caldeira,Nascimento,81.44,DELAYED,MOTORCYCLE,28
bbbf8628-7a1a-47c0-b5df-577c4d056b36,2026-05-01T00:03:04.045290,da Cunha de Goiás,Cunha,34.91,IN_TRANSIT,TRUCK,36
e0b394da-d075-4372-9c83-7ae3ddabd779,2026-05-01T06:18:39.958719,Dias,Pastor Paulista,88.62,DELIVERED,TRUCK,9
c276d73d-a24b-403b-9717-c1792f04d890,2026-05-01T08:36:06.437038,Ribeiro,Carvalho das Flores,53.54,CANCELLED,TRUCK,58
d59d0e3b-1f79-4212-988e-3a681dd0d90e,2026-05-01T03:22:02.946547,Peixoto Alegre,Cunha,42.21,IN_TRANSIT,MOTORCYCLE,17
ab7d616d-7518-40eb-8e4c-b4c7c94dacbb,2026-05-01T01:38:36.562995,Castro,da Conceição do Amparo,81.09,DELAYED,AIRPLANE,77
5ed67277-bf5c-4a7f-a6c2-9acc11b1bace,2026-05-01T03:32:54.839179,Barbosa,Cardoso,39.16,DELIVERED,MOTORCYCLE,30
abca129e-96b2-4fb6-bf16-5e660eaabea4,2026-05-01T08:39:06.602861,Rios de Caldeira,Nunes do Norte,19.3,CANCELLED,TRUCK,59
80a9001c-8f9b-4997-9011-60f931e0fcb1,2026-05-01T04:11:03.671224,Macedo,Brito,54.0,CANCELLED,VAN,73
ee8dfaad-65f0-46d2-8e07-a80211338a12,2026-05-01T01:31:01.358949,Cunha,Viana,42.84,IN_TRANSIT,VAN,5
cc240db8-d4bf-43d0-a23a-2a5a88cf4a3c,2026-05-01T04:50:39.892310,Macedo do Campo,Almeida,67.28,IN_TRANSIT,VAN,52
b65893aa-f01d-40ab-8f58-f5b1bf6adcec,2026-05-01T10:25:56.863451,Pereira,Viana,49.77,DELIVERED,VAN,31
327074ba-b933-4a81-a710-0bbed6b5fd14,2026-05-01T05:02:54.825009,Cavalcante,Montenegro,17.84,DELIVERED,MOTORCYCLE,30
d8c33b5f-27cb-418d-8e80-7193fbc9c8a0,2026-05-01T08:06:36.196674,Macedo,Fogaça,43.68,IN_TRANSIT,VAN,95
30664e5c-1bda-441b-a67b-9d8b8f0547f0,2026-05-01T07:56:15.604903,Albuquerque de Casa Grande,Moreira,51.85,CANCELLED,TRUCK,68
c7718137-fb19-484e-ae18-708e2a79c2bc,2026-05-01T08:55:15.640059,Gomes de Goiás,Mendes de Minas,42.98,CANCELLED,VAN,60
0709d07a-bd11-4080-9b49-e903a12ed85b,2026-05-01T06:11:23.436026,Marques,Macedo,28.7,DELAYED,MOTORCYCLE,94
26e4f2c1-371d-476a-b144-47ac5880aa40,2026-05-01T11:43:48.049877,Pinto de da Cruz,Guerra do Norte,56.39,IN_TRANSIT,VAN,120
a755c04e-c523-4fc9-bec7-15844abba854,2026-05-01T00:36:53.796809,da Cunha de Martins,Guerra,5.9,DELAYED,MOTORCYCLE,23
633ad704-cdc5-418e-a9f6-22787a8c3653,2026-05-01T08:59:58.961067,Monteiro do Norte,Lima de Moraes,85.7,IN_TRANSIT,VAN,117
8de75f59-fe29-45a9-963e-77650a4b6437,2026-05-01T06:40:48.353890,Moreira,Ramos do Norte,40.71,DELAYED,VAN,119
9d90c848-542d-4cc0-82a0-ba5fd651abe1,2026-05-01T11:03:04.511764,Freitas,da Paz do Campo,19.39,DELAYED,TRUCK,45
493bb2ea-881f-4e02-9b71-0720881cac76,2026-05-01T07:10:04.008917,Vasconcelos Verde,Pastor do Oeste,30.35,CANCELLED,VAN,82
2a2c76f1-cc16-48b3-9937-8cfb6b017d4f,2026-05-01T02:16:39.489537,da Cruz,Rezende Paulista,31.5,DELAYED,AIRPLANE,76
23ac9df3-79f9-4f43-979a-0dd7c1c3e452,2026-05-01T09:30:46.815701,Ramos,da Cunha de Rios,10.52,IN_TRANSIT,AIRPLANE,33
00efd46c-7166-4104-8ac4-9834653513e8,2026-05-01T06:52:23.541815,Barros,Mendes,53.7,IN_TRANSIT,MOTORCYCLE,27
b37ba35d-ee9d-4b3d-9b80-891599f76220,2026-05-01T03:37:11.739881,Lima,Ribeiro,58.62,IN_TRANSIT,MOTORCYCLE,28
e24cdd45-5a65-41cf-ae6a-cc9751b8e945,2026-05-01T01:08:17.412927,Novaes Grande,Pacheco,76.45,DELAYED,MOTORCYCLE,86
48c49b03-32b6-4a37-834c-cf0d2a5e7d04,2026-05-01T09:08:45.205297,Vieira de Cavalcanti,Barros Verde,86.88,CANCELLED,VAN,110
b1b2db5a-cb6d-4058-a909-ac3e6bd5bcdc,2026-05-01T01:00:33.001911,Costa,Santos da Serra,26.65,DELIVERED,AIRPLANE,18
97854c91-210b-42e5-8908-1b606ae14f92,2026-05-01T01:48:43.083417,Costela,Duarte do Galho,18.69,DELIVERED,AIRPLANE,75
ba952ee4-3e2e-4873-8744-4c7abef76348,2026-05-01T05:01:14.371557,Pinto,Lima,90.74,IN_TRANSIT,AIRPLANE,36
41fc7606-b7c9-4259-a8e4-a884b01e2a6e,2026-05-01T03:13:53.498490,Ribeiro do Norte,Vieira,14.82,DELIVERED,TRUCK,54
00cb1967-6090-49d6-a47b-878335593e9b,2026-05-01T09:31:36.293496,Aparecida de Freitas,Siqueira,44.18,CANCELLED,MOTORCYCLE,61
b31356ca-bc81-41ad-8e85-6fc9f040ca87,2026-05-01T12:07:59.027572,Aragão de da Mota,Silveira,7.04,DELAYED,AIRPLANE,16
da406a4d-1845-439c-b2b4-319a52d6fb88,2026-05-01T07:28:20.204649,Brito Alegre,Rocha,52.79,CANCELLED,MOTORCYCLE,70
97777122-a4f2-426d-9c71-ad7cbdde28e5,2026-05-01T06:41:13.113821,Ribeiro,Cirino,19.93,CANCELLED,TRUCK,97
4f665a9b-29c0-4e2c-a0bd-155d6a6c35d9,2026-05-01T00:43:44.341237,Montenegro,Mendonça da Serra,1.44,IN_TRANSIT,AIRPLANE,116
2f0612e9-aa70-4245-931e-2fd1c21ec8e4,2026-05-01T05:36:24.640990,Jesus de Rios,Pimenta de Borges,70.65,IN_TRANSIT,VAN,78
4882cd1e-db0d-4300-a8a3-72149b89ec99,2026-05-01T08:59:11.740997,Costa do Galho,Novaes da Praia,99.33,DELIVERED,MOTORCYCLE,48
cd572485-07eb-4ba3-85a5-36fb6474e9b1,2026-05-01T11:09:14.210783,Fernandes,Cunha,84.79,IN_TRANSIT,VAN,45
8863818d-70a8-44db-894e-4af3081248c3,2026-05-01T09:52:47.700507,Moreira da Praia,da Cruz de Nascimento,31.93,IN_TRANSIT,TRUCK,69
ffebbaf1-ca9b-4e5f-9168-2f326d42a108,2026-05-01T06:52:02.108911,Brito do Oeste,Sá,29.75,DELAYED,AIRPLANE,84
2209744b-aa0b-48f0-9f2d-6ab9f04e9b59,2026-05-01T00:47:02.271936,Martins,Araújo,69.94,DELIVERED,VAN,87
16be9b84-d057-4e72-bf0e-3dc527d23b94,2026-05-01T08:41:51.839776,Azevedo Paulista,Barros,54.79,DELAYED,VAN,74
9c9995d2-66ed-4d85-af0c-0a5a48283fb2,2026-05-01T01:45:59.743975,Cardoso,Vargas,81.64,IN_TRANSIT,AIRPLANE,101
2c9ed8a7-e8c3-408b-900d-c20e5ae5dfd0,2026-05-01T05:56:05.304771,Cunha,Correia Verde,36.41,DELAYED,VAN,92
c5110d87-d85c-459f-8645-0e811e5bff50,2026-05-01T01:51:37.149754,Ferreira,Pastor da Praia,60.09,CANCELLED,VAN,20
b22e8a8a-13b8-4dfb-9a2c-05def5969bd9,2026-05-01T01:13:50.903630,Jesus,Rodrigues de Goiás,54.4,CANCELLED,MOTORCYCLE,76
71a7d96d-59b3-494b-9667-97dc7f00d8bb,2026-05-01T01:34:27.540716,Moraes Grande,Cardoso das Pedras,71.67,IN_TRANSIT,TRUCK,2
0276ca59-3303-47da-aa28-276df56e900c,2026-05-01T10:52:38.874259,Casa Grande,da Cunha,0.43,DELIVERED,TRUCK,14
903c274b-81fc-4636-9493-7ff196c1fae5,2026-05-01T03:30:57.561160,Caldeira,Rocha,5.45,CANCELLED,AIRPLANE,69
5926925c-6a15-4c39-8b8a-0ddca51b9c68,2026-05-01T07:33:43.651621,Melo,Aparecida Alegre,97.89,CANCELLED,TRUCK,66
d8c43662-edc5-4306-9d0b-1b8bad7f40e9,2026-05-01T11:38:09.432162,Pacheco,Moura da Serra,83.79,CANCELLED,VAN,112
fcc2b185-183b-47ba-a654-9410bb4debce,2026-05-01T07:08:00.061414,Martins Grande,Vieira da Mata,93.81,DELAYED,MOTORCYCLE,112
ee4e5d54-38ec-4edd-ac3e-80ec0ff4b0f2,2026-05-01T04:14:48.832951,Leão do Oeste,das Neves,42.83,IN_TRANSIT,TRUCK,98
e1fc56d7-cfd8-4bab-961b-9a2c06eaf2cf,2026-05-01T09:32:25.113416,Mendonça,Pinto de Azevedo,67.43,IN_TRANSIT,AIRPLANE,79
33652301-7fc9-41b8-9307-f40c66a68b23,2026-05-01T01:57:25.289425,Jesus,Moraes,16.73,IN_TRANSIT,MOTORCYCLE,102
705d1de9-dc9b-4921-96c8-a222e2a2b81e,2026-05-01T12:11:21.093329,Costa,Gonçalves,28.33,DELIVERED,MOTORCYCLE,95
f5966a44-3a5f-490f-bdfa-81b2fac84c09,2026-05-01T09:56:50.095660,Costela,Cassiano do Galho,19.3,CANCELLED,TRUCK,75
85b1d3d8-6e73-449f-b41c-e7bb63c0d85b,2026-05-01T05:21:36.729239,Ferreira Paulista,Peixoto de Minas,57.54,IN_TRANSIT,AIRPLANE,53
ac0cb175-bf96-4f9a-8635-b669f8df0275,2026-05-01T10:20:00.106291,Pereira dos Dourados,Câmara,4.23,DELIVERED,MOTORCYCLE,119
c230adff-2ed0-428b-871a-0829547a1bb0,2026-05-01T06:55:53.623228,Melo de Silva,Barbosa,5.32,IN_TRANSIT,TRUCK,6
15c04c1d-9d91-4bdf-a489-81c002755618,2026-05-01T05:28:06.944701,Castro,Lopes,95.78,DELIVERED,AIRPLANE,45
b2879f17-2f49-4b43-a97b-13057e77ba4f,2026-05-01T05:01:09.422865,Cirino,Pereira de Barros,42.39,DELIVERED,VAN,20
5dfc5376-b744-4826-9e91-896c57c0881f,2026-05-01T01:07:10.726251,Cavalcanti,Machado Verde,71.9,CANCELLED,VAN,27
bffc4a60-ae56-4d1d-97ed-afe3d7e6a77f,2026-05-01T08:45:11.966846,Porto do Sul,Jesus,83.69,DELIVERED,TRUCK,14
8f495084-829d-4bb6-aa50-b90afc8aaa9b,2026-05-01T04:07:04.581240,Cardoso,Marques do Sul,91.42,DELAYED,VAN,93
ed8086f8-fe42-405b-b14d-76658f0f091d,2026-05-01T06:12:13.113245,Fonseca do Amparo,Campos das Pedras,50.37,DELAYED,TRUCK,6
1804e24f-34b1-47a3-b055-8887a4dac0c0,2026-05-01T05:28:48.462546,Mendes,Castro,11.37,DELIVERED,MOTORCYCLE,23
46ce5360-44c9-41a5-bf53-a67ec2f8b8ee,2026-05-01T09:20:06.196950,da Mata da Prata,da Mata do Sul,19.59,CANCELLED,MOTORCYCLE,48
b14d7c4d-976c-4b69-a713-972cabca84c6,2026-05-01T09:51:00.723569,Araújo,Araújo do Amparo,68.65,DELIVERED,AIRPLANE,52
4d08e39e-c047-4b5d-93ec-62ef61fd9f3c,2026-05-01T10:23:37.505196,Rios,Pacheco da Prata,94.54,DELIVERED,VAN,76
59495117-8749-45f5-a223-5d6956391977,2026-05-01T04:16:59.309596,da Costa,Campos,66.48,DELAYED,VAN,48
82d3e356-b501-4dda-880f-07a228b2bd3e,2026-05-01T11:00:34.442398,Nunes,Albuquerque Alegre,59.35,DELIVERED,MOTORCYCLE,76
15f7afa9-27f3-4e2e-8bdb-713427ed069f,2026-05-01T01:43:32.432463,Cassiano,das Neves da Prata,62.4,CANCELLED,AIRPLANE,1
982aba6b-2022-4911-b2a2-cc8cfd2aa0a3,2026-05-01T07:35:56.314438,Campos do Norte,Novaes,61.49,DELIVERED,VAN,15
d22850c9-d69a-4475-9c88-54f9b2f07a87,2026-05-01T11:23:50.638409,Pacheco,Teixeira,95.81,DELIVERED,VAN,45
bc5e8b74-1896-469a-8059-fd3411da2f8e,2026-05-01T09:40:56.462170,Rios,Siqueira,78.6,DELIVERED,TRUCK,93
a9836d1a-3461-454a-ad62-c6b391b145ce,2026-05-01T10:18:47.705073,Lopes do Campo,Pinto da Praia,6.22,DELAYED,AIRPLANE,74
d5e3770d-5d27-411b-9598-dd2e236f06d3,2026-05-01T12:09:48.021160,Cardoso,Sousa,9.71,DELAYED,TRUCK,96
f73d299b-5269-44be-a44a-4e0f90060f46,2026-05-01T00:51:35.076831,Peixoto,Macedo,56.62,IN_TRANSIT,VAN,110
b5775a13-4639-4ab1-82a6-b1e40700cbc0,2026-05-01T04:13:24.625193,Correia,Nunes de Câmara,55.85,DELIVERED,MOTORCYCLE,53
6a3c301f-dd78-476e-ad13-83c859e6791b,2026-05-01T10:15:03.636055,Sá,Rocha,82.75,IN_TRANSIT,AIRPLANE,26
d0360680-0537-42f8-b449-4037b9cb4bcf,2026-05-01T01:24:47.148798,Gonçalves do Norte,da Cunha do Amparo,66.09,DELAYED,AIRPLANE,69
10146749-8a91-4c8e-b5fe-c24f052d20b9,2026-05-01T01:54:30.085129,Gonçalves,Melo,95.98,DELIVERED,VAN,28
8e05b3dc-fab5-4a55-90ac-494dc3313045,2026-05-01T03:03:12.271926,da Conceição,da Cruz,3.93,DELAYED,VAN,100
6424eb19-684b-45bb-a06f-a50227c753e4,2026-05-01T01:47:36.915926,Mendes,Gomes,40.15,DELAYED,MOTORCYCLE,101
db55d90f-22bf-4670-81c4-81ac616ffacc,2026-05-01T04:59:02.659688,Pereira dos Dourados,Leão de Cassiano,80.8,CANCELLED,TRUCK,107
fa850e8e-9775-4e07-9676-7bee439cee72,2026-05-01T04:18:12.350324,Nascimento da Prata,Duarte de Goiás,45.29,CANCELLED,VAN,71
1771d9a8-3818-4d78-935e-e344c1827ed8,2026-05-01T05:04:21.281589,Mendes Paulista,Cardoso,5.86,DELIVERED,VAN,95
d4012109-4322-4693-995d-6b8947070034,2026-05-01T04:42:54.538026,Silveira das Pedras,Dias,3.15,DELAYED,VAN,116
18364f25-6cdc-4bb6-8774-a1685925b7c8,2026-05-01T11:30:54.773666,Cavalcanti,Caldeira,1.96,IN_TRANSIT,TRUCK,49
1eb5349f-d18c-4e0f-924e-b2705a386ca3,2026-05-01T06:15:47.498142,Monteiro da Mata,Melo de das Neves,28.63,DELIVERED,TRUCK,39
5d88ddb7-ed09-4610-8ad2-a5c289a1c7ad,2026-05-01T00:39:32.192137,Pereira Alegre,Monteiro,18.37,IN_TRANSIT,MOTORCYCLE,64
ae876ca6-96c1-43cd-8de8-ccda555d5718,2026-05-01T03:17:50.232377,Cassiano do Galho,Moraes,53.06,CANCELLED,VAN,94
1eb77532-d2c9-40ee-a0b3-71d6f100a82e,2026-05-01T00:12:52.552504,Cassiano,Sales do Norte,25.98,CANCELLED,AIRPLANE,32
69cbdd4e-521f-43e0-8596-fc3776629786,2026-05-01T06:30:04.457287,da Mota,da Mata Verde,77.2,DELAYED,TRUCK,118
64d3821b-6fe7-4bc0-ae1d-c5937559cbd0,2026-05-01T04:48:05.074416,Lopes,Marques,93.77,IN_TRANSIT,AIRPLANE,71
034fb21d-0a1c-4b43-baba-b68a8845c9b9,2026-05-01T12:02:31.645996,Peixoto do Sul,Pires,7.43,DELAYED,TRUCK,29
f0245b85-76ec-4596-bbbd-f8697c5a8c6c,2026-05-01T04:28:04.115908,Araújo do Sul,da Costa,85.41,CANCELLED,MOTORCYCLE,78
a1e40b5f-a627-4364-a85d-9eee270e129a,2026-05-01T02:53:57.280638,Siqueira da Serra,Cavalcante,15.25,CANCELLED,MOTORCYCLE,84
b22c8b78-cb26-413d-b697-2d19c4824116,2026-05-01T08:16:36.011045,Correia,Barros de Rezende,81.61,CANCELLED,AIRPLANE,111
a68cecf7-a459-46e9-adf3-a69c01643222,2026-05-01T00:09:50.862087,Aragão de Cardoso,da Mata Paulista,62.24,DELIVERED,TRUCK,104
90f27d1b-9c42-4f92-bd39-306beb43a0c0,2026-05-01T05:11:09.837951,da Rosa de Goiás,Mendonça de Rios,66.78,IN_TRANSIT,TRUCK,26
f43ea7cd-19b1-445d-85ee-e8fe3c87ca91,2026-05-01T09:31:32.365473,Nunes de Rodrigues,Guerra Grande,87.34,DELIVERED,MOTORCYCLE,15
7cc5a9e3-ae81-4c58-97e4-580daa83a408,2026-05-01T07:17:45.580503,Carvalho do Sul,da Rocha,13.97,CANCELLED,VAN,103
4961b5af-ca7a-44cb-b9fb-1875c4506041,2026-05-01T09:15:26.899845,Nunes de Minas,Rios da Praia,81.87,DELIVERED,VAN,107
1a8781be-2c82-434c-bc7c-684e78a26eee,2026-05-01T07:01:25.404553,Pimenta,Cavalcante,93.36,DELAYED,TRUCK,100
37cf01d3-a407-4c8b-9349-5ef1c92e21e8,2026-05-01T11:40:30.452580,Nogueira Alegre,Andrade de Souza,1.29,DELAYED,VAN,86
1759dacd-a05e-427b-aea5-66a831b218f9,2026-05-01T03:36:13.845334,Marques da Serra,Cavalcanti,82.34,DELAYED,TRUCK,54
5872623e-8d98-4250-b41c-496eaade4379,2026-05-01T07:46:57.210499,Ribeiro,Araújo dos Dourados,19.98,CANCELLED,MOTORCYCLE,69
0cd13588-4327-456b-afa7-a7638c88442e,2026-05-01T06:13:50.226170,Cardoso,Nunes de Andrade,90.18,IN_TRANSIT,TRUCK,71
2cc3ad79-71b7-4c2d-838d-b7d9929464e4,2026-05-01T11:12:04.556013,Borges dos Dourados,Mendonça do Campo,27.31,DELAYED,VAN,117
c92a422c-7e05-4fed-8e55-7bc9185aecba,2026-05-01T11:32:26.241190,Lopes,Jesus do Campo,20.29,CANCELLED,MOTORCYCLE,71
008e1ae5-ea20-457b-b239-325a079cf274,2026-05-01T05:16:40.034856,Rezende de Aragão,Ferreira Verde,12.72,DELAYED,AIRPLANE,60
fa807f59-4f4c-44b6-8bd1-822d82a54aeb,2026-05-01T04:50:49.508605,Nogueira de Minas,Sampaio do Norte,21.04,DELIVERED,MOTORCYCLE,31
5755316a-bf59-43eb-89fc-8da5aa8740f4,2026-05-01T09:32:16.801806,Andrade,Fogaça da Prata,2.02,IN_TRANSIT,VAN,27
b9d9b958-925b-44b9-8977-35125bb36662,2026-05-01T07:58:34.899137,da Mota,da Rocha Grande,70.32,CANCELLED,TRUCK,36
ccac1d84-23c3-4b22-9a16-657c8d198e1e,2026-05-01T11:40:25.573966,Sampaio,Duarte,2.48,DELAYED,TRUCK,94
d0dc9aed-be76-468d-83ae-dc7f77f2957d,2026-05-01T03:13:52.856534,Teixeira,Cardoso,79.69,CANCELLED,MOTORCYCLE,76
77dba953-5782-49c4-ad05-d364f084e2cb,2026-05-01T03:56:52.688024,Sales da Praia,Rezende da Mata,24.82,IN_TRANSIT,VAN,71
166ca538-99de-43bd-a192-9cc9fbf61186,2026-05-01T03:22:16.583174,Campos Grande,da Luz,88.8,DELAYED,VAN,61
d893a845-89f4-4065-a80f-8256848eb7b9,2026-05-01T07:12:40.147568,Cassiano,da Cunha,11.11,DELIVERED,AIRPLANE,20
27e611ee-bd04-4f38-816e-bf67bc203165,2026-05-01T01:15:09.293816,Ribeiro do Galho,Silva,83.76,CANCELLED,MOTORCYCLE,109
0c24df5c-435a-4642-8759-340b0a442d3c,2026-05-01T06:35:22.231398,Pires Paulista,Abreu,71.0,IN_TRANSIT,MOTORCYCLE,60
5f06e5e1-84f2-4f1b-b76f-13a23f65ae50,2026-05-01T05:31:24.135490,Viana,Nascimento das Flores,35.04,CANCELLED,TRUCK,91
86f41422-4727-4881-84bb-2cdca19e1089,2026-05-01T10:33:07.532754,Mendonça,Gonçalves,85.76,DELIVERED,AIRPLANE,99
e6db34da-9924-401d-ab7e-5b5a0936ce2d,2026-05-01T06:11:41.346596,Melo,Farias Paulista,47.71,CANCELLED,MOTORCYCLE,69
dba175cf-6cd5-45e3-9f0c-7630affe741c,2026-05-01T10:12:00.652345,Carvalho Grande,Martins da Mata,70.61,IN_TRANSIT,VAN,75
6fd6f483-1a67-4c09-9259-89b480b5a58e,2026-05-01T06:12:42.611803,Ferreira dos Dourados,Fonseca,6.56,CANCELLED,AIRPLANE,101
105020d1-9bee-4909-b7a2-785f59adbbe9,2026-05-01T01:23:44.875623,Martins,Vieira,2.98,DELIVERED,MOTORCYCLE,87
7f2349f7-6d05-40a6-bceb-b13cb253a622,2026-05-01T10:24:49.000116,Andrade das Flores,das Neves do Galho,96.89,DELAYED,AIRPLANE,73
c7595364-99bd-4a13-81b3-c0b4971d95fc,2026-05-01T11:05:58.062769,Sampaio,Fernandes,35.78,DELAYED,VAN,17
20c20145-9628-4ce3-b264-c52527bcbb45,2026-05-01T03:57:38.443506,Pimenta,Carvalho da Serra,97.64,CANCELLED,TRUCK,6
85ccbe55-3edb-4ec4-b050-f69128d5dceb,2026-05-01T11:04:12.985398,da Rosa,Mendonça,66.55,DELIVERED,VAN,29
1ac9f5ee-813a-43ad-b4fc-0adc98dc2eb5,2026-05-01T04:17:07.433065,da Paz do Sul,Câmara de Guerra,5.2,CANCELLED,TRUCK,93
aa0a779e-618f-4d50-9f67-70b76ca218b4,2026-05-01T02:30:55.737952,Lima,Montenegro,74.25,CANCELLED,MOTORCYCLE,103
1f232af2-76b4-4389-bd6c-fd295f9d6eca,2026-05-01T07:28:26.600704,Albuquerque,Campos de Vasconcelos,6.12,DELAYED,TRUCK,60
b41ea727-649b-4b4c-b9d5-15f5513b654c,2026-05-01T08:18:10.817687,Campos,Pires,58.56,DELIVERED,MOTORCYCLE,99
8b5e94e9-d6c0-4484-af2e-54267637926c,2026-05-01T03:44:12.706924,Duarte Verde,Gonçalves,98.91,DELIVERED,VAN,0
da67539c-193f-4933-bcfc-1cf0bf6d6b43,2026-05-01T08:51:25.102305,Andrade de Sousa,Borges do Galho,97.8,DELIVERED,AIRPLANE,117
59366fc9-5981-4800-bc42-7a2cda29b0cc,2026-05-01T10:43:39.283319,Peixoto,Costa,7.32,CANCELLED,AIRPLANE,1
aa910efb-d887-439a-9db5-75d05aca3e86,2026-05-01T05:21:24.478482,Santos,Brito,22.71,CANCELLED,VAN,52
b4844e63-d7f1-45ac-8ef6-6411248b2796,2026-05-01T00:35:33.878647,Barbosa de Goiás,Rezende,5.12,CANCELLED,MOTORCYCLE,99
180749e7-6ef6-4a96-97bc-bbe7dfb26b7d,2026-05-01T06:31:04.080500,Peixoto,Barbosa,68.38,DELIVERED,MOTORCYCLE,88
f8a1944a-cc94-44d1-ad16-be6698683647,2026-05-01T09:44:05.648542,Fernandes de da Cunha,Correia,75.39,CANCELLED,VAN,80
ea4745e6-9d04-4332-a4e0-9fbc8db9a8f9,2026-05-01T01:17:03.534575,Sousa Alegre,Cunha,50.42,CANCELLED,VAN,80
29a9a7fa-5222-4a0c-bfdf-913bed56b21c,2026-05-01T04:40:20.825256,Moreira,Pimenta do Norte,34.58,DELIVERED,AIRPLANE,48
da83c6c6-98d6-45c0-83c5-d1f6a8bd118f,2026-05-01T11:32:12.379007,Aragão Grande,Rodrigues do Amparo,31.22,CANCELLED,VAN,82
e4e1ee13-088b-4017-955a-b418f3a00e31,2026-05-01T05:59:25.701093,Gomes Paulista,Cirino,8.05,DELAYED,AIRPLANE,19
ecbb2ad3-bce0-4daf-87b4-9845f84298d8,2026-05-01T11:18:11.410420,Correia de Pastor,Duarte do Norte,93.28,DELIVERED,TRUCK,53
1b38b171-e3c5-4fa4-a166-4e112ce9f28a,2026-05-01T07:11:49.695920,Novaes,Pereira,98.91,DELIVERED,MOTORCYCLE,47
dfc92626-3f23-47cb-8c4f-4383e378995f,2026-05-01T08:19:48.819678,Martins da Serra,Moreira,81.0,IN_TRANSIT,TRUCK,75
9e52d86d-0fd1-4f7d-924d-1c4144f134ed,2026-05-01T03:11:42.457117,Nascimento Alegre,da Rosa do Campo,37.91,DELAYED,TRUCK,52
f29a55a8-5991-4bb0-8780-696a4c100c2a,2026-05-01T10:16:33.538725,Teixeira,Campos do Amparo,3.09,CANCELLED,MOTORCYCLE,18
9cffd2ae-7326-43f7-9f15-2768fd9e4c1b,2026-05-01T01:57:00.144270,Sousa,Brito,58.09,DELIVERED,MOTORCYCLE,7
7a1863e7-f42d-4957-b8cf-b269fc86b40c,2026-05-01T08:02:57.516098,Ferreira,Machado do Sul,36.53,DELIVERED,TRUCK,77
6465e438-8448-4e3a-88cd-ef246717418c,2026-05-01T04:12:38.114449,Ferreira,Fonseca,77.9,CANCELLED,TRUCK,53
6f62f839-9df4-47ad-beef-7697fc155315,2026-05-01T02:03:37.148297,Machado,da Mota,0.22,IN_TRANSIT,TRUCK,105
e859988d-0e0e-4781-8658-1a5f9add146c,2026-05-01T12:24:25.717876,Moreira das Flores,da Mota,98.31,IN_TRANSIT,MOTORCYCLE,63
eb8fe9af-c78a-4b97-a726-096cface7834,2026-05-01T09:56:32.228433,da Mota do Campo,Albuquerque da Praia,2.35,CANCELLED,MOTORCYCLE,32
5d0309ab-6181-43a3-a4d5-5888178bb269,2026-05-01T06:39:40.613259,Ferreira,Cirino de da Mota,7.83,IN_TRANSIT,MOTORCYCLE,107
8349341a-1a56-40b5-9631-7b4ebeaac76d,2026-05-01T00:49:35.150635,Ribeiro da Serra,da Cruz,93.63,DELIVERED,AIRPLANE,20
f4ed3251-5a67-40c6-abe6-5e5c2021f4de,2026-05-01T02:04:09.251908,Nunes,Sá de da Paz,29.12,IN_TRANSIT,MOTORCYCLE,114
c6732865-c69d-4440-b896-ae27a77ead24,2026-05-01T10:26:41.307136,Carvalho da Serra,da Paz do Galho,11.81,IN_TRANSIT,AIRPLANE,46
c77b797f-d13c-4ac2-8a33-f3a0431e223b,2026-05-01T07:27:25.816578,Macedo,Aparecida Paulista,9.28,IN_TRANSIT,TRUCK,120
e5ec0e86-8469-47aa-8fcf-8eec0a666a70,2026-05-01T03:17:04.226877,Moraes,Oliveira do Oeste,24.25,DELIVERED,VAN,101
362bc0be-0629-4127-a158-a67679817aab,2026-05-01T06:58:26.294047,Pastor do Sul,Vasconcelos,78.47,DELAYED,VAN,63
b4345ad2-a3da-4d44-8403-aa2397eef6ce,2026-05-01T10:53:25.065444,Vieira dos Dourados,Gonçalves de Siqueira,40.66,CANCELLED,MOTORCYCLE,115
7dbd7c8d-5695-4dfa-9d93-97e2c3d968e8,2026-05-01T07:05:08.768100,Aparecida de Peixoto,da Cruz,58.47,CANCELLED,TRUCK,91
48e981d4-62bd-4e7b-8e4f-757f61608382,2026-05-01T05:08:59.116225,Farias,Fogaça da Mata,52.79,CANCELLED,TRUCK,49
a1885fd4-b8d4-488c-aa3a-fc1e7e677229,2026-05-01T06:49:07.802993,Costela do Campo,da Rocha,28.23,IN_TRANSIT,VAN,1
dca3cfc4-f8b2-44dc-a999-85b1ed9a7091,2026-05-01T04:04:21.910051,Sampaio da Prata,Borges,68.89,DELAYED,TRUCK,39
4234538a-f78c-43f5-bd8a-479d5ae6e821,2026-05-01T04:04:10.850136,Silveira da Serra,Pimenta do Norte,17.6,CANCELLED,TRUCK,30
95e921b1-1c50-4532-92ed-52bc41afd230,2026-05-01T10:43:57.302418,Monteiro,Abreu,33.14,DELAYED,TRUCK,105
d55598bc-8323-4488-9f96-83c7febab2e0,2026-05-01T00:01:27.415751,Novais Verde,Ramos do Campo,74.81,IN_TRANSIT,AIRPLANE,99
a6bd413c-7ae9-496a-820e-43fd6cd5f7d8,2026-05-01T09:35:43.188590,da Cruz das Pedras,Cassiano,47.09,DELIVERED,VAN,11
19d3fcfe-dc42-4c73-adbe-ce6455e80ac9,2026-05-01T03:39:20.301880,Caldeira do Oeste,Costela,92.37,CANCELLED,AIRPLANE,46
9e196dab-0e73-494e-94ad-589406038c3c,2026-05-01T03:54:43.188061,Pastor de Souza,Ramos de Guerra,98.21,DELAYED,TRUCK,82
160b9ddc-d5ac-4491-b5d7-b7096fc76c57,2026-05-01T11:50:51.377520,Borges das Flores,Cavalcanti,97.88,DELIVERED,AIRPLANE,76
96737ff9-3bc0-4787-ae60-4394a051a022,2026-05-01T07:01:36.458118,Câmara de Goiás,Sales,38.4,IN_TRANSIT,AIRPLANE,34
20da517c-0906-4218-9239-9192f459a4bd,2026-05-01T06:35:17.549680,da Paz,da Conceição,81.5,DELAYED,VAN,41
782e3583-743e-438a-bf20-a0e988b5119b,2026-05-01T10:35:46.752454,da Cruz do Campo,Cirino da Prata,46.39,DELAYED,VAN,2
8bbd14e9-73fa-4982-b224-098211ea6e59,2026-05-01T10:30:14.848198,Almeida,Costa,23.8,CANCELLED,TRUCK,33
d646438c-cfa2-45a6-aab4-b32dad772a82,2026-05-01T09:37:59.314222,Aparecida da Praia,Machado,55.04,DELIVERED,MOTORCYCLE,73
dee3aa99-80f3-484f-b565-24b61c7b0c47,2026-05-01T04:22:06.294807,Martins,Pimenta,2.96,DELIVERED,TRUCK,55
8114b5be-ac16-467d-9fa3-7add0fa66c27,2026-05-01T00:49:48.201665,da Mota de Minas,Camargo,80.34,DELIVERED,MOTORCYCLE,39
00ef1942-e635-412f-8994-82b81ec13d11,2026-05-01T07:20:59.190161,Cassiano,Cirino,9.28,DELIVERED,TRUCK,116
09d648cc-d65c-4422-a7b1-8a2690a8d7d7,2026-05-01T08:36:06.220142,Pacheco da Prata,Gomes de Jesus,83.29,IN_TRANSIT,AIRPLANE,51
2312d0f2-6859-4364-851a-5369414559e4,2026-05-01T11:53:51.469241,Cassiano,da Cunha do Galho,34.8,DELIVERED,TRUCK,115
2b0a754e-e290-4590-ae12-0fbe55183e4a,2026-05-01T02:59:43.880464,Sousa da Praia,Cassiano,88.94,DELAYED,MOTORCYCLE,101
d2c36d51-a5f5-4cec-8bce-df2b7760520c,2026-05-01T00:32:31.973462,Moura,Rios de Novais,28.72,IN_TRANSIT,TRUCK,72
9dfe4fee-1e5b-4cc8-b2e0-9b843cf93b17,2026-05-01T04:30:55.826261,Mendonça,Novaes de Silveira,88.96,IN_TRANSIT,VAN,73
51b50055-0dcd-4f91-9d90-55334db39186,2026-05-01T01:53:17.052773,Teixeira,Abreu,65.51,CANCELLED,VAN,59
e309acd8-7670-4c52-bc6b-4b3657db00ad,2026-05-01T06:16:43.741857,Costela de Pereira,da Cruz de Pereira,71.16,DELIVERED,TRUCK,8
cd838a69-7be0-4b3f-a056-e7481c81e8f9,2026-05-01T10:04:46.507474,Câmara,Albuquerque,46.32,CANCELLED,MOTORCYCLE,10
d3e003f0-43d3-4e25-afc8-1a3597f45a55,2026-05-01T10:00:17.562803,Costa das Pedras,Andrade,85.12,DELIVERED,TRUCK,94
ec9d5a01-8f83-433f-b918-acf02b979c0f,2026-05-01T06:57:29.776438,da Mata,Cavalcanti de Ramos,85.7,IN_TRANSIT,VAN,103
db2017cd-809d-4d69-9a31-ff4c020a37ba,2026-05-01T07:49:49.811305,Machado,Pinto,10.51,DELAYED,TRUCK,82
53fa4b03-2108-4ab1-8301-1639fac5ce09,2026-05-01T04:48:45.944943,Ribeiro,Gomes,45.26,DELIVERED,VAN,105
ec9a0c5e-7e81-4cf9-90f6-e1bd5daa9dbb,2026-05-01T05:30:05.503906,Casa Grande,da Mata das Pedras,36.87,CANCELLED,MOTORCYCLE,40
e25dbff4-a2f6-4cf4-ae4f-aa9551584eca,2026-05-01T11:25:45.089033,Castro,Azevedo,18.46,IN_TRANSIT,MOTORCYCLE,10
0fcaafa1-691e-4d99-b700-0f10f5c70ea8,2026-05-01T11:53:04.341561,da Rocha de Pereira,Sales Verde,65.75,IN_TRANSIT,TRUCK,43
35baa24f-aa91-4e32-8426-393ff0171156,2026-05-01T06:32:23.555795,Sá da Praia,da Rosa Verde,98.3,CANCELLED,AIRPLANE,52
ffd76732-e9d2-4294-9d46-6bbf199b404d,2026-05-01T12:24:43.812462,Fogaça de Pimenta,Cavalcante,6.1,DELAYED,MOTORCYCLE,6
465905e7-018d-4460-9d1e-203d3a17c3fb,2026-05-01T07:07:40.584733,Azevedo,Machado do Sul,79.51,DELAYED,AIRPLANE,44
d685befb-2cb8-4fd0-9f89-6f68dece4ae9,2026-05-01T00:56:16.256581,Sampaio,Monteiro do Oeste,65.53,DELIVERED,TRUCK,45
323d832b-4161-411a-8312-4005cff79467,2026-05-01T08:02:13.075272,da Rocha,Andrade,99.98,DELAYED,TRUCK,15
f677140b-9300-45ab-8843-ec383fd7d966,2026-05-01T12:20:25.199719,Barbosa,Farias de Dias,23.88,DELAYED,MOTORCYCLE,78
001212e7-b754-4d5e-a000-f1e91d2a3a5e,2026-05-01T05:40:52.344952,Correia,Casa Grande,8.53,IN_TRANSIT,TRUCK,18
7a9c8b1f-643f-43d4-b936-04a81a2da4cb,2026-05-01T00:48:38.310530,Silveira de Aragão,Rodrigues,62.85,CANCELLED,MOTORCYCLE,97
fd19dde5-7eda-4979-95e6-7d6b929d0a02,2026-05-01T12:19:10.195768,Lopes,Fogaça,58.11,IN_TRANSIT,AIRPLANE,29
6ae6d15e-4a92-4790-8625-4a77085f579a,2026-05-01T06:54:09.520664,Guerra Alegre,Jesus do Sul,68.49,DELAYED,MOTORCYCLE,93
a6bc23f4-d855-4efa-9c3a-ea705d434d83,2026-05-01T06:56:16.803416,Cavalcanti de Aparecida,Almeida de das Neves,86.7,CANCELLED,MOTORCYCLE,44
cbbbd7e9-ee0b-4655-b1cd-ece50e4280e1,2026-05-01T11:22:50.758737,Souza do Amparo,Cassiano de Santos,57.56,CANCELLED,TRUCK,86
1c2f8c12-321d-4e3f-b21f-fd6daace5c0d,2026-05-01T07:49:20.215036,Rios,Melo,35.75,DELIVERED,TRUCK,95
1bcf5959-0c3f-487d-85bc-eaa0629d72ff,2026-05-01T08:22:37.311475,Borges Verde,Freitas,72.49,DELIVERED,VAN,89
c7be090a-6cff-4db3-94aa-5c2be7f9eb65,2026-05-01T07:08:31.027498,Camargo da Mata,da Rosa,77.26,CANCELLED,VAN,101
113f6f11-c3de-4356-bdc7-00b0d2b20150,2026-05-01T01:27:14.013437,da Luz de Minas,Freitas,77.35,CANCELLED,VAN,86
e72660a8-e29b-412a-82a8-ae2c308f0b65,2026-05-01T04:05:06.853596,Garcia,Azevedo do Oeste,50.78,DELIVERED,MOTORCYCLE,22
5ee2c901-5db6-4cab-8a32-66a88ca0045c,2026-05-01T06:26:54.589745,Brito,Aparecida do Sul,6.73,DELIVERED,VAN,9
03de747a-eea6-4705-8a78-3224c01a81b8,2026-05-01T06:26:58.124618,Nunes das Pedras,Lopes,33.72,DELAYED,MOTORCYCLE,74
72d0a024-9f22-475c-8c01-5845d5e14267,2026-05-01T00:39:42.954295,Cirino do Norte,Araújo de Farias,43.01,DELIVERED,AIRPLANE,25
61e5f134-6ab4-4f6a-a8bf-df13982bf697,2026-05-01T10:26:38.655450,Silva,Garcia das Pedras,18.84,DELIVERED,AIRPLANE,19
212fbb04-088b-4abf-8e0b-b9744b00bac3,2026-05-01T03:35:23.831258,Siqueira,Nascimento do Galho,27.39,DELAYED,VAN,3
5f372eaf-da3b-43c3-9b60-b44c367555f8,2026-05-01T06:17:44.732386,Abreu,Macedo,32.81,DELIVERED,MOTORCYCLE,59
a464b7fa-dbb9-410d-a099-71f421d987db,2026-05-01T11:43:05.523477,Monteiro,Câmara,63.98,CANCELLED,AIRPLANE,2
da4eabe4-e618-46f3-8f91-36a588071795,2026-05-01T04:00:21.647048,Souza da Prata,Câmara da Serra,66.36,DELIVERED,MOTORCYCLE,40
74cd6f73-79b5-4a5f-887a-2ea6b15579f2,2026-05-01T02:19:41.648867,Vieira,Machado,66.89,IN_TRANSIT,TRUCK,84
c9b4a58b-a4a0-49ef-9e32-24f1998444ff,2026-05-01T09:26:26.039936,Mendonça,Rios de Moura,50.8,DELAYED,MOTORCYCLE,41
355aeb88-cb5b-43b9-9e50-2d44fe401d74,2026-05-01T08:47:11.425279,Moraes,Duarte Alegre,13.73,DELAYED,AIRPLANE,88
827314e8-966b-4663-ad54-968450bfae71,2026-05-01T04:22:44.144470,Guerra do Norte,Moura de Castro,17.8,DELIVERED,VAN,4
aa244571-ef7d-4a83-93ef-c14c0dcd56a5,2026-05-01T09:43:52.244091,Fonseca,Souza de Minas,82.4,CANCELLED,TRUCK,8
31d28737-c2b1-4060-b458-7b8da074f315,2026-05-01T07:45:23.590833,Novais,Vasconcelos do Campo,28.26,DELIVERED,TRUCK,90
6d791159-4ed2-4000-8ae8-44bac71c0359,2026-05-01T10:40:48.926649,Cavalcanti,Azevedo do Sul,15.12,DELIVERED,AIRPLANE,82
3de28795-4057-40a4-ac83-1deef25c3407,2026-05-01T08:28:54.971529,Gonçalves Paulista,Almeida,66.49,DELIVERED,TRUCK,16
4fd4ed8c-3713-4249-8663-3583bf2a7f48,2026-05-01T03:59:26.371451,Costela,Machado do Sul,74.73,DELAYED,AIRPLANE,72
b29e728e-e18b-4c2d-8ae9-91207d94c16d,2026-05-01T01:55:45.298424,Borges,Aparecida da Prata,31.45,DELIVERED,AIRPLANE,114
b305ecf5-699a-4581-ad79-e085ef3d94c2,2026-05-01T09:07:08.979349,Caldeira,Novaes,44.09,IN_TRANSIT,VAN,11
c14fa05c-b5d7-41ac-a49e-92c237eb3d79,2026-05-01T04:56:52.234765,Marques,Sousa,58.28,CANCELLED,AIRPLANE,34
bfcc4015-443c-46df-8af6-bc21b3f56a2f,2026-05-01T05:28:41.054003,da Luz do Amparo,Almeida da Prata,97.02,CANCELLED,AIRPLANE,66
24c9c92b-572e-4029-8651-55aaf4499159,2026-05-01T02:15:33.201956,Ramos,Azevedo dos Dourados,47.32,CANCELLED,MOTORCYCLE,100
1711d7f7-c1ac-4d88-956a-29787830ed14,2026-05-01T08:30:32.964270,Viana de Pereira,Azevedo das Pedras,29.9,DELIVERED,VAN,93
b33b762a-317d-4cee-b88e-262347b8aa4e,2026-05-01T07:40:05.852229,Macedo,Freitas Paulista,67.83,DELAYED,TRUCK,66
7445ebca-4e4f-4528-b5d1-e090dc6804e7,2026-05-01T08:41:50.039748,da Rosa dos Dourados,Lopes do Norte,83.49,CANCELLED,AIRPLANE,42
46fbdc9c-ec6b-4cba-8e71-0a0769252bef,2026-05-01T08:44:27.090531,Lima das Flores,da Luz,19.68,DELIVERED,VAN,32
e7f4995a-48b3-4824-a95c-0f09f4dfb8ca,2026-05-01T09:30:17.411151,Souza do Sul,Leão Verde,96.01,CANCELLED,AIRPLANE,54
ef215d53-a127-42a1-a648-0e3ae96433b3,2026-05-01T07:54:43.984518,Sales,das Neves da Serra,34.25,DELAYED,TRUCK,66
9fcef12c-57fb-423a-839d-0f1f4e57372d,2026-05-01T12:23:49.453167,Caldeira dos Dourados,Marques,73.91,DELIVERED,TRUCK,80
a28736bc-5b32-4702-9674-59e47441a7c0,2026-05-01T04:46:43.601522,Pacheco do Galho,Moraes dos Dourados,43.6,CANCELLED,AIRPLANE,101
3d3d6e11-a61c-4603-87a2-dce6f87fd3bc,2026-05-01T04:43:20.942365,Lima,Fogaça Verde,9.51,CANCELLED,TRUCK,23
08f7d5fb-e3c6-4dd2-8203-dea753f6b72b,2026-05-01T09:23:07.617861,Jesus da Praia,Vasconcelos,4.02,CANCELLED,AIRPLANE,18
5c957879-f555-423c-97a8-3f35cb818906,2026-05-01T04:58:51.191436,Peixoto das Flores,Borges,56.0,DELAYED,TRUCK,7
423706ab-9ec5-4c47-b001-2296d2107f06,2026-05-01T09:30:38.329713,Caldeira do Campo,Martins,73.61,DELAYED,VAN,114
e17376e1-30a4-4f36-a8f6-e1326e86d5fe,2026-05-01T10:38:58.282719,Martins,das Neves do Norte,3.33,DELIVERED,AIRPLANE,23
6cc3d2c6-b82e-4f99-9f49-11cd43ef57bd,2026-05-01T08:21:10.356262,Abreu,da Cunha da Praia,0.02,DELAYED,TRUCK,117
e6db6442-e577-40f7-b9ee-6a750b9040d0,2026-05-01T00:07:20.360953,Nogueira,Peixoto do Sul,72.44,IN_TRANSIT,TRUCK,21
d9e58100-601a-4f0a-a9db-cad2a563297f,2026-05-01T11:13:52.588441,Brito das Pedras,Correia de Goiás,21.88,DELIVERED,MOTORCYCLE,34
79f88852-041b-4ac3-9a5b-a061e005c444,2026-05-01T07:45:09.067408,Silveira da Prata,Abreu da Mata,74.83,DELAYED,AIRPLANE,103
ceab93c8-0127-4c9c-9942-ecc13bbef12e,2026-05-01T02:44:27.548490,da Cruz da Mata,Alves dos Dourados,25.13,DELIVERED,TRUCK,50
829ad29d-af01-4787-8e86-0b0aaf1526c4,2026-05-01T10:07:41.747323,da Rosa,Vasconcelos,14.99,DELAYED,MOTORCYCLE,101
70538ed1-6d36-4545-95cb-4fb72995679e,2026-05-01T10:12:23.349169,Montenegro de Minas,Barbosa de Silveira,45.98,CANCELLED,AIRPLANE,52
fc6cc28a-b5f8-45ef-a101-1429a0f17da1,2026-05-01T07:33:13.253886,Mendonça,Vasconcelos do Oeste,27.74,DELAYED,VAN,53
b7be68b9-08c3-40bc-b0c7-64cff7897281,2026-05-01T08:55:07.169031,Machado dos Dourados,Pires de Pereira,49.51,DELAYED,VAN,8
973f70fc-40ee-4f22-a8fd-4ef2ba54c99e,2026-05-01T03:19:14.681484,Cunha Paulista,da Cruz do Oeste,81.89,IN_TRANSIT,TRUCK,60
114d6f7d-55b4-489f-b19c-1726482f4189,2026-05-01T07:17:55.303452,Pastor,da Mota,20.62,CANCELLED,AIRPLANE,84
d3d6eb9d-e49b-428b-ab85-2f41ecabe0aa,2026-05-01T01:48:29.119328,Cavalcante,da Luz de Borges,79.51,IN_TRANSIT,AIRPLANE,15
99cf82be-fa66-462e-acb3-1022bf8edc47,2026-05-01T08:55:35.726487,Pereira do Oeste,Sampaio,47.48,CANCELLED,MOTORCYCLE,73
39872bb1-fe75-42bb-837b-6e80ba4e13ae,2026-05-01T00:13:44.324294,Novaes,Rocha de da Rosa,74.13,IN_TRANSIT,TRUCK,52
cc0b9b30-130c-46e6-b639-982883f4e0c1,2026-05-01T07:38:21.269838,Freitas,Vasconcelos das Pedras,51.07,CANCELLED,AIRPLANE,109
9955d9bd-e689-4c5b-8799-13fde972c08a,2026-05-01T00:41:01.934950,Mendes de Ferreira,Vieira,72.19,DELIVERED,TRUCK,76
5fcded1a-4411-4394-ae58-1046e419f89a,2026-05-01T04:36:14.842813,Pacheco,Carvalho da Praia,9.21,DELIVERED,TRUCK,53
37b75e6a-839a-402f-a160-e9e0b3879aac,2026-05-01T11:27:03.203538,Gomes das Flores,Rezende,95.69,CANCELLED,TRUCK,2
6ac4c13e-4a43-49c7-be3e-39759126d977,2026-05-01T10:10:39.671835,Pacheco,Siqueira,4.81,CANCELLED,TRUCK,86
79847315-5746-4fed-a93f-f9bc1ed403da,2026-05-01T07:49:43.137263,Marques,Correia,20.5,DELAYED,VAN,97
fc690e83-7149-416c-9a7d-96617d20b3aa,2026-05-01T09:08:31.482507,Melo,Costa,17.07,IN_TRANSIT,VAN,83
e5fcecf0-0908-4f05-bfd8-f929721b904e,2026-05-01T03:44:23.264156,Abreu,Fonseca,36.86,DELAYED,MOTORCYCLE,21
750baabb-3025-4b65-a274-f9fb63f79aa6,2026-05-01T04:34:50.130762,Porto,Nascimento,6.04,DELIVERED,TRUCK,92
9dacf8f8-606c-4440-b695-f8399cfefdfb,2026-05-01T06:16:06.870691,Borges,Vargas,4.24,CANCELLED,MOTORCYCLE,50
48001621-08c5-4980-86d0-40f7a4af316e,2026-05-01T11:01:09.523858,Costela,Jesus de Câmara,52.93,DELIVERED,TRUCK,5
a46a0e48-9c81-49e2-9ef5-13b4c9adbc4f,2026-05-01T04:36:33.833601,da Rocha,Garcia,47.07,IN_TRANSIT,MOTORCYCLE,56
9c8c56b3-d9a7-4bdf-a6ef-772270232fc2,2026-05-01T03:21:10.009684,Barros,Brito Paulista,55.98,DELAYED,MOTORCYCLE,103
6d009cb9-aede-4471-aed1-f4e453c8ebaa,2026-05-01T03:44:53.926193,Peixoto,Abreu de Rodrigues,38.67,IN_TRANSIT,AIRPLANE,40
a1ef25a9-f54b-4e46-816f-5ab576a09187,2026-05-01T05:11:36.574067,Pires,Leão,54.64,DELAYED,VAN,111
fe8c66c0-0dec-4a7a-9bd4-faa0592faf75,2026-05-01T03:54:32.128450,Cardoso do Galho,Moreira Alegre,43.99,DELAYED,MOTORCYCLE,114
a13cdc9e-0cb2-4ca4-a22b-3561fc240a86,2026-05-01T05:16:03.552383,Cassiano do Amparo,Martins das Pedras,33.49,DELAYED,MOTORCYCLE,97
ea9a8e2c-bf8a-4fc8-9fa1-d851f664526b,2026-05-01T08:07:22.834822,Casa Grande Verde,Monteiro da Mata,48.77,IN_TRANSIT,MOTORCYCLE,89
0664b086-a5c6-476a-8069-f3ca09d65552,2026-05-01T10:11:17.548477,da Cunha do Amparo,Mendes Verde,70.51,DELAYED,TRUCK,90
c608436f-d41c-4ad8-aa0b-5ee5460bb131,2026-05-01T03:29:40.125687,Moreira,Câmara,59.43,IN_TRANSIT,TRUCK,6
8dc0260c-edb7-4738-89dc-c6d60131ee6f,2026-05-01T10:46:36.041021,Costa da Serra,Pires de Campos,54.3,IN_TRANSIT,VAN,58
45ddacfe-6b41-4f52-a2d7-a04950e4e1f0,2026-05-01T00:29:11.520560,Nunes,Cardoso,43.84,DELIVERED,VAN,72
65a0ca84-b96a-42ba-ae7e-a2d2bef0ffc4,2026-05-01T08:00:49.622832,Macedo,Silveira,8.2,CANCELLED,VAN,111
54bb69d5-1e09-4079-9db1-c5d77f00137e,2026-05-01T12:08:15.684801,Vieira,Novaes do Amparo,93.1,DELIVERED,AIRPLANE,108
b662cb6c-c620-4e01-ae5c-6faf7add538f,2026-05-01T08:06:37.660732,Duarte,Viana do Campo,5.86,DELAYED,AIRPLANE,12
03b71dee-b2f9-49d9-a526-b9d44e2165a8,2026-05-01T03:56:36.821534,Fogaça Grande,Silva,58.95,CANCELLED,MOTORCYCLE,17
207ceae6-2a1c-477d-9407-78b6dca7e5a2,2026-05-01T05:43:53.363654,Ramos,Camargo da Prata,69.51,CANCELLED,TRUCK,118
4bcf009d-99cb-4b00-a131-fab9d94d5b20,2026-05-01T12:05:06.000478,Farias,Castro do Galho,68.45,CANCELLED,VAN,89
7e179ce6-3bb2-4de4-a569-a2de41fd6531,2026-05-01T04:23:38.499112,Silva dos Dourados,Sales de Nogueira,51.21,DELIVERED,MOTORCYCLE,67
217f2d18-dd30-4066-9ab6-2d1300bd2614,2026-05-01T03:28:13.428707,Jesus Verde,Pinto,34.11,DELIVERED,TRUCK,8
5e0ea538-fe61-49ec-958a-e977e88643f8,2026-05-01T00:04:48.748576,Borges,da Paz de Mendes,51.66,DELIVERED,VAN,108
06c11698-38f4-456d-9064-dcab7afaa87b,2026-05-01T04:41:13.341285,Costa da Serra,Vieira das Flores,31.32,CANCELLED,AIRPLANE,62
33798135-d78a-47a6-b6ea-819a0db02bd0,2026-05-01T09:12:38.458474,Gomes,Silva,16.98,DELIVERED,TRUCK,82
e053f91d-bec2-4a17-9e59-bfca90f84341,2026-05-01T03:58:47.811527,da Mata de Ferreira,Mendes,88.25,CANCELLED,VAN,78
faade401-16fa-4db8-b624-f336ac21e7e1,2026-05-01T05:38:17.638083,Fogaça de Porto,Pires das Flores,89.71,IN_TRANSIT,AIRPLANE,82
3c960dd7-af29-4e69-8323-a61b7db87212,2026-05-01T00:22:55.878751,Moura da Praia,Gonçalves,87.39,DELAYED,MOTORCYCLE,32
daea5037-cefb-4fc1-a0e4-cd48d6cc5bb4,2026-05-01T06:20:47.886211,Azevedo,Sampaio do Sul,43.32,IN_TRANSIT,AIRPLANE,81
ed9dc6a3-1c79-4622-aad0-03c44d098aeb,2026-05-01T04:13:06.640436,Pires,Mendonça da Serra,57.68,DELAYED,TRUCK,105
6686896f-6dfe-4d1e-924c-de5c9c173cd6,2026-05-01T00:52:03.897786,Sousa Grande,Porto,19.45,DELAYED,VAN,49
9b8f278e-481b-4a74-959d-eef2da17143a,2026-05-01T00:36:28.271655,Aragão,Lopes,6.1,DELIVERED,TRUCK,111
ed0e51fa-b36c-47fb-bc82-1dca60299cb6,2026-05-01T00:26:26.471369,Cavalcante,Ribeiro da Praia,15.84,IN_TRANSIT,VAN,45
567c2205-092c-4d97-888c-1084d8abe59a,2026-05-01T01:30:33.630242,da Rocha de Silva,Aparecida de Mendonça,22.99,IN_TRANSIT,AIRPLANE,100
2db33ba5-834a-4211-9a2b-e50d2e193e94,2026-05-01T09:02:38.133626,Sales,Porto,92.73,DELIVERED,AIRPLANE,33
d4a1028b-13c9-4c17-9450-0bf609a8192f,2026-05-01T02:05:21.687828,Rodrigues,Camargo,50.04,DELAYED,AIRPLANE,48
a02c111f-e181-40d3-b0ff-547dff36df82,2026-05-01T11:07:35.042576,Andrade,da Cruz de Minas,53.52,DELIVERED,TRUCK,75
1dc3fb42-eb0c-4ef4-a39c-1d3ebe9e5036,2026-05-01T11:56:09.072590,da Mota,Oliveira,18.82,CANCELLED,AIRPLANE,33
21700256-c68e-4817-99b7-f01d6dae6ba0,2026-05-01T12:14:05.636014,Sá,Casa Grande Alegre,34.86,DELAYED,VAN,68
578c96f7-8a34-4eb9-8eb0-85a69394b31f,2026-05-01T03:35:28.493163,Nunes,Andrade do Amparo,28.33,DELIVERED,AIRPLANE,87
e2ead226-d36c-4fb4-8ede-49770ce9c43e,2026-05-01T01:03:07.889363,Nogueira,Andrade das Flores,97.15,DELIVERED,MOTORCYCLE,36
6c788f88-eea3-4f7a-a87a-e893b35c9bb5,2026-05-01T01:59:54.163842,Borges,Almeida do Oeste,64.41,IN_TRANSIT,AIRPLANE,52
cf904c95-6e76-4d56-953f-b25985d02385,2026-05-01T10:59:35.169156,Pereira,Martins,1.05,DELIVERED,TRUCK,4
5d0ec8d1-8dd9-4306-991d-b66485ebe20a,2026-05-01T02:07:23.950340,Gonçalves de Castro,Albuquerque da Praia,6.39,DELIVERED,VAN,38
96080302-4466-41a9-8059-fc553ddff387,2026-05-01T07:41:55.371622,Costela do Norte,Brito,21.22,DELAYED,TRUCK,19
cb1b9c1b-e448-4297-9c43-7ebd23b96d83,2026-05-01T10:48:01.586792,Caldeira,Araújo de Garcia,58.19,DELIVERED,MOTORCYCLE,74
71d04419-c6dc-4c00-91ee-1f825e451376,2026-05-01T09:56:35.946465,Novaes,Montenegro,3.89,IN_TRANSIT,AIRPLANE,103
532af2f8-1eec-4ade-a045-541a5c3f1901,2026-05-01T05:06:30.759398,Araújo do Galho,Martins,24.23,DELIVERED,MOTORCYCLE,49
b65d38cd-724a-495f-9352-3eaa1fa01e1e,2026-05-01T02:59:28.740668,Aparecida,Ferreira da Mata,95.85,DELIVERED,AIRPLANE,85
7d09c931-0b70-40f9-912f-9e6654e754b6,2026-05-01T05:00:52.740057,Fonseca Grande,Rezende do Norte,68.46,CANCELLED,VAN,30
850e50b5-1315-4c94-aa09-eade3783185f,2026-05-01T03:59:12.784028,Correia do Oeste,Cirino de Sousa,71.68,IN_TRANSIT,VAN,60
9bbc02cc-b25a-4354-87e1-f8557614a352,2026-05-01T08:50:55.988055,Gonçalves do Amparo,Aparecida do Norte,26.09,CANCELLED,MOTORCYCLE,15
431e4c83-c9f3-49bd-89cc-b8cb25ff3cf7,2026-05-01T10:54:36.196520,Farias da Mata,Peixoto,60.09,DELAYED,AIRPLANE,103
9eba8b9f-aaae-4560-892f-066705e9e2d9,2026-05-01T08:13:26.228040,Souza,Santos,10.68,DELAYED,VAN,65
0e94644c-0d87-40fd-a330-623916325e8f,2026-05-01T08:03:09.250947,Oliveira,Abreu da Mata,49.39,IN_TRANSIT,AIRPLANE,59
4e9f18e1-47c3-4f54-bc83-4db9e7df2905,2026-05-01T10:10:18.696856,Ribeiro,da Costa de Duarte,30.99,DELIVERED,MOTORCYCLE,68
85482581-5ee6-4746-a75b-c8ea1868e51a,2026-05-01T03:04:47.353961,Andrade do Norte,Pereira de Martins,96.07,IN_TRANSIT,MOTORCYCLE,49
ffdd8d82-af86-4996-bdb1-9220e2fc1f7a,2026-05-01T10:48:08.674306,Novais,Porto de Santos,32.28,CANCELLED,VAN,46
d4e949a8-5b65-4da3-bd38-9304cfe30840,2026-05-01T07:25:49.817882,Barros,Albuquerque,28.92,CANCELLED,AIRPLANE,63
b73c5f09-f5b9-4545-b58e-be5b4f020417,2026-05-01T02:02:06.667966,Viana,Silva,38.69,DELIVERED,MOTORCYCLE,32
959ca0c1-b394-4799-89b3-689693bc63d9,2026-05-01T04:50:06.032333,Ribeiro,Ferreira,35.34,DELAYED,VAN,64
1d2b9dc3-a9cc-4495-ad0e-c78c7734e028,2026-05-01T09:21:16.482730,Vasconcelos,Mendes de Minas,83.17,DELIVERED,VAN,102
f122ef0f-0b8f-49d6-b4d3-47f311b2b39e,2026-05-01T05:13:46.676809,Macedo,Lopes de Mendonça,94.53,IN_TRANSIT,TRUCK,37
5dcf7268-3150-4081-91d5-c2edc33c4790,2026-05-01T06:01:25.954590,Dias de Pacheco,Caldeira da Serra,41.85,IN_TRANSIT,VAN,118
8d4b5b66-99ce-4431-b4a2-d7b1d2607bbf,2026-05-01T08:14:10.397492,Montenegro,Monteiro,1.59,IN_TRANSIT,MOTORCYCLE,31
f09ee082-6df8-4283-8f1b-848c4e5fe589,2026-05-01T09:22:48.666516,Silva,Correia do Amparo,70.89,DELAYED,MOTORCYCLE,86
78e8ef59-f309-4371-af25-f3b5f343be45,2026-05-01T01:53:05.447977,da Cunha Paulista,Vargas de Araújo,46.75,CANCELLED,VAN,48
7b4ac759-7108-4d4a-90ef-f0dddaf3fe82,2026-05-01T09:41:56.694419,das Neves Verde,Araújo,33.06,DELAYED,MOTORCYCLE,25
f14ebc85-fefd-4f3d-a499-e90301c9a980,2026-05-01T09:25:56.517928,Moreira,Machado do Oeste,47.68,CANCELLED,TRUCK,77
3f91ade0-0ad6-4913-9acd-6fe6576399b1,2026-05-01T01:26:51.163330,Almeida da Serra,Peixoto Alegre,73.62,DELIVERED,TRUCK,91
5fb1295c-e1f3-4637-8690-0598d07fb267,2026-05-01T02:01:19.187624,Nunes dos Dourados,Novais de Brito,85.78,IN_TRANSIT,TRUCK,0
223d0ff7-e9f5-40ad-94e1-03cfbbca94a4,2026-05-01T11:17:22.126138,Costela do Sul,da Cunha Grande,98.57,DELAYED,TRUCK,52
920c3974-17d0-4f59-be7d-c1c4a3246cf6,2026-05-01T08:57:50.457795,Carvalho,Borges,20.37,CANCELLED,MOTORCYCLE,113
3f1ec019-bafa-470a-a5b4-989d9c43578a,2026-05-01T02:27:52.173044,Costa de Carvalho,Gomes,24.68,IN_TRANSIT,MOTORCYCLE,60
43e05a8f-4c18-4c30-9d13-5530a1dd0c1a,2026-05-01T07:00:43.677764,Barros,Melo Paulista,68.42,IN_TRANSIT,AIRPLANE,120
68d8c0a4-9082-4696-8c86-da67ad412c37,2026-05-01T01:25:23.054456,Pacheco,Albuquerque,84.27,IN_TRANSIT,AIRPLANE,120
f80321bb-7d60-431f-9121-6d59bae23222,2026-05-01T09:40:01.254258,Nunes de da Cruz,Vieira de Goiás,5.14,IN_TRANSIT,VAN,90
94c70183-ce04-4b17-94cd-3482a999083e,2026-05-01T04:30:19.127432,Martins de Freitas,Carvalho do Oeste,6.54,DELAYED,TRUCK,92
7c50d7f0-537a-4dc1-8f56-ec8a440253b4,2026-05-01T08:40:57.412404,Novais de da Rosa,Aparecida Grande,68.68,DELAYED,MOTORCYCLE,19
ea5d37c9-fefa-4738-8ddf-e6c4fe007e2f,2026-05-01T01:30:31.578170,Farias da Prata,Rodrigues da Serra,49.72,IN_TRANSIT,AIRPLANE,7
7d700bd1-f053-4661-94b9-83858588d2f8,2026-05-01T07:14:44.639189,Abreu das Flores,Cunha da Prata,71.97,IN_TRANSIT,VAN,40
f8dfe0cf-9206-4760-994a-6e99fc9eeb15,2026-05-01T04:00:21.444318,Peixoto do Campo,Silveira,9.11,IN_TRANSIT,AIRPLANE,48
64ac8e8d-8dd7-4c1a-8aab-d0f29fadc7ac,2026-05-01T10:47:05.427145,Moreira da Serra,Vasconcelos da Praia,31.74,DELAYED,VAN,106
ae9d14f5-6f3c-4e6d-92d2-3c18f37e4a9c,2026-05-01T04:06:30.305994,Vieira,Sá,24.89,DELAYED,AIRPLANE,18
45dd1e76-e5db-4db3-a307-8479dbaf33e2,2026-05-01T00:49:53.305342,Rios,Alves de Peixoto,45.15,CANCELLED,VAN,72
bd1617c7-d973-458c-8d8c-558a0d6731f9,2026-05-01T11:32:40.215673,Viana do Galho,Peixoto da Serra,84.88,DELAYED,MOTORCYCLE,17
834bc476-9a60-41d8-99e6-d634f6d667ae,2026-05-01T10:14:29.214419,Santos de Minas,Ribeiro de Fonseca,6.15,CANCELLED,TRUCK,69
75b8543f-e03b-4177-8829-2a31f3353e78,2026-05-01T05:28:48.153187,Novaes de Oliveira,Castro Paulista,57.91,CANCELLED,AIRPLANE,16
b8e6b87d-87f2-4f46-bd2d-2d1eae75d2d8,2026-05-01T00:20:07.879144,Vieira,Campos,28.76,DELAYED,TRUCK,108
a31128c6-e1a9-4518-ad70-b2ef42577bbe,2026-05-01T01:31:29.250731,da Rosa,Silva de Carvalho,90.75,DELAYED,MOTORCYCLE,72
c51d0b42-e37d-4153-9a60-dcef42600d50,2026-05-01T12:21:53.621493,Machado de Goiás,Novaes do Norte,18.18,CANCELLED,AIRPLANE,36
2385ed91-fbf9-45ba-ac98-295794159c58,2026-05-01T04:25:21.058367,Peixoto,Barbosa,53.54,CANCELLED,MOTORCYCLE,35
08020685-aafc-46bb-9487-51ceac6bc69f,2026-05-01T01:37:13.912998,Câmara Verde,Vasconcelos,69.12,CANCELLED,MOTORCYCLE,77
3672d5cc-2bcd-44e4-adae-98002e261bfd,2026-05-01T06:06:04.967081,Novais de Barbosa,Porto,92.99,CANCELLED,TRUCK,42
b2a61710-21bb-4009-8e4e-2e8da94727ce,2026-05-01T04:33:14.133337,Sales da Mata,Vieira de Azevedo,11.6,CANCELLED,VAN,78
1dcf2658-f1d0-40bc-a583-8801627a1231,2026-05-01T01:29:08.226808,Cassiano Paulista,Pimenta,0.82,CANCELLED,TRUCK,38
a0797e9c-6220-4919-ab7a-cd8e95dec9ed,2026-05-01T06:26:47.233379,Abreu de Goiás,Andrade,57.43,CANCELLED,AIRPLANE,116
7602a61f-a9aa-4448-82d7-613f0e95037b,2026-05-01T04:09:46.018086,Carvalho,Pires,54.5,DELAYED,TRUCK,96
f7215b92-5ab8-4231-bd38-830cc1f39482,2026-05-01T11:34:16.427240,Moraes de Cavalcanti,Siqueira,10.02,DELAYED,VAN,40
e47e1124-1991-4ebe-a94f-1cd4a292758f,2026-05-01T05:26:45.836586,Castro,Oliveira de Garcia,22.27,DELIVERED,MOTORCYCLE,79
069a24f5-d475-4f32-8fc2-747eee9cb7cd,2026-05-01T11:33:19.099061,da Rocha do Sul,Garcia,15.0,DELAYED,VAN,19
163b8cb6-ba87-412a-9353-52fbaac1ed04,2026-05-01T08:04:55.928010,Melo da Serra,Castro do Sul,60.0,IN_TRANSIT,TRUCK,53
1a3e4129-eb0f-4c22-937a-5ecb8d4df069,2026-05-01T02:06:46.330431,da Cunha,Azevedo,97.58,CANCELLED,TRUCK,13
58205871-f741-43ca-ba9c-d63649d1cdd2,2026-05-01T06:39:40.351798,Borges do Campo,Pinto,26.68,CANCELLED,TRUCK,0
3d635b42-aba3-48c8-bcc2-04ca6d8e7275,2026-05-01T07:00:46.579225,Silva,Mendes Paulista,74.91,DELAYED,MOTORCYCLE,63
87b5df76-2e85-4693-a880-607224395d58,2026-05-01T03:54:08.409406,Cavalcante de Carvalho,Borges,37.05,DELAYED,TRUCK,60
cafe6ee0-ab31-43e6-a723-c9914e33d6cf,2026-05-01T07:09:18.486523,Souza,Sá de Pimenta,52.54,IN_TRANSIT,VAN,36
7fd8a938-fea8-4eba-8a47-4ba9cac356e1,2026-05-01T10:18:34.314729,Cirino,Pires,44.23,DELIVERED,VAN,114
caa63dd9-2f4d-408f-8456-13f06ef1ce5f,2026-05-01T06:41:50.278031,da Mota,Pacheco,68.07,CANCELLED,AIRPLANE,118
6bbf69b8-1c6a-4770-85d4-8f2cf997c148,2026-05-01T12:21:57.072534,Jesus do Campo,Rodrigues,8.32,DELIVERED,TRUCK,59
e88db284-aab5-4c86-b748-5357153047c6,2026-05-01T07:50:58.130602,Leão,Casa Grande,48.79,DELAYED,TRUCK,41
7bbdefb4-4a95-4f95-94ab-cb947276c83a,2026-05-01T08:35:31.861411,Moura,Farias,51.82,DELAYED,VAN,13
aeff0db2-7c4b-49d1-b02f-496769093577,2026-05-01T00:44:36.667222,Pires Grande,Machado,46.54,IN_TRANSIT,MOTORCYCLE,108
a692bce1-8ae1-493f-a223-370955bb312f,2026-05-01T08:14:35.868716,Macedo da Praia,Ribeiro,93.34,DELIVERED,AIRPLANE,44
88dedb78-4f2d-4e0f-8769-1278ebc30285,2026-05-01T01:57:33.299605,Souza de Pires,Ferreira Verde,17.34,DELAYED,VAN,115
82d421cb-1962-4a7c-acc9-831d1ce13a2d,2026-05-01T10:37:22.997834,Duarte das Pedras,Silveira de Cardoso,86.25,IN_TRANSIT,AIRPLANE,4
48258b45-62d4-4bee-b28a-9777fa0f40e8,2026-05-01T03:42:56.670839,Caldeira de Minas,Aparecida,82.03,DELIVERED,TRUCK,2
15d8eb7a-ee34-4136-b753-8b709bda51ca,2026-05-01T08:47:11.601827,Jesus,Freitas do Oeste,48.89,DELAYED,VAN,78
61264ec1-e774-4057-9399-7e5c13c2b993,2026-05-01T02:57:41.042802,Martins,Borges,5.9,DELAYED,AIRPLANE,78
32ae8b02-b3fd-4f7e-9e1b-6cafd4d7c0e7,2026-05-01T10:16:59.753103,Ribeiro de Farias,Castro da Praia,86.21,CANCELLED,AIRPLANE,91
99b69ce5-0d93-4e26-8dd3-14ec3d5d6510,2026-05-01T00:17:49.900316,Nunes,Correia das Pedras,27.92,DELIVERED,VAN,12
deda23b1-8126-4011-b46a-591f04723f06,2026-05-01T04:41:28.394139,Araújo do Amparo,Camargo,74.74,DELIVERED,VAN,1
8d454ccc-5516-4549-b492-5e21126e4650,2026-05-01T04:06:56.194126,Moura,Sá,84.77,DELAYED,MOTORCYCLE,81
eff00ba9-4e9a-4ca8-b8a5-ae63fd3b0480,2026-05-01T01:06:58.740043,Gomes de Machado,da Paz Verde,92.32,DELAYED,MOTORCYCLE,62
51f08213-ac56-4a72-a3ee-888c471a491e,2026-05-01T08:11:06.863679,Moraes de Duarte,Macedo de Fonseca,38.41,DELAYED,TRUCK,109
ea3dcaf8-1001-4a0d-9dd7-9f20eee88472,2026-05-01T07:29:41.826561,Vieira da Mata,Lima de da Mota,92.48,DELAYED,TRUCK,62
59180d9d-4693-4ca2-a934-efd98c465d89,2026-05-01T01:43:32.369701,Santos de Moura,Farias,49.21,IN_TRANSIT,AIRPLANE,26
da32f24e-c1f5-4564-8244-9fa252fa96fb,2026-05-01T03:06:05.355024,Nascimento de Rocha,Rodrigues,61.01,DELIVERED,VAN,91
e9d6f7a0-72f9-4fe5-baee-bfebb71efd56,2026-05-01T09:09:04.680574,Sá do Oeste,da Luz do Norte,41.69,DELAYED,VAN,76
5558dc48-4071-4579-9efa-a6b22256756d,2026-05-01T12:24:31.774187,da Costa,Novaes Alegre,58.62,IN_TRANSIT,AIRPLANE,29
d2519a64-c752-409c-b52c-62a61a7d688e,2026-05-01T03:02:08.139748,Macedo do Galho,Pastor de Brito,66.9,DELAYED,VAN,6
bdca62b7-d8c5-4754-9a9c-86340955adf1,2026-05-01T07:11:06.811110,Ribeiro Verde,Rodrigues da Serra,72.23,CANCELLED,MOTORCYCLE,65
1b025eeb-3f44-4e59-afa4-f078de6271be,2026-05-01T09:09:53.193665,Machado de Pinto,Sales,60.74,DELIVERED,VAN,58
bc21e5f8-10ed-42a3-af2a-f8617c0a3acf,2026-05-01T08:03:14.058800,Pires de Pastor,Pinto do Oeste,16.58,CANCELLED,TRUCK,113
82715a13-a017-46c9-9509-adbcf6d269a7,2026-05-01T01:36:29.699452,Sá Paulista,Mendes,45.13,DELIVERED,AIRPLANE,36
93aba3c4-4f61-4665-bed3-2420a9ab015d,2026-05-01T05:45:26.506180,Souza,Pastor de Montenegro,65.49,DELAYED,VAN,30
9cac487d-a65b-45f7-80f3-bf61cac30f3b,2026-05-01T08:47:33.012993,Azevedo,Fonseca do Galho,13.05,DELIVERED,VAN,120
f8684b1c-424b-4056-9c6c-933b9710fe37,2026-05-01T00:36:45.775551,Pereira Grande,Cirino,67.39,DELIVERED,MOTORCYCLE,48
e83cc3ff-3bff-4be9-b10a-7f99d89811a6,2026-05-01T02:33:36.767130,Castro,Silveira do Norte,63.7,DELAYED,VAN,4
1083293a-9217-4b6e-aee7-d2401cff2ff2,2026-05-01T01:43:33.328964,Mendes,da Mota,18.19,CANCELLED,AIRPLANE,88
416a4d7c-7807-4487-b834-07f9f9c5358b,2026-05-01T09:52:09.990094,Rios,Sales,69.48,CANCELLED,TRUCK,70
7c11f1a5-5430-4da9-a290-f1b3ba1915c4,2026-05-01T06:37:57.525379,Nascimento,Brito,63.82,DELAYED,TRUCK,36
006afbc6-213a-4bd9-8d16-b68dacbd5219,2026-05-01T02:37:12.297516,Sá de da Rocha,Barbosa da Serra,5.07,DELAYED,TRUCK,23
fcd7a102-00af-4a35-86f1-3c5302c842c7,2026-05-01T05:45:30.691550,Cavalcante,Garcia,94.98,CANCELLED,AIRPLANE,28
c9010a1b-5fd5-43bc-8234-3c8d4b1e11b9,2026-05-01T11:18:09.551388,Viana da Prata,Pacheco de Cardoso,51.49,DELIVERED,VAN,87
c4839408-cbd2-4925-bf09-c1c019454717,2026-05-01T06:29:48.497306,da Luz,Teixeira do Amparo,87.16,IN_TRANSIT,TRUCK,26
71679051-08ca-4360-ac40-3e30cb8bedb4,2026-05-01T09:04:00.860188,Peixoto do Sul,da Rosa de da Cunha,75.87,DELIVERED,TRUCK,94
a88f7b11-acb0-463a-a194-9fcf1e2e1caa,2026-05-01T01:03:03.038573,Fernandes,Fogaça,23.27,IN_TRANSIT,TRUCK,36
d6dd86ee-7d87-44a7-8875-e87fcab08885,2026-05-01T08:12:49.995462,da Luz,Campos,72.87,CANCELLED,TRUCK,51
013475ce-8b95-40cb-a6fd-2ebcf0e08597,2026-05-01T04:24:03.107881,Barros de Montenegro,Abreu do Norte,78.35,CANCELLED,AIRPLANE,80
b7ebc806-28c3-4311-8356-21592c6070f2,2026-05-01T11:27:25.246298,Guerra de Lima,Moura de Moura,27.42,IN_TRANSIT,AIRPLANE,118
9431cef3-6ec2-4e9b-b02d-a456bd4b5bf5,2026-05-01T11:14:40.318843,Alves de Dias,Pastor,12.94,IN_TRANSIT,MOTORCYCLE,16
a6717aff-66ed-4988-b736-3d497fa4969d,2026-05-01T05:54:59.569661,Vargas,Pastor de Minas,62.07,DELAYED,TRUCK,120
80147347-30b9-4f26-a551-dc8d9f79fc00,2026-05-01T06:00:32.758826,Azevedo das Flores,Viana de Correia,27.27,CANCELLED,AIRPLANE,41
f1996915-2417-4c5b-b83e-f31346cccc58,2026-05-01T10:21:16.702085,Silveira de Cirino,Pimenta de da Conceição,42.58,DELIVERED,AIRPLANE,37
74dda047-b8c2-4902-ab3d-54d556b7aae5,2026-05-01T00:47:07.397147,Fonseca,Martins,68.69,DELAYED,VAN,111
ae096820-8e1b-4507-8696-38c8fc02b0dd,2026-05-01T04:37:07.186590,Brito,Pereira,68.43,DELAYED,TRUCK,28
32141089-845b-45d2-b385-63a6fcaa7a53,2026-05-01T02:51:15.139586,Martins de Silva,Silva,98.14,CANCELLED,MOTORCYCLE,69
887f0e6a-d0d7-4f1d-b857-08f8203dcaf0,2026-05-01T01:45:41.408161,Azevedo,da Mata da Mata,59.93,DELAYED,VAN,8
1f0c1ef0-bba9-4dc8-aca4-5d392efe3d08,2026-05-01T04:54:02.463532,Novais,da Mata,65.97,DELIVERED,AIRPLANE,28
3cbaf703-d052-427d-b01d-310d70135406,2026-05-01T07:13:21.387691,Pires Grande,Novaes,21.92,DELIVERED,TRUCK,19
75b174f6-39bb-47f0-9d60-1eda1a5593c2,2026-05-01T01:38:19.844790,Câmara de Cavalcante,Sousa do Campo,54.64,DELAYED,VAN,16
50417e83-a68e-4d2d-af5d-3b614e4b4de8,2026-05-01T00:33:15.221410,Costa,Teixeira da Serra,29.14,DELAYED,VAN,40
72c18301-3e0d-4da9-8bc0-23157d5a9acf,2026-05-01T09:48:26.586728,Rezende,Rodrigues,13.23,IN_TRANSIT,TRUCK,39
16ca7612-2ada-4a95-aaf1-a1d16b6a2bd9,2026-05-01T12:05:05.714017,Alves,Abreu das Flores,37.98,CANCELLED,VAN,118
ae5b4bad-c4d3-48a4-8874-6af26ecade2a,2026-05-01T08:38:17.178023,Novaes de Minas,Moura da Praia,60.62,DELAYED,TRUCK,28
f70b8a80-b92d-485e-b998-eca052a3d3ac,2026-05-01T02:48:00.086919,Nunes da Prata,Duarte de Oliveira,58.23,DELAYED,VAN,11
70bfdbeb-f048-4bc0-ab30-7b01fbe3089a,2026-05-01T04:31:44.028742,Albuquerque das Pedras,Siqueira,6.36,IN_TRANSIT,AIRPLANE,106
59e1d4c1-b49f-4b22-9235-16347398e8ed,2026-05-01T05:04:44.275235,Caldeira de Goiás,Cavalcanti de Machado,63.3,CANCELLED,VAN,71
4f343b49-cff1-4bcf-87ec-b5397f2a8e1b,2026-05-01T12:13:04.632814,Albuquerque do Norte,da Luz do Galho,59.89,DELAYED,TRUCK,112
25462884-24bd-47b3-8861-9de97c383b86,2026-05-01T06:30:09.048424,Melo de Caldeira,Abreu,23.92,DELAYED,MOTORCYCLE,47
d0a135ef-6a64-45e5-a30c-3588d6ed2660,2026-05-01T11:02:01.061562,da Cunha do Norte,Ribeiro da Praia,91.39,DELIVERED,VAN,21
bf43efc7-e778-44cf-a033-0a7da2c62c4a,2026-05-01T07:38:28.566538,Cirino da Mata,Silva,6.81,IN_TRANSIT,MOTORCYCLE,28
feaf5fc1-946e-4f26-9a0a-9a6eaa267293,2026-05-01T06:54:51.401006,Nunes,Pires,90.67,DELAYED,MOTORCYCLE,27
e057303c-7ad1-4824-a707-5d038cf762f8,2026-05-01T06:28:28.636410,Cirino,Fernandes dos Dourados,0.19,DELAYED,AIRPLANE,76
3d3fff32-00c6-42ce-b718-82ed4dafa8d7,2026-05-01T09:21:54.936860,Fogaça dos Dourados,Cassiano da Praia,39.79,CANCELLED,MOTORCYCLE,100
d3e60d89-33a0-45e4-a0bf-630a52d96014,2026-05-01T06:37:51.527844,Melo,Sales,51.88,DELAYED,AIRPLANE,9
09971f3e-e8a6-4466-adf6-ce18546c9183,2026-05-01T04:51:16.831652,Pereira,Peixoto de Jesus,49.54,DELAYED,MOTORCYCLE,25
39bed1c9-8564-4690-91dc-cc88a0864e96,2026-05-01T04:54:41.201893,Costa,Martins,51.52,IN_TRANSIT,TRUCK,71
e7f623bf-5d87-4b36-bd16-4cdf8061b544,2026-05-01T02:44:02.912771,Vieira Grande,Almeida da Praia,96.95,IN_TRANSIT,TRUCK,69
f1e7031b-654c-447d-b2a4-b2458a6b3d1f,2026-05-01T06:13:33.362940,Sá,Pires Paulista,42.49,IN_TRANSIT,VAN,62
23e2d453-c636-49ca-9cb9-f5a9faa13875,2026-05-01T08:05:46.693165,Marques de da Rocha,Dias Verde,75.5,DELIVERED,VAN,54
ccfe837a-fd48-4feb-b401-05b7a71069f1,2026-05-01T08:44:27.994176,Barbosa,Pimenta Verde,34.12,IN_TRANSIT,AIRPLANE,75
f4c017dc-7c86-47ba-8cd9-f6c41b697d8a,2026-05-01T02:50:30.830190,Rocha de Goiás,Mendes,85.64,DELAYED,MOTORCYCLE,35
768fc52d-b473-4423-892a-0c8da01587d9,2026-05-01T10:50:08.472495,Montenegro do Norte,Melo,32.15,DELAYED,MOTORCYCLE,12
ee50e2cb-86f3-455c-8a02-1e7f0b722feb,2026-05-01T08:29:58.002916,da Paz,Cavalcanti de Sales,58.44,DELIVERED,MOTORCYCLE,37
dcdbb557-914f-4ff8-b57b-844a04872c0b,2026-05-01T09:30:18.392311,Camargo do Campo,Araújo do Amparo,4.03,IN_TRANSIT,AIRPLANE,0
097140c1-fabb-4f67-963a-0b3ebb8374a8,2026-05-01T06:23:45.158852,Mendonça,Vieira Paulista,20.97,IN_TRANSIT,AIRPLANE,98
9ffaea58-7a16-4530-a572-232c15ec0c76,2026-05-01T04:40:55.767579,da Mata da Mata,Almeida,7.59,CANCELLED,TRUCK,27
be4aa107-339c-4b54-b036-0f4947d0527a,2026-05-01T10:44:34.413632,da Conceição,Brito,39.38,DELAYED,VAN,51
35c1f11e-3842-4409-933a-1d5d1620f046,2026-05-01T11:07:32.179196,Nunes de Caldeira,Barros,57.65,IN_TRANSIT,VAN,61
bea54ad4-c5d0-4758-b837-0c2bca962366,2026-05-01T02:44:37.377230,Albuquerque de Goiás,da Costa Verde,9.23,CANCELLED,MOTORCYCLE,42
2e4febbf-5dd1-4c67-8527-26ee1805ec13,2026-05-01T10:04:43.881608,Câmara das Pedras,Teixeira das Flores,25.54,DELAYED,TRUCK,47
3f3899ed-25e6-4b76-9402-2c403c46224a,2026-05-01T05:28:06.967888,Novaes,Moreira,42.22,DELAYED,MOTORCYCLE,110
89a892ab-dd12-459a-bed0-21af7df60660,2026-05-01T10:25:49.519636,da Cunha,Mendes Verde,20.65,CANCELLED,AIRPLANE,110
9635e3e6-eb41-4601-bc8c-0b661f7f582b,2026-05-01T02:36:17.595785,Souza do Oeste,Nunes de Minas,77.9,DELAYED,TRUCK,54
8dc8fa6b-4cbb-4de8-a219-f9c80cffa81c,2026-05-01T00:10:45.791637,Cirino de Campos,Sampaio de Gomes,0.59,CANCELLED,TRUCK,21
50367ade-a199-4ee6-817a-23d12d834469,2026-05-01T12:24:26.491682,Rodrigues Verde,Oliveira,5.04,DELAYED,TRUCK,28
a06706d3-35d2-4902-b7fa-6eb93761a40b,2026-05-01T12:12:18.179739,Rios,Duarte,10.29,IN_TRANSIT,VAN,102
997f100e-8d1e-4050-bdfc-3edf44954314,2026-05-01T00:27:23.923656,Ramos,Monteiro,56.92,IN_TRANSIT,AIRPLANE,116
f5b7693f-2ca0-47e1-9467-9bf2cd5b4bad,2026-05-01T05:27:30.061347,da Mota,das Neves Paulista,3.53,DELAYED,MOTORCYCLE,110
7c06fbef-7786-4b10-bb27-a68ce6f185a0,2026-05-01T02:50:20.197778,Machado,Cavalcanti Verde,1.89,IN_TRANSIT,MOTORCYCLE,91
cc4cd2d5-8270-41a7-9f5c-1aa5d8197b14,2026-05-01T01:11:52.954134,Costa,da Costa,88.31,DELIVERED,VAN,16
0e43ec1f-df7e-464b-9981-0680534a4b4a,2026-05-01T07:20:53.308419,Cavalcante dos Dourados,Rezende do Campo,80.91,DELAYED,AIRPLANE,34
21e58dfc-d54b-476a-ac1b-d3b069b00062,2026-05-01T00:13:42.966991,Santos Grande,Monteiro,36.57,IN_TRANSIT,TRUCK,111
1b36d84d-98e2-4190-bb32-f8c84359ddda,2026-05-01T09:37:11.620344,Fernandes do Norte,Silva da Mata,98.07,IN_TRANSIT,TRUCK,54
0ecda1e9-bd95-407f-a197-e10f01c576cb,2026-05-01T06:30:53.564880,Freitas de Nogueira,Mendes,74.31,CANCELLED,MOTORCYCLE,37
e5e9fbb6-9938-4a6e-8485-bc9c5279ab6e,2026-05-01T10:45:52.769423,Fonseca das Pedras,Cirino do Galho,36.21,IN_TRANSIT,MOTORCYCLE,70
4747f5e9-c903-4f8b-a7e5-f1c7840a13df,2026-05-01T08:02:52.670309,Pastor,Guerra da Prata,17.7,IN_TRANSIT,MOTORCYCLE,41
d3624453-cedb-4784-807f-e2c2cf3e27d3,2026-05-01T01:28:23.835620,Moura do Norte,Rezende,54.64,DELAYED,TRUCK,119
3a163adc-3743-411a-a22e-4f2a88149e19,2026-05-01T11:29:54.415644,Barros Verde,Brito de Castro,80.39,IN_TRANSIT,MOTORCYCLE,30
33100dc8-46af-4835-b0cb-598b31ba98d5,2026-05-01T03:51:08.085868,Viana,Pastor,56.93,IN_TRANSIT,AIRPLANE,101
c12c4212-37bb-4114-a1c2-21e2c6247b57,2026-05-01T08:27:04.823804,Pereira do Norte,Rodrigues de Fernandes,43.88,DELIVERED,AIRPLANE,98
a7ee9cbb-5c19-4280-ae7c-2f690c7459ca,2026-05-01T06:18:37.668699,Fogaça do Galho,da Rosa do Amparo,96.18,CANCELLED,TRUCK,0
c27368a5-486f-4dda-84dd-bd121b181d82,2026-05-01T01:31:54.339573,Martins do Oeste,Alves,94.26,DELAYED,VAN,29
57e8796b-f0cb-4765-9f8c-87bf381d30c8,2026-05-01T10:31:59.596650,Silveira,Aragão,52.69,DELIVERED,VAN,98
89c457d5-8b37-4e00-bddc-3f35986ea077,2026-05-01T03:20:41.751914,Moraes,Oliveira do Campo,14.32,IN_TRANSIT,TRUCK,75
3c5c6ab8-d3da-41b3-a5bc-d38411b154d4,2026-05-01T04:24:32.591671,Ribeiro,Aragão,13.91,IN_TRANSIT,VAN,64
af10679f-8733-4880-bb63-1abaf04006a1,2026-05-01T11:26:47.095366,Fonseca do Norte,Barros do Amparo,98.65,CANCELLED,TRUCK,57
5d21060c-4819-459f-ab8b-65a84b5964c5,2026-05-01T04:45:59.520916,da Mata,Vieira do Galho,7.14,DELAYED,AIRPLANE,1
05ede3cf-920f-452d-b4f8-2d2ab5221fcd,2026-05-01T05:23:51.509017,Rios,Teixeira,15.04,IN_TRANSIT,TRUCK,84
8c151ac8-cdcd-4132-bd3b-e66ac108f966,2026-05-01T02:22:00.451010,Novais de da Rocha,da Mata,39.75,IN_TRANSIT,AIRPLANE,2
074264c4-31a5-41b3-8a28-06911490358d,2026-05-01T08:41:55.438370,Cardoso,Costela da Mata,44.09,DELIVERED,TRUCK,52
f26113a0-e3a2-483b-bb70-8c887296c103,2026-05-01T04:25:53.941186,Guerra do Amparo,Gomes de Silva,87.34,CANCELLED,AIRPLANE,57
e73de8ec-4bde-41dd-9a21-0b2493584089,2026-05-01T02:08:47.209895,Machado,Souza Paulista,48.0,IN_TRANSIT,MOTORCYCLE,96
a952a5d9-5d07-45a5-8f1d-3c496c0edbaf,2026-05-01T09:35:42.966391,Barros,da Costa,28.32,DELIVERED,VAN,90
6fad10c9-e7bf-4ebd-896d-88233c85d15c,2026-05-01T07:33:07.785388,Rios da Serra,da Costa,54.78,CANCELLED,MOTORCYCLE,17
52abebfd-4afd-4c5f-a2e9-1596e27d92dd,2026-05-01T04:07:36.915407,Pacheco,Rocha,22.43,IN_TRANSIT,MOTORCYCLE,0
a9e16146-623d-43c2-aa5c-58ab646b95d6,2026-05-01T04:49:59.431390,da Cruz,Nunes,48.88,CANCELLED,TRUCK,41
25083297-09a9-4300-92c8-f856901306fb,2026-05-01T01:46:05.070639,Freitas,Lopes da Prata,85.6,IN_TRANSIT,MOTORCYCLE,19
362e9d5c-6756-446d-977e-5d7b43ddc0f2,2026-05-01T00:00:48.412275,Mendes de Nascimento,Santos,85.8,DELAYED,MOTORCYCLE,79
4eb29d5d-3b8f-47c7-a4c5-7eeddaf9f5bb,2026-05-01T01:26:19.203934,Costela,Sousa,35.45,DELIVERED,TRUCK,13
7b8413f2-c3cd-4964-9039-464ba8ad2e4e,2026-05-01T02:54:50.759261,Casa Grande,Santos,28.09,CANCELLED,AIRPLANE,90
e61c721c-992d-4931-9730-5483aa48ec51,2026-05-01T01:41:56.037690,Macedo,Costa,97.51,DELIVERED,MOTORCYCLE,41
d787519c-6a8d-4b95-b3d4-68f759171dbe,2026-05-01T05:18:14.038460,Brito da Prata,Almeida de Oliveira,75.73,DELAYED,AIRPLANE,34
056ce933-c6ed-45fd-9aee-4bf210e9048c,2026-05-01T11:46:16.446664,Pacheco,da Conceição,86.65,DELIVERED,VAN,65
d3833e6b-bfc8-48df-9a21-315c1f35f441,2026-05-01T12:10:04.624754,Rios,Porto,43.38,CANCELLED,TRUCK,45
58379c60-d5ce-4e17-bf7c-9d68b0a8367d,2026-05-01T10:25:17.545244,Sousa,Carvalho da Praia,98.02,CANCELLED,TRUCK,120
3bd744f0-8fc6-4ed6-a31e-ea3991be4fd9,2026-05-01T00:16:30.741431,Azevedo,Sales do Oeste,22.36,IN_TRANSIT,VAN,95
8be46b72-34ed-483f-bb3d-958411bb3447,2026-05-01T12:01:47.394449,Novais,Camargo Grande,13.1,DELIVERED,MOTORCYCLE,109
d817594e-d2cf-4a76-ad09-d16af6caa0e2,2026-05-01T02:02:44.702029,Lopes de Nascimento,Pinto de Porto,21.7,CANCELLED,VAN,22
fb0022bc-fc69-4465-b714-21af396bf981,2026-05-01T09:44:47.774464,Pacheco do Galho,Pimenta do Campo,50.77,CANCELLED,AIRPLANE,10
33d766e8-1520-4136-8de9-945c47b26730,2026-05-01T01:06:17.891344,Sales dos Dourados,Freitas do Galho,35.98,DELIVERED,AIRPLANE,54
760e5b2a-dd8b-43a8-b228-eb5d26c797af,2026-05-01T01:55:53.761354,Pinto,Aparecida,20.77,IN_TRANSIT,AIRPLANE,45
a8783636-a459-49e1-a5c9-0cca137a695a,2026-05-01T10:15:01.875112,Ferreira,Moura do Amparo,64.2,IN_TRANSIT,TRUCK,114
13ad9a04-4082-44f8-aa24-d49a411e99cd,2026-05-01T03:06:20.450153,da Paz do Galho,Alves,55.27,DELAYED,MOTORCYCLE,84
607d278c-f28c-4b22-983a-8b7352558e97,2026-05-01T00:37:05.081404,Cunha Verde,Azevedo da Prata,51.5,IN_TRANSIT,MOTORCYCLE,86
a1d8b907-f8d8-4e0a-90cc-99f28a3fd485,2026-05-01T11:16:21.009399,Novaes,Santos,74.37,CANCELLED,TRUCK,104
b686c4ef-3815-401a-88c2-1a30e1d9d624,2026-05-01T00:56:36.436131,Aragão de Dias,da Cunha,62.29,DELAYED,TRUCK,21
dfa379d7-16a3-42d6-a2ec-f7b037625af3,2026-05-01T03:13:01.973965,Rios,Moraes de Minas,19.03,CANCELLED,TRUCK,99
44a5c31a-ae6f-4cac-86dd-a0f911b802b9,2026-05-01T02:26:49.157634,Camargo,das Neves de da Costa,48.68,DELAYED,MOTORCYCLE,30
2009e5d2-9371-4ce0-becf-85344b286567,2026-05-01T08:19:09.268507,Farias,Moreira,4.86,IN_TRANSIT,MOTORCYCLE,43
1927604b-235d-4d5c-915e-5f6ba168ce3e,2026-05-01T04:24:59.913599,Rios,Freitas,1.69,CANCELLED,TRUCK,79
a91d0346-58db-46ee-b75f-0dc6424fe10e,2026-05-01T07:53:46.294299,Novais Paulista,Novais,49.19,CANCELLED,MOTORCYCLE,29
dbfa901b-d72d-40d4-a4b2-e90bd0bc24f8,2026-05-01T07:41:53.202721,Abreu,Teixeira Paulista,77.05,CANCELLED,VAN,46
fe568002-8b65-4b90-8653-bb627228107a,2026-05-01T01:33:03.508385,Ferreira,Cavalcanti dos Dourados,95.04,DELIVERED,VAN,4
376e5d59-96d8-4fbb-8882-c6dcb4ef0ab3,2026-05-01T04:05:57.272816,Viana dos Dourados,Caldeira de Goiás,53.35,CANCELLED,VAN,48
51448f48-3399-4501-9d39-fed33300f65e,2026-05-01T09:17:22.056542,Pacheco da Serra,Castro,70.62,IN_TRANSIT,VAN,113
596e33cd-0d95-47c1-a5ed-1a515712beb0,2026-05-01T02:51:47.763164,Cirino,Moura Paulista,73.83,DELIVERED,AIRPLANE,105
edfcab1c-7140-4ff4-917f-7a12727d2995,2026-05-01T07:42:08.790195,Almeida,Pereira de Rocha,77.21,DELAYED,TRUCK,96
bedec0ab-cd65-4a4e-a3bf-bf98e0563d88,2026-05-01T07:53:45.194449,Gomes da Mata,Moreira,69.69,DELAYED,AIRPLANE,105
b97a32a6-f400-4ac5-be8f-44d4262fb5e0,2026-05-01T04:32:21.018714,Casa Grande de Casa Grande,Vieira,3.68,CANCELLED,TRUCK,107
6c02efcf-9927-4150-a416-72476c1d9ad6,2026-05-01T09:31:12.113119,Fogaça,da Paz dos Dourados,25.47,DELIVERED,AIRPLANE,101
0fbcf0f9-6e10-48e2-9aa3-a755dd22f289,2026-05-01T07:14:25.381042,Cavalcante da Mata,Novais de Pereira,58.25,DELIVERED,VAN,32
9cb820f1-eeb8-4fac-bf68-04d302f3f661,2026-05-01T06:06:52.149750,Viana,da Mata,49.48,DELIVERED,AIRPLANE,113
06818775-28f3-4154-985d-8742d8598c11,2026-05-01T08:34:35.933442,Vargas do Campo,Pastor,98.66,IN_TRANSIT,TRUCK,67
13fbfe5d-743b-438b-834a-37db47054149,2026-05-01T04:48:25.673566,da Mota,da Rosa,43.6,IN_TRANSIT,AIRPLANE,48
cab50a7d-0231-4d1a-88d3-9e3192767cb0,2026-05-01T03:35:06.740212,Aragão,Oliveira do Oeste,5.16,IN_TRANSIT,AIRPLANE,71
6f88d22c-6452-400d-8dec-e72d5612ecd8,2026-05-01T06:09:15.573014,Gomes,Albuquerque,7.91,DELAYED,VAN,114
1e4bfdbe-8a0e-4e9b-86e1-92016d3f9184,2026-05-01T07:17:41.657439,Aparecida,Sousa,65.94,IN_TRANSIT,MOTORCYCLE,97
73510d4e-f3c3-4822-a343-6c8da7ed2ac6,2026-05-01T01:46:37.904135,da Rocha do Galho,Ribeiro de Goiás,9.4,DELIVERED,VAN,61
bd733643-e088-4039-9390-a25c2191cfbb,2026-05-01T01:17:09.469146,Correia do Galho,Gomes das Pedras,6.12,CANCELLED,TRUCK,9
d4ec3e53-6cbc-44f4-8798-6d71d3b5eb36,2026-05-01T03:46:31.040886,Campos do Amparo,Campos da Serra,47.79,CANCELLED,VAN,61
0230fbaa-e256-42b7-8d3d-23865a0a17f7,2026-05-01T02:13:45.319907,Porto,das Neves,26.83,IN_TRANSIT,MOTORCYCLE,65
49341ed8-7b4f-4b5e-b59d-3aebb0f32414,2026-05-01T04:22:28.167397,Cardoso,Porto,5.33,DELAYED,TRUCK,21
86729a5c-aedb-417b-ace4-be6fa02b5575,2026-05-01T02:51:18.626412,Borges,Leão do Campo,65.41,IN_TRANSIT,VAN,9
b3bf65ab-18da-4b3b-b030-3527b519ea69,2026-05-01T01:19:39.364734,Moura de Vargas,Pereira da Serra,7.88,CANCELLED,VAN,70
4deb2391-070c-4d7f-bd6e-f620344cf460,2026-05-01T02:44:18.881958,Pastor de da Rosa,Pires das Flores,28.87,DELIVERED,TRUCK,13
e033e11b-6cd9-4cd2-9624-bddeb47b7bda,2026-05-01T05:46:14.674603,Sá,Caldeira da Serra,76.33,DELIVERED,MOTORCYCLE,32
7e33702a-986a-4454-a776-5198203ee5e0,2026-05-01T04:00:06.426687,Gomes,Nascimento,28.28,DELIVERED,TRUCK,84
4bd03d25-6370-431a-94ed-5341f026a940,2026-05-01T03:43:54.516129,Cunha das Pedras,Martins de Silveira,57.34,DELIVERED,TRUCK,21
14b9bce0-2cf4-44d9-8885-3b3c4eb84403,2026-05-01T08:18:56.335109,Campos,Pereira,32.58,IN_TRANSIT,VAN,120
1446acee-a538-4b9c-bfaf-0c561280fbb8,2026-05-01T01:27:32.533397,Garcia do Oeste,Vasconcelos da Praia,54.8,DELIVERED,TRUCK,30
7aa7f9df-04cb-4ec0-9b8f-b4939c472ad6,2026-05-01T02:35:07.000912,Azevedo,Aragão Paulista,59.83,DELIVERED,TRUCK,78
601ad958-ed30-4de0-817c-838dbb119ecc,2026-05-01T01:08:38.665148,Ferreira da Mata,Martins da Prata,76.09,DELAYED,AIRPLANE,101
a2daedca-794c-4139-82da-cd624aaa2bb2,2026-05-01T06:39:42.347228,Santos de Costela,Nascimento,0.19,DELAYED,MOTORCYCLE,21
f266f39e-ff14-4dc7-b09b-f5f092e0beb8,2026-05-01T09:09:35.328051,Ferreira,Vasconcelos,85.08,CANCELLED,MOTORCYCLE,64
7712ba22-eb23-42fb-8653-fd79e4473b1f,2026-05-01T06:33:00.006174,Sales de Lima,Vieira,80.68,IN_TRANSIT,VAN,32
20e88e4a-2653-40d1-bf73-54c5b0fc8e51,2026-05-01T03:46:50.530889,das Neves,Leão,96.51,DELIVERED,MOTORCYCLE,47
6f287ee2-062b-45f8-9a21-f2f32b398b73,2026-05-01T10:23:57.087620,Campos,Dias do Amparo,25.94,CANCELLED,AIRPLANE,42
a96323fe-3731-46b4-a4cf-bc477da3fb42,2026-05-01T08:56:48.146199,Vieira de Goiás,da Cruz do Campo,83.3,IN_TRANSIT,VAN,26
ee1f7084-6452-4722-9d08-2c1afaea8722,2026-05-01T12:14:09.134548,Cunha da Serra,Carvalho Verde,11.39,CANCELLED,AIRPLANE,111
b6567781-9b09-4b05-bff5-3b8d5ca99f0f,2026-05-01T09:18:39.335145,Rocha Paulista,Viana do Amparo,0.24,IN_TRANSIT,TRUCK,36
e2c79dbc-a3be-43e5-8406-e06a2694e274,2026-05-01T07:07:16.494587,da Luz,Oliveira,40.53,DELAYED,AIRPLANE,93
46c7a5e5-124b-40a2-bb74-f7044d2278f2,2026-05-01T09:13:03.871887,da Conceição,Novais Grande,9.63,IN_TRANSIT,TRUCK,50
3a50509a-c6aa-4545-aa6d-11690d7359a8,2026-05-01T04:37:32.160869,Rodrigues de Pacheco,Mendonça Grande,47.8,CANCELLED,AIRPLANE,114
385a973d-4044-4e87-9a09-c436f27652ac,2026-05-01T00:54:37.252303,da Conceição,Pereira da Praia,43.9,DELAYED,TRUCK,60
caeb154d-5371-4989-83e7-8d219b4c5b83,2026-05-01T01:54:12.124445,Carvalho do Campo,Lima Alegre,98.55,IN_TRANSIT,TRUCK,15
9924e690-8839-4bfd-86d2-bdef76474ee0,2026-05-01T00:41:12.672942,Costela de da Cruz,Teixeira,44.56,DELAYED,VAN,101
87e8b87f-7940-42f1-bec7-709464821f61,2026-05-01T11:29:42.645848,Pacheco de Albuquerque,Aragão,99.76,DELAYED,TRUCK,69
aade1afa-62ac-4edd-ba4d-04dfc5ce3bb9,2026-05-01T01:20:26.023499,Alves de Pires,Pinto,52.98,CANCELLED,TRUCK,47
6d4d2301-7359-49d9-a05b-e5044e3fd166,2026-05-01T02:31:48.024410,Brito de Minas,Mendonça,20.13,DELIVERED,VAN,26
d2b1772b-cb47-4d2f-91b2-0ea5442f5f47,2026-05-01T03:09:20.285006,da Paz,Lima,39.66,DELAYED,TRUCK,73
8e31f06d-3193-4c41-ac31-8a64e5a1f1f5,2026-05-01T01:46:11.898622,Moura,Guerra da Prata,55.69,CANCELLED,MOTORCYCLE,100
4c18c159-594b-40ba-8102-97a18be191aa,2026-05-01T10:25:19.957772,Abreu,Novaes,84.04,IN_TRANSIT,MOTORCYCLE,39
e053a5e5-8003-4fc5-8492-8764e9ffde69,2026-05-01T03:15:40.352570,Aparecida do Amparo,Campos,44.02,CANCELLED,MOTORCYCLE,23
0ae29809-e33c-4647-94df-57f7ff966ecd,2026-05-01T11:19:34.128262,Borges da Serra,Moreira,54.34,DELIVERED,AIRPLANE,112
aa2e3a68-92c0-4025-956e-0b2381079244,2026-05-01T07:44:32.406008,Lima,Cavalcanti das Flores,2.37,CANCELLED,AIRPLANE,80
ff9be3d7-b294-439c-8119-1b6dca3b2d68,2026-05-01T03:55:37.520662,Silva da Praia,Ribeiro da Mata,76.95,DELAYED,VAN,63
f2af58aa-ad4b-4789-bf6f-2ffcc8cf3efb,2026-05-01T06:47:21.339048,Borges,Nogueira,91.12,IN_TRANSIT,TRUCK,51
5ff0c596-6649-4c06-9a40-d88ad2ffdbeb,2026-05-01T10:35:10.935420,Vieira,Cirino do Norte,20.89,IN_TRANSIT,VAN,64
d3160787-e9fb-4f53-9de1-ea1c39b00c4f,2026-05-01T00:37:50.640010,Almeida,Farias dos Dourados,25.26,DELAYED,TRUCK,89
807b343a-5928-411e-86a2-a88f200beca8,2026-05-01T07:38:57.812371,Freitas do Sul,Pacheco de Duarte,94.66,DELIVERED,TRUCK,56
d6cdc195-e139-472f-93bb-a7dcd366feaf,2026-05-01T10:04:59.331533,Abreu da Praia,Dias Grande,94.29,CANCELLED,TRUCK,50
58e2ee33-326f-46ad-92d4-79ec18d513a3,2026-05-01T04:43:03.630001,Cunha da Mata,Casa Grande de Goiás,5.63,CANCELLED,MOTORCYCLE,90
81dcfd1d-f53e-4504-b446-2735130a8581,2026-05-01T00:54:11.442415,Pastor,Andrade,80.02,IN_TRANSIT,TRUCK,2
7a01ce71-f6b1-4c42-b496-9a4718c78e07,2026-05-01T00:54:23.506391,Casa Grande da Mata,da Cunha,71.3,DELIVERED,TRUCK,73
ee258faa-14c9-4a22-bc14-3730494e0579,2026-05-01T10:44:08.585809,Pastor Alegre,da Conceição,46.46,CANCELLED,TRUCK,103
d171f128-3111-4b0c-8ff2-9d585dc53dbf,2026-05-01T10:43:00.168358,Nunes,Castro de Carvalho,4.39,DELAYED,VAN,84
d15f1840-ad08-4301-8dc9-1b77d7871ce1,2026-05-01T09:53:18.857025,Sousa do Campo,Freitas dos Dourados,66.59,CANCELLED,VAN,106
4213227c-2d62-49ca-8c1b-9bd544ee9fea,2026-05-01T02:50:22.133936,Gonçalves,Gomes de Goiás,63.3,DELAYED,AIRPLANE,77
173dfb9c-5ee1-4e95-b0ab-32e40d048018,2026-05-01T05:00:40.719130,Novais,da Cruz do Oeste,52.43,DELIVERED,MOTORCYCLE,100
d87692b0-5940-4c5c-a977-6a6e029c28d8,2026-05-01T00:57:32.106502,Silva do Oeste,Ferreira,53.78,DELIVERED,MOTORCYCLE,76
10f280ae-5838-4765-a677-200bbc56e92c,2026-05-01T10:35:47.499377,da Mota,Nascimento,76.02,IN_TRANSIT,AIRPLANE,102
f9a1be0e-6e62-4f12-875f-fb58f244437d,2026-05-01T09:00:00.901252,Ribeiro Alegre,Viana,50.96,DELAYED,TRUCK,15
efbd60ff-30d5-43cb-9567-157335d93fc3,2026-05-01T00:59:30.264603,Aparecida,Campos de Minas,35.77,IN_TRANSIT,VAN,111
a39c8c05-0c29-4708-899b-0adc50843dd7,2026-05-01T07:58:23.778157,Freitas,Cavalcante,21.17,CANCELLED,TRUCK,51
d3e0b67f-014c-42fc-95df-c72908f0732e,2026-05-01T03:19:27.923495,Oliveira da Mata,Nunes do Campo,14.22,DELIVERED,AIRPLANE,107
1745cf7b-1290-482f-9949-2b0bf7c7ac4d,2026-05-01T04:36:47.550355,Nunes do Campo,Nunes da Serra,60.02,CANCELLED,VAN,93
cad69e5d-f5bb-4d82-9f48-f214341e5bfc,2026-05-01T11:23:29.896174,Vasconcelos,Alves,42.25,IN_TRANSIT,AIRPLANE,79
53ea7eed-bcab-4ac7-844d-faafb58187e5,2026-05-01T11:05:14.306356,Pacheco,Borges de da Conceição,75.95,IN_TRANSIT,TRUCK,25
ad0832d8-8d2c-4198-a10b-22a3667782a6,2026-05-01T11:08:09.782302,Jesus Alegre,da Cruz de Moura,93.22,IN_TRANSIT,VAN,45
69a7083f-d2e1-4314-afbc-ef239d23ffa6,2026-05-01T03:09:38.409528,Fogaça Paulista,da Mota de Santos,14.85,IN_TRANSIT,VAN,54
9f2931b6-6f1a-4016-97bb-070e50c292fb,2026-05-01T00:31:49.239536,Teixeira,da Mata dos Dourados,31.45,CANCELLED,VAN,21
564c8d8d-936b-47c4-8ad1-345d31a05aaa,2026-05-01T08:12:38.607238,Almeida do Oeste,Viana Grande,94.48,IN_TRANSIT,TRUCK,42
dd7d1259-f8b7-450d-b1ba-da24e0b7c67e,2026-05-01T07:11:36.969727,Brito,Abreu,79.75,CANCELLED,MOTORCYCLE,120
62522a4d-2499-48f9-9a91-8809dc24c2bd,2026-05-01T04:36:31.152474,Moura,Moura,25.93,CANCELLED,AIRPLANE,12
3b543747-e672-4f07-9ca3-2f2d3e90e567,2026-05-01T09:58:35.108772,Borges de Almeida,Novais,71.22,IN_TRANSIT,MOTORCYCLE,35
03d572da-7f4b-4c6f-a2e5-b7f184c904c5,2026-05-01T08:27:11.152820,Aparecida,Sousa dos Dourados,99.01,DELIVERED,TRUCK,24
901c267e-8631-423a-8e46-094334c1aa7d,2026-05-01T00:45:01.540582,Viana,Fonseca de Jesus,80.43,DELAYED,TRUCK,119
36f84564-f669-4ea1-8c8b-35ead735b666,2026-05-01T07:55:30.723526,Câmara,Azevedo do Oeste,92.35,DELIVERED,VAN,37
3a96e786-c32e-4247-b0ac-a9ab7346a3ae,2026-05-01T00:21:30.067216,da Mata de Cirino,Abreu,32.48,CANCELLED,VAN,47
f123b5c8-d2b2-4371-a6a9-1c318392856b,2026-05-01T11:56:48.734581,Fonseca,Fonseca Grande,67.04,CANCELLED,AIRPLANE,3
26994f15-9cf8-4727-87fa-a9f3df4091e3,2026-05-01T11:38:48.179207,Pereira,Pinto,65.39,IN_TRANSIT,MOTORCYCLE,93
7d0fe0e4-7583-4ca4-9b71-946b3e637e0c,2026-05-01T10:05:11.087545,Moreira,Aparecida,51.84,IN_TRANSIT,TRUCK,15
9721b6f2-fa5d-48a0-bfbc-36ae4c9b809a,2026-05-01T02:13:06.118658,Novaes,Ramos das Pedras,7.91,DELIVERED,TRUCK,78
5114a86a-1ee4-4bfd-931b-032cdae422ab,2026-05-01T01:38:34.471539,Pinto Grande,Silveira,80.72,CANCELLED,AIRPLANE,39
a49202ae-8e0f-4f79-b5ab-0f5e5a2ed6f4,2026-05-01T04:31:22.720853,da Luz da Serra,Sampaio de Machado,7.72,CANCELLED,AIRPLANE,76
6cf62b99-e35a-4348-ad7e-39d29eaf4bcd,2026-05-01T11:54:15.059187,Melo de Pimenta,Santos do Oeste,21.09,DELAYED,TRUCK,6
96f4c3f4-e024-4d42-930b-71466a0c16aa,2026-05-01T05:19:56.843511,Pires,Melo do Sul,75.35,CANCELLED,TRUCK,83
cc2d98a5-33a5-4cdd-863e-1f83b48cc3ce,2026-05-01T06:04:37.221087,Vasconcelos de Goiás,da Costa,55.96,CANCELLED,TRUCK,34
d2354f3f-020e-4536-8cab-c503e0d07570,2026-05-01T07:34:57.279286,Machado de Câmara,Gonçalves de Marques,23.24,DELAYED,AIRPLANE,110
f4a64a86-ed6c-400b-9e10-9d92da8402de,2026-05-01T04:59:16.776250,Borges da Mata,Moura dos Dourados,58.42,DELAYED,VAN,84
b8e9533b-fb79-4c55-b134-799c60d62a69,2026-05-01T04:01:10.126699,Ribeiro,Costela,44.27,IN_TRANSIT,VAN,65
c8655d11-292a-479a-a6a2-fc9bce97fa27,2026-05-01T05:18:53.387505,Sales Alegre,Brito Paulista,14.15,IN_TRANSIT,TRUCK,97
2feb9111-9785-412f-9a1f-8e2701ddaf13,2026-05-01T07:03:53.766894,Costa de Lima,Cirino,1.29,DELIVERED,MOTORCYCLE,42
a54309e9-65eb-4988-a4e8-c050cc3909e4,2026-05-01T05:12:06.475041,Marques de da Conceição,Aparecida,1.14,DELIVERED,VAN,114
1b962aee-25f0-4272-aca5-1652ea148e6d,2026-05-01T10:39:46.919400,Garcia Grande,da Costa das Flores,55.86,CANCELLED,AIRPLANE,65
580a5af9-a4a0-46b2-962d-3056180f267d,2026-05-01T08:48:40.279041,da Luz,Costela das Pedras,29.64,DELAYED,MOTORCYCLE,90
e6982e06-8cb7-41a6-adfb-3a51b343833c,2026-05-01T12:24:21.109270,Teixeira de Duarte,Vargas,87.47,CANCELLED,VAN,1
c8fae5fd-761e-42fa-8e9a-7ed23bff3f8b,2026-05-01T01:43:29.434946,da Paz,Siqueira,24.92,IN_TRANSIT,AIRPLANE,54
73ee6671-5fb8-461f-b298-928f8bf5299d,2026-05-01T00:05:34.002162,Mendonça,Mendes,94.75,IN_TRANSIT,VAN,9
77cee058-defd-437c-9a1a-744b946b908c,2026-05-01T08:04:04.858731,Carvalho,Aparecida das Flores,49.28,IN_TRANSIT,AIRPLANE,47
0384da62-d85e-49a1-8264-ca3cb8a1f03f,2026-05-01T09:27:45.981664,Jesus,Oliveira de Souza,97.79,DELIVERED,MOTORCYCLE,114
58fa7b7e-db8c-40e8-8ec3-2253e874572b,2026-05-01T08:02:43.533548,das Neves,Albuquerque,12.01,CANCELLED,MOTORCYCLE,105
4cac07ad-d7bb-4159-a914-fb474b57391b,2026-05-01T10:07:53.696942,Cavalcante,Casa Grande do Campo,10.87,DELIVERED,VAN,57
e3312135-196e-4b2e-89bb-48e04a07a7a4,2026-05-01T02:29:28.144332,Siqueira do Sul,Novais de Cirino,10.06,CANCELLED,MOTORCYCLE,31
d36ba828-f8ac-4682-86f9-f8a74c4461f5,2026-05-01T05:17:30.545538,Marques de Santos,Garcia da Praia,40.96,CANCELLED,VAN,3
9a3ddf7a-29bd-4ccc-98eb-c4ce82a52654,2026-05-01T04:54:37.863917,Borges,Monteiro,35.11,IN_TRANSIT,AIRPLANE,53
b0d15e8e-61be-4d82-801d-0630955c9fb8,2026-05-01T01:36:23.489267,Cirino,Pimenta de Macedo,87.45,CANCELLED,TRUCK,67
71cc3f6a-d647-4e8c-ba60-9d66ca7c173e,2026-05-01T01:04:56.160258,da Cunha,da Luz de Machado,3.18,IN_TRANSIT,AIRPLANE,18
966c99b2-38fb-4cd4-8dc3-6e338dde2e53,2026-05-01T11:59:34.926006,Caldeira,Castro do Galho,47.67,IN_TRANSIT,TRUCK,63
c6d551dc-d236-4534-b800-560963ce1c50,2026-05-01T09:45:19.497074,Vieira de Goiás,Marques de Sampaio,8.53,IN_TRANSIT,VAN,2
bf588993-fd0e-4f67-ae01-c0b848457779,2026-05-01T03:55:25.134247,Câmara,Pastor da Serra,20.81,DELAYED,MOTORCYCLE,63
199262f8-3572-4303-a110-4656369bb0c6,2026-05-01T11:38:25.598300,Campos,Martins do Norte,95.05,IN_TRANSIT,AIRPLANE,33
6776f4e7-5efb-4318-9052-450ef689409e,2026-05-01T10:51:25.790668,Casa Grande Alegre,Freitas,36.81,CANCELLED,MOTORCYCLE,119
6b889516-efcf-4eb8-bdd2-207fc832ccbd,2026-05-01T06:07:17.363352,Peixoto dos Dourados,Nogueira de Ribeiro,7.15,IN_TRANSIT,MOTORCYCLE,41
24ebd06c-3fd2-407b-81cd-9802a2972128,2026-05-01T02:59:47.492580,Teixeira do Campo,Guerra de Siqueira,41.33,DELIVERED,TRUCK,110
8cf872c8-af98-447c-abb8-e248d867ea97,2026-05-01T01:20:02.490008,Mendes,Moreira,50.38,IN_TRANSIT,MOTORCYCLE,58
f4c520fe-3b03-4d23-89b8-a138e2e382ae,2026-05-01T07:11:01.689336,Montenegro do Oeste,Fonseca do Norte,4.38,DELAYED,VAN,80
15b59101-b243-4301-82ce-fe5fa039c682,2026-05-01T05:44:28.631653,Cavalcante Grande,Gomes de Brito,22.47,DELIVERED,VAN,30
4e944e8c-04a8-4095-9752-276bc476d850,2026-05-01T09:08:31.835745,Monteiro de Goiás,da Cruz Alegre,13.36,CANCELLED,VAN,116
7978437b-ef71-4be3-a318-f2a2f9a30853,2026-05-01T06:24:32.640513,Aragão,Aparecida,82.88,DELIVERED,TRUCK,21
46cc163d-be78-4bd7-95d0-2eddd4cf101b,2026-05-01T09:17:14.325912,da Mota Verde,Nogueira da Serra,73.97,CANCELLED,AIRPLANE,114
e98c6e9a-510a-4dc7-bbc9-c1ca279c0b9b,2026-05-01T11:25:51.806976,Dias,Duarte,41.77,DELAYED,AIRPLANE,85
d8b68aac-b0a9-4b41-90ad-596002c7ee51,2026-05-01T07:58:34.971028,Siqueira do Sul,Azevedo,0.75,CANCELLED,VAN,34
6fe2a952-f816-4a90-abf9-d1fe27239b7b,2026-05-01T07:12:08.295668,Pastor,Macedo de da Costa,40.2,DELAYED,TRUCK,80
9ccb01a6-0bb2-4e8d-947f-ef83f9bb3bba,2026-05-01T04:20:27.359222,Montenegro,Andrade do Campo,53.68,DELIVERED,AIRPLANE,70
89a7df81-e9cd-4b11-823a-9c4a0363bee7,2026-05-01T03:10:31.670138,Macedo de Goiás,Carvalho da Praia,29.96,DELAYED,TRUCK,76
296f3eda-1083-4691-bc73-0f64a0efafa8,2026-05-01T09:37:44.969123,Borges,Caldeira,77.43,CANCELLED,TRUCK,102
2da894fd-b527-4305-89f0-8a9b81ab60e5,2026-05-01T09:08:18.090531,da Rosa,da Costa,39.04,IN_TRANSIT,TRUCK,112
e2b3171b-cf9d-42c9-9baa-72e77590470c,2026-05-01T12:15:56.694456,Freitas,Campos de Siqueira,4.99,DELAYED,AIRPLANE,48
55f156cb-5acb-4883-9a96-d90c483bd232,2026-05-01T10:52:16.785845,Duarte,Mendes,92.3,DELAYED,AIRPLANE,115
8cead15f-c76c-46ce-904b-fa5f58768cab,2026-05-01T09:25:39.774240,Macedo Verde,Machado,76.39,DELIVERED,VAN,27
71248da9-ec58-4801-bca8-15af9c5a4401,2026-05-01T06:22:34.017306,Leão,Moura,28.87,CANCELLED,MOTORCYCLE,39
b57ac1b6-50fa-40d4-b3f8-eb9ba3d9bb35,2026-05-01T08:38:56.835291,Leão de Mendes,Cunha do Sul,91.14,IN_TRANSIT,VAN,91
eabe1b6b-d93f-4ad9-b6af-bb8063da9fd2,2026-05-01T05:59:45.775222,Costa dos Dourados,Brito,47.94,DELAYED,VAN,71
08318148-9349-49a2-aab6-087f68ac6285,2026-05-01T02:36:31.853711,da Cruz de Pires,Costela,6.72,CANCELLED,AIRPLANE,112
5fb9a092-0cd7-4093-b0e3-dc3dc83f1e94,2026-05-01T09:50:48.768755,Cunha,Rezende,52.2,IN_TRANSIT,VAN,49
30daea60-bbfc-4684-b8c5-ba4a192947ca,2026-05-01T09:06:22.879850,Peixoto,Pinto da Serra,17.54,DELIVERED,AIRPLANE,43
d390f37e-d177-4782-b871-79fe6f32ea7e,2026-05-01T02:14:23.241014,Castro,Câmara das Pedras,65.23,DELAYED,VAN,37
adbf7514-88de-489c-813d-c75e31229a26,2026-05-01T08:22:16.539255,da Costa das Flores,Cardoso,98.0,IN_TRANSIT,TRUCK,118
016c2793-53e1-4d5b-9bd9-1a9a81b3b69b,2026-05-01T08:30:05.517909,Mendes de Aragão,Pastor dos Dourados,79.41,IN_TRANSIT,AIRPLANE,102
460b477f-74bb-4ed1-9a0b-e244ec381347,2026-05-01T00:12:04.156703,Freitas,Fogaça,98.68,DELAYED,VAN,99
a9c8df51-e260-4558-b09d-e49e07820ee4,2026-05-01T02:51:11.790628,Sampaio da Prata,Viana,34.9,CANCELLED,MOTORCYCLE,50
d9132828-cc33-43ae-8826-171b33affece,2026-05-01T00:52:36.038275,Rocha,Borges,54.89,DELAYED,TRUCK,4
bcd839da-7fe5-4ca7-8e69-dd118c538889,2026-05-01T09:12:46.909154,Alves,Oliveira dos Dourados,8.74,DELAYED,TRUCK,29
11b89665-f363-4c3c-853c-99a27d0a2192,2026-05-01T07:07:27.905874,Sampaio,Nascimento,75.4,IN_TRANSIT,TRUCK,117
e462cad9-850e-4fa1-974d-a1c5022f52f2,2026-05-01T09:42:32.724442,Lopes do Norte,Ramos Paulista,41.36,DELIVERED,AIRPLANE,67
cc8ed371-8590-4c74-bde0-dd843d37a2a7,2026-05-01T02:29:57.726988,Vieira,Azevedo de Silveira,19.5,DELIVERED,TRUCK,108
252778ee-2c9d-44e2-8e38-fa9d67e781a7,2026-05-01T10:52:42.738408,Rocha de da Mata,da Cruz,20.49,DELAYED,MOTORCYCLE,25
0ac772fa-204d-44e3-9187-ea1b96c53a19,2026-05-01T07:05:40.102978,Pimenta,da Mata de Melo,28.5,DELAYED,TRUCK,3
425e23d5-013b-486b-9047-5f70a24c222c,2026-05-01T12:24:57.118593,da Luz Verde,Guerra,88.02,DELAYED,MOTORCYCLE,119
c2fa8103-e269-4d36-8aaa-a5126a9d3c0a,2026-05-01T00:37:44.406775,Cavalcanti das Flores,Lopes da Prata,49.59,DELAYED,TRUCK,6
b51cc7b9-e4d3-4cd7-8fe6-12ba415c5f86,2026-05-01T00:26:23.101771,Sales de Minas,Fogaça de Pinto,9.59,IN_TRANSIT,AIRPLANE,15
25dffcb7-2bf7-4105-8989-42125212731e,2026-05-01T01:35:47.556442,Nascimento do Sul,Câmara de da Cunha,10.04,CANCELLED,MOTORCYCLE,55
f6b053fa-25e9-412a-bbb2-c68573f4b273,2026-05-01T09:03:27.998874,Sousa,da Cruz da Serra,66.64,IN_TRANSIT,MOTORCYCLE,18
8f7017a0-3c33-4fa7-a5cd-8a0b12b89d1e,2026-05-01T05:54:46.937097,da Paz de Goiás,Monteiro,40.02,DELIVERED,TRUCK,4
987736b2-e0cd-4f09-bcba-c2df334bf8c6,2026-05-01T12:01:29.740712,Vasconcelos de Almeida,Rodrigues dos Dourados,65.87,IN_TRANSIT,VAN,3
424bdc56-d209-4ba4-83b7-99c1e3ca6ae9,2026-05-01T00:50:58.695521,Souza Grande,da Luz do Oeste,94.08,IN_TRANSIT,MOTORCYCLE,27
a8358c7e-3c0a-4478-be1f-f9321f6a93c7,2026-05-01T02:58:03.517592,Vasconcelos,Pereira dos Dourados,53.35,IN_TRANSIT,TRUCK,42
1aa6e829-4a7e-4076-b146-eb5ad493f114,2026-05-01T05:06:00.527161,da Conceição de Pinto,Melo da Mata,41.51,DELAYED,MOTORCYCLE,77
0d1dd5d0-91fb-4c68-8ca0-14ae38a64dad,2026-05-01T09:53:46.863398,da Paz,Ramos,30.48,DELIVERED,MOTORCYCLE,104
f19645a6-3dda-4491-9265-d805f444137f,2026-05-01T10:42:13.331007,Rios do Norte,Casa Grande das Flores,43.33,CANCELLED,TRUCK,102
aefdce14-8e8e-4bd5-b844-70779ae7cd8f,2026-05-01T07:16:34.230263,Mendes do Oeste,Pimenta,65.68,DELIVERED,MOTORCYCLE,84
43778c1b-eb52-461d-a024-fb8a6c1b459c,2026-05-01T11:17:46.444260,Fogaça de Correia,Nunes de Minas,56.83,IN_TRANSIT,MOTORCYCLE,97
08e34909-0b41-4e8e-998a-668ad9b01b2b,2026-05-01T06:35:40.954851,Novais Alegre,Sampaio Alegre,35.01,DELIVERED,AIRPLANE,73
f34a7106-c7fe-4264-a9ba-d85ead8021ec,2026-05-01T11:01:23.656809,Macedo,Andrade,61.27,DELAYED,AIRPLANE,20
b64b76dd-14d9-4171-b103-77c1ddc06cf4,2026-05-01T05:23:07.233404,Monteiro Alegre,da Luz Grande,46.02,CANCELLED,MOTORCYCLE,70
90cce0be-548d-4a05-a7fb-e5d990573973,2026-05-01T05:46:19.273208,Andrade,Gonçalves do Campo,15.42,IN_TRANSIT,TRUCK,34
72a34679-bb86-40d3-8cb2-c14c0828d363,2026-05-01T11:20:47.841756,Albuquerque,da Rocha,31.78,IN_TRANSIT,VAN,14
9a341c1c-9d99-42b9-ab52-1b64034c0dee,2026-05-01T09:52:48.491143,Silva da Praia,Borges,96.72,IN_TRANSIT,AIRPLANE,16
697fe966-b366-41c8-ba06-13db440dace3,2026-05-01T09:42:30.605919,Cavalcante,Ramos das Pedras,31.81,DELIVERED,AIRPLANE,84
1a295779-27a1-40d8-b466-fc4a76198967,2026-05-01T08:13:48.966624,Fonseca do Sul,da Rocha,20.99,DELIVERED,AIRPLANE,59
023e6605-eb9a-416d-ae68-6b67b7d73495,2026-05-01T07:24:56.627524,Marques de Jesus,Caldeira de Rezende,48.14,DELAYED,TRUCK,21
1a8953f1-099a-4c60-8578-15d138df6c88,2026-05-01T01:14:16.752909,Pinto,Cassiano,82.8,IN_TRANSIT,VAN,12
f5ddec3d-fe29-4565-9abe-b328779f383d,2026-05-01T08:02:48.050624,Albuquerque,Mendonça,14.16,DELAYED,AIRPLANE,10
62c716d9-43a4-41ae-8263-24dadf8734c0,2026-05-01T04:38:15.655437,Rios,Freitas Verde,13.31,DELIVERED,AIRPLANE,18
cc9af5f4-8a7d-4d8f-a6a6-1899d5e4e08e,2026-05-01T10:06:48.629048,Aparecida de Goiás,Vargas,81.78,CANCELLED,TRUCK,76
6c36c06a-e1aa-4318-a91b-beea8b63e1fe,2026-05-01T11:28:02.160211,Correia de Goiás,Nunes,97.79,DELIVERED,AIRPLANE,42
60fd7136-a919-459e-bf0f-4128d17accfa,2026-05-01T10:36:03.455585,Fogaça Paulista,Leão da Serra,61.36,CANCELLED,VAN,22
e3a54cd7-a48c-4aa8-a25b-c3fb59531a25,2026-05-01T08:59:57.638315,Moreira,Pinto,53.76,CANCELLED,TRUCK,9
82281958-d64f-44d9-9e5d-9aca670d38d6,2026-05-01T06:39:12.933414,Brito,da Paz de Goiás,96.2,CANCELLED,VAN,118
97d24f94-0831-4c4f-b086-48f575e6e582,2026-05-01T01:07:14.016595,Duarte do Amparo,Macedo,82.13,DELAYED,MOTORCYCLE,77
0a55a759-dfcc-4339-a7a2-c84204a01d8d,2026-05-01T04:37:33.250254,Fernandes de Peixoto,Silveira de Silva,38.72,IN_TRANSIT,TRUCK,8
44c84e49-ce3b-4924-a2ff-ab238ee89061,2026-05-01T04:55:47.438848,da Mata,Sá da Praia,79.34,CANCELLED,VAN,66
0e39be1a-0044-47ac-9e20-fc8b9f3ff28a,2026-05-01T05:53:25.526360,Casa Grande,Sá de Santos,57.71,DELAYED,AIRPLANE,65
a0bb2963-5fed-4cbf-baae-d2b0168b2a35,2026-05-01T05:47:05.128247,da Mata,Barbosa da Mata,35.9,IN_TRANSIT,VAN,2
5d04b0ef-384e-4d6e-96af-b0cbf076a070,2026-05-01T06:33:32.539920,Nunes,Farias,41.01,IN_TRANSIT,VAN,105
c9188417-a063-4136-b4f2-6efbe6cf9e6e,2026-05-01T00:58:08.665174,Cunha,Cassiano,9.79,CANCELLED,MOTORCYCLE,28
65908b99-a889-438d-acf9-aa62a52f14f2,2026-05-01T10:50:10.217287,Guerra do Norte,Ribeiro de Oliveira,13.18,IN_TRANSIT,VAN,58
23a25159-ca16-44ba-9b43-bdc10f826acf,2026-05-01T04:14:24.388066,Porto,Brito Verde,21.42,CANCELLED,TRUCK,82
bc5c6a1e-f2b4-435e-a4ec-b926632c912d,2026-05-01T09:04:39.725181,Santos,Rezende,88.62,IN_TRANSIT,VAN,43
0bef4536-e210-402e-a546-f25f114faa28,2026-05-01T12:22:06.838614,Santos,Rios do Galho,93.17,DELAYED,TRUCK,27
524c3926-e905-4a1c-a799-87d150c3efd9,2026-05-01T02:36:06.322288,Rocha,da Cunha do Amparo,90.9,CANCELLED,TRUCK,45
ed74a927-ea2e-46eb-8fd1-d21009ceed27,2026-05-01T05:33:10.854570,Almeida de Minas,Albuquerque de Goiás,11.94,DELIVERED,VAN,112
5694b9d2-9b35-474f-af5c-dce8685a9da4,2026-05-01T06:16:38.759754,da Cruz,Rocha,40.48,DELIVERED,VAN,71
d9c92145-564e-4424-82bd-920e62e060ee,2026-05-01T06:54:40.281709,Araújo de Martins,Cavalcante do Oeste,50.59,DELIVERED,AIRPLANE,17
75988f29-b448-452e-8c64-05e7ca09399f,2026-05-01T07:34:30.172581,Ramos,Freitas,95.57,IN_TRANSIT,TRUCK,37
15e66106-142a-49df-afb2-d1e2a5f89110,2026-05-01T10:58:13.088529,Vargas,Nunes,6.7,DELIVERED,VAN,79
8124331e-618e-4873-a2c6-b4eb8cf4cd00,2026-05-01T01:20:55.996692,Farias,Aragão,90.33,IN_TRANSIT,AIRPLANE,31
aeeb3f39-e998-48f6-8238-5aedfe0a9923,2026-05-01T07:50:21.069420,Fernandes de Pereira,da Luz,39.01,DELAYED,MOTORCYCLE,106
98f6a7f3-fe80-4afd-bec7-0692e80d69a6,2026-05-01T01:02:15.504174,Barbosa,da Mata,14.79,DELAYED,AIRPLANE,48
d64400f9-f6c6-461b-8451-116fd5e6a319,2026-05-01T10:42:30.339342,da Cruz de Carvalho,Barros,11.17,DELAYED,AIRPLANE,49
14dfd3cb-a6db-413b-8a00-eb0714f414dd,2026-05-01T00:17:44.648490,da Conceição,Fogaça do Norte,4.86,CANCELLED,VAN,12
c7084811-57cf-4175-bc18-07cc243648cc,2026-05-01T01:21:47.054946,Sales,Melo Grande,35.76,DELIVERED,TRUCK,114
1424e2f8-44ad-4999-855d-e18af161ba24,2026-05-01T06:22:24.217626,Abreu,Nascimento,20.73,CANCELLED,VAN,80
fa09f53a-272d-4aa4-8e95-9bb0edb5e07a,2026-05-01T02:57:17.635730,Pinto,Fonseca,2.09,DELAYED,MOTORCYCLE,62
7cf19032-f09d-4f88-807c-637bb88b89d7,2026-05-01T05:43:40.869989,Fonseca,Campos,70.06,CANCELLED,TRUCK,57
a0a2b9da-277f-4e44-ba2a-da636a3f468a,2026-05-01T02:48:42.623137,Alves da Mata,Gonçalves de Siqueira,8.84,DELIVERED,VAN,38
0ec7ea51-f456-4d27-8b5d-c3e1aac55225,2026-05-01T11:21:13.805891,Lopes Verde,da Mota,12.51,CANCELLED,AIRPLANE,11
370079d5-d28c-4280-9cdb-c028bcd0f9fb,2026-05-01T00:57:59.108343,Santos do Norte,Souza,27.36,DELIVERED,MOTORCYCLE,49
734fef3a-189f-4ad3-9915-b6467f67466b,2026-05-01T01:22:48.720192,Fonseca do Norte,Vargas,68.29,DELAYED,TRUCK,108
7d2eda8a-5139-4c39-a27a-b9f960b70b00,2026-05-01T05:19:43.116930,Borges de da Cruz,da Rocha,98.36,IN_TRANSIT,TRUCK,39
83bed446-92d2-48b5-bf6c-6570d3cd1199,2026-05-01T01:51:02.861368,Sá,da Mota do Norte,27.16,CANCELLED,VAN,82
28d09244-4eb9-423a-b696-c5f1b4072081,2026-05-01T11:45:44.271433,Machado do Norte,Alves,53.89,DELAYED,VAN,34
319f4f19-5efe-4148-9985-4aa75ac2bf4f,2026-05-01T06:07:25.289827,Cavalcanti da Mata,Almeida de Minas,40.4,IN_TRANSIT,TRUCK,43
168848b5-ad27-42ab-8adf-fca57c3c9b0c,2026-05-01T07:33:00.570532,Cavalcanti,Aparecida,17.41,DELIVERED,AIRPLANE,98
e2a8093b-0472-4bd7-8b5e-245035446d2e,2026-05-01T07:49:14.523959,da Mota,Moraes,82.07,IN_TRANSIT,TRUCK,4
4e202bc8-a190-41ad-8e4a-15d70785961d,2026-05-01T06:25:46.701563,Novais de Albuquerque,Cavalcanti,23.53,IN_TRANSIT,MOTORCYCLE,32
23d92185-f81b-4500-9c61-99683d6df90e,2026-05-01T03:56:11.781712,da Cruz da Praia,Barbosa,68.25,IN_TRANSIT,VAN,120
a6f566b2-d5fa-46e8-9c94-af95ec396714,2026-05-01T03:13:42.395079,Macedo,Moura de da Cunha,43.85,CANCELLED,VAN,83
38f55960-1616-45ed-9489-c1c122f8f69f,2026-05-01T09:52:40.834011,Pires de Andrade,Nunes,83.04,DELIVERED,VAN,83
4a61dee8-43b4-4f3e-807c-f9c935b5b2b4,2026-05-01T09:37:04.303479,Albuquerque,Abreu Verde,59.74,IN_TRANSIT,VAN,90
00bfaf1c-dcf2-431a-81df-b8070b3e8211,2026-05-01T07:56:08.034549,Alves Verde,Novaes,51.67,DELAYED,AIRPLANE,93
6a4f8466-8da8-4480-976a-674bc280619c,2026-05-01T09:26:59.026868,Martins Verde,Farias,43.48,CANCELLED,VAN,20
ceefd339-5740-497f-ab51-29e889e655b0,2026-05-01T02:53:13.330512,Pinto das Pedras,Barros dos Dourados,15.16,CANCELLED,AIRPLANE,30
c582448a-2d97-412a-b840-b69653837566,2026-05-01T06:23:04.052421,Pereira da Serra,Costa Verde,78.74,CANCELLED,VAN,72
b7547c3c-b631-4e49-a226-a07855b4775c,2026-05-01T06:59:07.433136,Casa Grande,Araújo,0.05,DELAYED,VAN,8
d596db3d-d6ad-4af6-a93b-74d9d3dec3b7,2026-05-01T11:47:19.594705,Aparecida,da Mata da Prata,0.31,CANCELLED,MOTORCYCLE,110
ac659a0b-88db-4682-93de-6c119cb1ef6d,2026-05-01T01:22:22.706573,Moreira,Aragão,84.62,DELIVERED,TRUCK,25
60613845-ab3e-4e8f-b0fe-22ec721e08b1,2026-05-01T03:28:23.963345,Lima Verde,da Luz de da Paz,31.35,IN_TRANSIT,TRUCK,33
39398d43-2b68-4f61-897c-7da7a7c5fb57,2026-05-01T02:08:39.729067,Andrade,Fernandes,8.73,IN_TRANSIT,TRUCK,97
6150df25-c5ff-4e50-98b8-b6a9babe54f3,2026-05-01T02:06:10.672866,Sousa de Goiás,Gonçalves,43.44,DELIVERED,TRUCK,114
d03cbfa6-2e7b-4d45-967b-56fe276c822e,2026-05-01T10:57:43.947145,Andrade,Alves de Fonseca,10.44,IN_TRANSIT,VAN,74
82dd8e17-11d7-4eaf-87fd-9bc5e6792ec3,2026-05-01T08:53:10.500414,Duarte,Rocha,18.17,DELIVERED,TRUCK,68
f0779aab-c901-449b-b5f4-1674af8973e3,2026-05-01T11:07:15.506035,Carvalho de Minas,Teixeira,17.39,DELIVERED,AIRPLANE,3
ba4b776e-8616-4dba-ad0b-bea0ae99ec8b,2026-05-01T05:27:30.033599,Andrade da Prata,Cassiano,63.65,IN_TRANSIT,MOTORCYCLE,77
f955f8e2-aa15-4849-a33c-badcb342c4cc,2026-05-01T11:50:21.925578,Aparecida,Porto,36.43,CANCELLED,MOTORCYCLE,87
2a5f1b92-4b7d-4bf6-bb78-f852ecd538a6,2026-05-01T10:39:50.749851,da Rosa,Câmara Alegre,59.14,DELIVERED,MOTORCYCLE,100
17414b25-d91f-41c8-9931-8ea64f15793f,2026-05-01T09:27:32.380612,Moraes das Pedras,Aragão,82.99,DELIVERED,VAN,99
6b345211-350f-43b2-857d-268bbc7dd06f,2026-05-01T00:05:40.781213,Câmara,Ramos,75.95,IN_TRANSIT,MOTORCYCLE,25
71e5cfcb-fe25-4e5d-a9f1-0eebb4788f97,2026-05-01T01:21:35.299855,Silveira da Prata,Lopes,64.82,IN_TRANSIT,TRUCK,39
1d4d3f6c-e09a-461b-ad5c-8d2a48f252d5,2026-05-01T09:22:34.242052,da Mata da Serra,da Mata,25.01,DELIVERED,VAN,24
1fbb228a-57b0-45a0-a1f0-4a7970ab13cd,2026-05-01T06:29:31.763571,Duarte de Montenegro,Mendes,80.06,CANCELLED,TRUCK,110
12504e80-29db-4fe7-8bc5-3c815c0f64aa,2026-05-01T06:15:13.028193,Porto,Vieira Grande,53.84,DELAYED,VAN,84
b7e6d713-0463-44b4-8d9c-5ee45e146801,2026-05-01T05:52:59.098755,Novais do Oeste,Cassiano,9.14,IN_TRANSIT,AIRPLANE,6
d9ee3ac3-0339-49e1-970e-019a9314de29,2026-05-01T06:24:53.932486,Martins,Porto do Campo,74.71,IN_TRANSIT,TRUCK,65
b5516acd-e471-4ebd-a7b1-7dda701e1661,2026-05-01T11:21:30.343127,Garcia,Barros das Pedras,77.71,DELAYED,MOTORCYCLE,53
85b9ca73-45d2-4796-9bd0-f552bd7232bf,2026-05-01T08:19:11.451539,Albuquerque,Oliveira da Serra,50.26,DELAYED,MOTORCYCLE,58
acd1b366-3e64-42a6-9a06-f986f656e69b,2026-05-01T06:25:03.570711,Farias,Oliveira de Farias,39.83,DELIVERED,AIRPLANE,58
afce58a3-e5cd-4b63-b114-b9ac76f3d91e,2026-05-01T03:22:45.319127,Macedo da Mata,Ramos Grande,8.6,CANCELLED,TRUCK,66
f9466c67-9631-4fbb-b526-d9b884d7d896,2026-05-01T05:33:57.145079,Sá,Novais,97.9,DELIVERED,VAN,28
468a2c72-82e9-4d64-9f18-022ba9eccf97,2026-05-01T06:29:05.564630,da Rocha,Casa Grande Grande,53.19,IN_TRANSIT,MOTORCYCLE,11
c4fa0396-b7bc-488d-a03d-b8f7292a4e9f,2026-05-01T08:31:40.202800,Alves da Serra,Garcia,59.15,CANCELLED,TRUCK,34
77bc5f28-e1c7-46d2-bfbe-b56b11422a52,2026-05-01T10:43:24.320310,Santos Verde,Siqueira do Oeste,52.36,DELAYED,TRUCK,67
a5a982c8-4ac8-42e4-b8f6-151c6ae7806c,2026-05-01T01:32:36.161896,Novaes de Pacheco,Ramos Paulista,85.91,IN_TRANSIT,VAN,57
4c39897f-bf9e-4358-903c-51a4192c3dda,2026-05-01T07:59:23.755078,Guerra da Mata,Andrade do Amparo,91.53,DELAYED,TRUCK,69
def74802-98b5-4d53-9e86-da3042f17795,2026-05-01T02:07:59.512866,Vargas,Rezende de Cirino,90.33,DELIVERED,AIRPLANE,83
f6b473e0-9c77-4dd3-8f7a-c7ad1072b4b2,2026-05-01T02:25:29.900042,Silveira de Fonseca,da Luz de Minas,10.5,IN_TRANSIT,VAN,1
a2210ddf-b757-40ab-bb5b-2accfc7fd9f5,2026-05-01T10:01:59.353629,Borges Paulista,Martins,3.04,DELIVERED,VAN,70
aeac42a9-7b23-400d-9ce0-90971aa3f0fd,2026-05-01T08:48:19.503699,Rezende,Guerra,24.15,DELAYED,TRUCK,106
0bb9d5e4-e0fe-4b48-bfa0-be5098ef9fb1,2026-05-01T08:51:17.540139,Aragão,Albuquerque,11.9,IN_TRANSIT,MOTORCYCLE,15
e9b2f345-073b-44bc-b088-28e613e98f09,2026-05-01T04:56:15.935853,Duarte,Araújo,2.73,DELAYED,MOTORCYCLE,39
d76e5582-bb21-4ec1-a7b9-c315cddc2fb3,2026-05-01T07:10:39.780809,Cirino do Amparo,Novaes,85.09,CANCELLED,TRUCK,49
b596695d-711e-482b-b3a7-a85407b1318d,2026-05-01T10:20:08.662128,da Costa de Porto,Peixoto,53.16,DELAYED,TRUCK,9
0a3c9d45-c722-4539-b303-d132a470b644,2026-05-01T10:09:16.088020,Sales,Campos,87.83,IN_TRANSIT,TRUCK,111
70f5444b-0cdc-4404-a042-12f99c08648d,2026-05-01T04:01:48.041452,Silva,Nunes,7.38,CANCELLED,VAN,34
d9e9faa8-6a54-4b56-9379-016d92aa582e,2026-05-01T09:54:29.201453,da Conceição,da Luz,67.84,IN_TRANSIT,TRUCK,51
c1f3f300-7c40-4d8e-a8b4-566ac3c8b339,2026-05-01T08:06:51.819038,Borges,Rocha de Goiás,64.22,DELIVERED,VAN,67
df823cc2-a4bc-4ff0-b803-1cbc2c8d8f2f,2026-05-01T04:18:15.194931,Melo da Serra,Correia de Castro,54.79,DELIVERED,AIRPLANE,9
5fac78cf-d0fb-4178-b102-02f23cb367dd,2026-05-01T04:58:57.529362,Moura das Pedras,Cirino,15.97,CANCELLED,MOTORCYCLE,56
9786f4a9-7089-4ca4-8698-e01cd3152435,2026-05-01T03:59:05.425351,Sousa,Pacheco de Nascimento,71.75,IN_TRANSIT,AIRPLANE,93
715fc626-83d3-4470-85b1-cdc6fde1ca1e,2026-05-01T02:46:07.799797,Jesus de Sales,Albuquerque,69.78,IN_TRANSIT,AIRPLANE,2
5b8e87ad-40f1-4a64-8463-9a4a83bcf89c,2026-05-01T09:33:35.217560,Pimenta,Santos,6.69,DELAYED,VAN,15
d770bac8-54e7-49ed-aba9-fcaa4eba0a3e,2026-05-01T02:37:06.443624,Fogaça,Abreu da Prata,61.22,IN_TRANSIT,TRUCK,33
c01c5f9e-0363-48b8-9522-6a1fd9bfa5f5,2026-05-01T00:28:03.458232,Porto de Albuquerque,da Mota,23.41,DELAYED,MOTORCYCLE,40
7555cffa-1920-4f59-a784-514311209124,2026-05-01T00:13:52.233922,Nogueira,Freitas,54.52,DELIVERED,VAN,80
4d008383-ad34-464e-bd37-4980cd8cc422,2026-05-01T01:16:03.338517,Costa de Gomes,da Mata,46.68,DELAYED,TRUCK,68
76173fff-b4e8-4cdc-9302-4cd587241fd6,2026-05-01T00:34:39.316870,Sousa,Siqueira Paulista,34.43,DELIVERED,TRUCK,35
34874c0a-42c0-4c61-b93e-887d0daaf477,2026-05-01T04:57:47.365393,Marques,Gomes do Campo,76.02,DELIVERED,TRUCK,57
3affdb24-96ba-4813-8123-7cca867cd505,2026-05-01T10:41:33.576035,Sales,Guerra,52.54,DELIVERED,MOTORCYCLE,26
a8d8b8ff-c4dd-4c85-a331-c4e3262bf053,2026-05-01T05:46:50.147603,Silveira,da Paz de Alves,1.12,DELAYED,TRUCK,118
d91fb845-26b3-40eb-94ad-c65c10a43a4e,2026-05-01T11:49:10.637902,Camargo,Alves,6.95,DELIVERED,TRUCK,99
a0e5a8bc-bd76-4ad4-be1e-510af5ae43e9,2026-05-01T11:32:47.598437,Gomes do Galho,Pastor,48.69,IN_TRANSIT,TRUCK,111
1110e724-c1d8-4db2-b3d0-c7188ada6428,2026-05-01T05:19:10.904668,Rocha,Sales das Pedras,57.57,DELAYED,MOTORCYCLE,95
edf19360-b3ed-441c-9a74-c00af4848104,2026-05-01T05:30:17.877643,Albuquerque de Araújo,Albuquerque,90.1,DELAYED,MOTORCYCLE,31
8bdbc482-55e5-4c9b-9c30-895809181cc7,2026-05-01T08:56:51.108292,Sampaio,Oliveira,95.0,DELAYED,MOTORCYCLE,59
18affeb4-eb23-41a0-8eb8-c4daa56f20a8,2026-05-01T05:46:01.502235,Vasconcelos,Cavalcanti de Goiás,41.32,IN_TRANSIT,TRUCK,44
9c1cae1d-893a-4ac6-89b7-b295912d7697,2026-05-01T10:28:38.771815,Ramos,Santos dos Dourados,3.63,CANCELLED,VAN,21
e4b988d5-485c-49cd-a834-20d63e90c4f9,2026-05-01T07:40:56.161618,Rocha,Novais,42.35,IN_TRANSIT,MOTORCYCLE,79
9f734fad-451a-47c8-bb0f-dbda029567f3,2026-05-01T06:35:27.432092,Vieira,Ribeiro,73.56,IN_TRANSIT,TRUCK,97
873918c0-e548-4f35-9efd-6d4d768fe021,2026-05-01T00:34:27.948922,Santos de Fonseca,Campos,62.78,DELAYED,MOTORCYCLE,12
ac91668f-a336-4e77-aeea-d5024525fbf9,2026-05-01T01:54:33.808258,Novais,Mendonça do Amparo,95.04,DELIVERED,AIRPLANE,66
76a9a3a9-e3f6-4013-afa5-f3e984653381,2026-05-01T11:09:40.718842,Sousa,Correia do Norte,52.04,IN_TRANSIT,VAN,8
af18f3cf-0e63-41fa-b6ec-8e03e9278fb8,2026-05-01T06:49:06.191201,Dias do Amparo,Marques do Galho,13.64,DELAYED,TRUCK,20
4e25af17-548c-42e3-90e4-b991e42f1496,2026-05-01T06:19:02.342977,Albuquerque,Araújo de Minas,69.28,DELAYED,VAN,83
840b744a-3f00-4f95-a48e-649fe400de8b,2026-05-01T00:41:01.687545,Aragão de da Rosa,Lopes de Vasconcelos,25.59,CANCELLED,TRUCK,27
978b252d-1703-43e8-b531-ccdc604f39de,2026-05-01T00:59:52.925010,Lopes Alegre,Nogueira Grande,26.66,IN_TRANSIT,AIRPLANE,30
3120c399-122c-401a-aa3c-dd8fb13c5ccd,2026-05-01T07:35:51.665787,Cunha do Galho,Cunha de Machado,9.9,IN_TRANSIT,AIRPLANE,114
b8b62ae2-577d-4577-a426-74056761fc0d,2026-05-01T10:15:06.328217,Fonseca,Cavalcanti,52.17,CANCELLED,MOTORCYCLE,115
b4cf5605-120b-4d22-9929-eee02218b649,2026-05-01T11:43:37.424100,Rocha,da Rocha de Goiás,22.52,DELAYED,VAN,118
670d755b-82a1-49cc-ba03-3b80babab567,2026-05-01T11:19:00.952758,Machado,Novais Grande,58.32,DELAYED,VAN,119
35fac626-d16a-4f45-946b-cefa669936ab,2026-05-01T03:20:06.354815,Garcia,Correia,70.68,IN_TRANSIT,AIRPLANE,7
43419dbe-4f8b-499b-9202-214906b356ca,2026-05-01T04:01:00.985555,Rodrigues,Peixoto Verde,9.99,CANCELLED,VAN,44
738fc660-1418-4147-9d00-77d8f9c4e348,2026-05-01T09:45:31.800309,Jesus da Mata,Costela,55.99,IN_TRANSIT,VAN,107
fe03a433-d780-4eb8-b43c-44f1d06ba9b1,2026-05-01T10:22:41.862927,Abreu do Sul,Gonçalves de Rodrigues,43.4,DELAYED,VAN,81
b064fe4c-c9d4-47f6-abaa-aa786f8fae89,2026-05-01T08:47:27.814749,Andrade,Rios Verde,70.5,DELAYED,AIRPLANE,81
ca7a03c1-fe28-4422-96cf-c0cbcbf70b80,2026-05-01T07:48:44.566223,Melo Verde,Nogueira da Praia,76.08,DELIVERED,TRUCK,35
32f7819f-3d1e-4bab-87d5-ef15c672d6da,2026-05-01T08:56:55.255431,Sampaio de Barbosa,Guerra da Mata,18.83,IN_TRANSIT,VAN,96
79e86c9c-9150-40f3-8e38-c87030d06d16,2026-05-01T08:45:46.562424,Monteiro do Campo,Barros de Minas,26.53,CANCELLED,VAN,66
3b0e0c3f-ccba-46fd-a6ed-dcec0da59b95,2026-05-01T09:48:05.711130,Vargas de da Mata,Santos de Rodrigues,94.25,CANCELLED,TRUCK,110
8d764646-a3fb-4fe9-a406-518f60ca31cf,2026-05-01T02:50:22.602845,da Mota da Serra,Campos dos Dourados,2.4,CANCELLED,TRUCK,97
0f8583f9-be9b-4707-bf2d-4e18fb471867,2026-05-01T08:45:24.056461,Souza,Siqueira da Mata,11.04,DELIVERED,TRUCK,65
28ba1657-b1db-41bb-9347-f39e7405ded0,2026-05-01T04:18:12.654684,Monteiro,Barros Verde,62.25,CANCELLED,VAN,56
e7d17d45-0134-4b2d-9842-7be95802fa1d,2026-05-01T03:10:20.838798,Cirino Paulista,Macedo de Minas,2.82,CANCELLED,TRUCK,38
0232d928-6dac-455a-ae8b-e1784ab6bcfa,2026-05-01T02:50:08.506002,Freitas de Castro,Dias Verde,4.52,DELAYED,TRUCK,25
f940a739-b840-4dec-9841-d9d52922cc77,2026-05-01T02:27:10.055656,Pires,Araújo,55.84,DELIVERED,VAN,82
d7aa869d-c0af-48c7-90c6-e9749447827e,2026-05-01T07:24:39.362494,Sampaio,Sampaio,49.3,DELAYED,AIRPLANE,62
9cdf24cf-6344-4d21-9b89-0fcdc4fdc9c8,2026-05-01T05:11:22.777015,Carvalho dos Dourados,da Mota,82.5,DELAYED,AIRPLANE,11
91f46375-ff62-400c-b92f-e2858b810e8a,2026-05-01T08:36:16.514362,Viana,Alves,90.04,CANCELLED,AIRPLANE,38
e0ba0c54-ff83-41bb-85a2-ab5782ffbe32,2026-05-01T06:00:40.087640,Cunha,Novais,42.31,CANCELLED,TRUCK,62
c7cd6b9e-ee7e-4b08-a25b-87b4c779fdd8,2026-05-01T05:51:07.828263,Rios,Farias,24.65,IN_TRANSIT,TRUCK,9
d4468093-b7ef-48d6-9ae5-7b5edfe9be02,2026-05-01T01:52:02.657732,Araújo,da Mata da Mata,65.99,CANCELLED,VAN,84
202e0806-2884-41c1-98a0-9662ef3af840,2026-05-01T03:13:21.997811,Cunha das Pedras,Pimenta,11.93,CANCELLED,MOTORCYCLE,113
346452b5-9a31-420a-afe5-686c9986f277,2026-05-01T07:15:33.539862,Rocha,Cirino de Goiás,56.49,CANCELLED,VAN,75
457dc0f3-a68b-4044-9aac-42384d8f0d02,2026-05-01T08:41:23.484097,Rocha,da Cruz de Minas,54.87,DELAYED,VAN,94
9efea02c-5c29-42d7-8525-4871a2176a91,2026-05-01T11:03:35.572904,Gomes da Praia,Lopes Alegre,15.75,CANCELLED,AIRPLANE,24
bd806d68-6054-4d18-a786-58b9f0c9dd41,2026-05-01T01:52:36.100603,Peixoto de Ramos,Mendonça de Mendonça,6.97,CANCELLED,VAN,78
ac0cf556-1db7-4386-b388-37114e856c74,2026-05-01T09:13:30.479594,Novais,da Cruz,60.58,CANCELLED,VAN,20
070512ed-10bb-41b6-9181-dca7fc411cff,2026-05-01T05:04:31.888534,Fernandes,Cavalcante da Serra,60.18,IN_TRANSIT,AIRPLANE,94
ea808639-429e-4214-bd07-88731f299cdb,2026-05-01T02:23:54.344982,Fernandes de Albuquerque,Ramos,48.81,DELAYED,VAN,14
82a102b9-d2f9-459a-a553-0d3656d7b492,2026-05-01T07:42:36.812924,Correia,Macedo Verde,32.57,DELAYED,AIRPLANE,76
df846e91-5010-4a8a-b3bc-0def1605736e,2026-05-01T00:36:30.254672,Cirino,Azevedo,32.49,CANCELLED,TRUCK,96
705467e8-2665-4bac-81ee-aa488f25206d,2026-05-01T11:33:51.661756,Fernandes de da Mota,Aragão da Serra,82.55,DELAYED,VAN,57
d71f2c37-1ce6-40b7-bf74-18c78b631ccf,2026-05-01T05:11:10.885557,Andrade,Caldeira,87.92,IN_TRANSIT,AIRPLANE,35
18a20aad-1725-4530-ab43-dee350d5555d,2026-05-01T08:12:29.820262,Barbosa,Rocha,57.59,IN_TRANSIT,AIRPLANE,70
4165758b-736f-4fe6-92a2-9a0e6f6497f3,2026-05-01T07:28:55.862501,Cavalcanti das Flores,Montenegro Alegre,82.86,DELIVERED,VAN,11
38beda12-75a1-4a2c-9bb5-cec728205f6f,2026-05-01T06:51:44.166478,da Cunha,Souza de da Paz,59.45,DELAYED,AIRPLANE,15
b32b8f92-39db-4f7d-bdf2-e50d78ba40d9,2026-05-01T00:17:02.076631,da Mata dos Dourados,Costa de Goiás,82.72,IN_TRANSIT,AIRPLANE,80
f53ea5d1-708d-40d7-8497-3831629ef768,2026-05-01T04:52:55.846732,Freitas das Pedras,Brito dos Dourados,10.04,DELIVERED,VAN,33
bac994a1-b8b9-4975-97b6-e3e272f7da6c,2026-05-01T10:13:51.341758,Rezende de Teixeira,Vasconcelos,12.51,CANCELLED,VAN,115
3ce8ba8d-62b8-4045-a237-a00de5447cae,2026-05-01T01:08:28.388300,Peixoto da Prata,Cassiano,74.6,IN_TRANSIT,TRUCK,118
c02f2cc3-b330-45c0-8b86-58aaaade5eeb,2026-05-01T08:32:02.313284,Carvalho de Minas,Brito,48.83,IN_TRANSIT,TRUCK,108
3220605e-581f-400e-91e2-47958d86e84d,2026-05-01T06:41:02.499411,Rodrigues,da Mata Grande,53.33,DELIVERED,VAN,42
84868586-42ee-46a7-8a63-edc1fa5cda9f,2026-05-01T08:58:03.757176,Oliveira Alegre,Rios das Flores,5.53,CANCELLED,TRUCK,113
c8343749-7b08-4316-9b9b-4df433117874,2026-05-01T07:43:17.605273,Martins de Carvalho,Vasconcelos,31.36,CANCELLED,VAN,17
82ee7eb5-3ddd-4842-8e62-850a7491a726,2026-05-01T06:14:14.677766,Pimenta do Galho,Souza,36.63,DELAYED,TRUCK,66
5bf378f9-88ad-45f6-8538-8693561424f6,2026-05-01T04:07:34.183977,Viana de Novaes,Fonseca,39.44,IN_TRANSIT,AIRPLANE,104
f3ef22ed-2bb5-4c92-817f-8681eddee656,2026-05-01T03:59:09.543278,Santos Verde,Gonçalves de Goiás,12.69,IN_TRANSIT,TRUCK,102
785a1a00-d8fb-4b83-baf0-cf9a4b6316dd,2026-05-01T09:31:11.062864,Costela,Carvalho Paulista,44.41,IN_TRANSIT,MOTORCYCLE,56
916876c4-6040-487f-b32b-d46fdd600713,2026-05-01T05:35:59.864847,Almeida,Cirino,10.74,IN_TRANSIT,VAN,110
9f3669c8-7e92-4bea-803e-ea8528e9745f,2026-05-01T08:47:33.636106,Cavalcanti Grande,Oliveira,71.25,IN_TRANSIT,AIRPLANE,83
11795456-72f7-49fa-a781-feb94943f6ea,2026-05-01T05:04:59.354879,Viana,Camargo,36.47,CANCELLED,VAN,80
489cacbb-54c4-487e-9d67-e350abe3da2b,2026-05-01T11:45:23.261122,Castro,Cassiano,7.11,DELIVERED,AIRPLANE,60
2aaa286c-f2f4-49d8-a689-3a86e30f5141,2026-05-01T10:36:22.844929,Almeida,Vieira,48.4,DELAYED,VAN,37
74274034-6403-4cb6-bb3b-b931b2b521b0,2026-05-01T09:06:17.392130,Sampaio do Amparo,Sá Verde,92.0,DELIVERED,TRUCK,32
b7089077-ac97-4d7c-b614-f8a51b6d3a70,2026-05-01T02:00:31.811332,Abreu Verde,Moura,83.38,DELIVERED,VAN,60
a1562eab-78ec-43d1-a95c-4c8c4b8d35a7,2026-05-01T00:09:48.697495,Peixoto,Gomes de Cavalcante,91.16,CANCELLED,TRUCK,28
18e74d50-8a3b-414a-963b-a8613a248e19,2026-05-01T02:36:39.285215,Machado,Ramos da Mata,83.21,IN_TRANSIT,TRUCK,2
5f519a13-3c69-4f17-8503-fa05a1b3d166,2026-05-01T05:52:18.433248,Fonseca,Monteiro,57.35,DELIVERED,VAN,103
05524c7d-ae43-4038-8de1-047e1d39730e,2026-05-01T10:35:43.465235,Cavalcanti,da Cunha do Galho,31.14,IN_TRANSIT,VAN,30
05be79a4-bb1c-44cf-bddc-2ec7b720c491,2026-05-01T00:39:12.525719,da Cruz do Oeste,Andrade de Ribeiro,96.4,IN_TRANSIT,AIRPLANE,37
80353933-ad37-42e0-9b36-c86891223202,2026-05-01T09:31:09.810537,Vasconcelos,Farias,53.34,CANCELLED,AIRPLANE,86
61c6cdce-5d3b-4250-ba2a-58740588cf09,2026-05-01T08:58:23.184080,Monteiro dos Dourados,Pacheco de Sampaio,38.0,IN_TRANSIT,AIRPLANE,115
dd3e77d4-6d1e-4187-b479-ae7f9bad18ff,2026-05-01T03:49:33.896184,Sampaio de Cirino,Correia,76.67,IN_TRANSIT,VAN,104
a4270c93-0e72-4fcf-915c-5707d1812564,2026-05-01T09:00:44.786069,Azevedo,Fernandes de Goiás,41.83,IN_TRANSIT,MOTORCYCLE,64
50eaaf8d-bc23-4b43-be3b-997022c2b4b6,2026-05-01T01:47:12.777483,Rezende,Fernandes,37.38,DELIVERED,VAN,84
de5f452c-1fc0-4852-9c7c-44fd926e4d00,2026-05-01T03:26:13.296394,Alves Grande,da Rocha,66.43,DELIVERED,VAN,16
c0908088-d098-4524-81b0-340c91f734fc,2026-05-01T04:57:48.265481,Leão do Sul,Nunes de Camargo,50.47,DELAYED,VAN,95
e69712ea-6a7c-436c-857d-37e2b21fd0de,2026-05-01T03:45:02.945982,Sales,Nascimento do Sul,99.17,DELAYED,TRUCK,115
fa89ee7b-f100-4ad1-9a52-145116190e7c,2026-05-01T09:04:26.239789,Ramos,Marques,83.81,IN_TRANSIT,VAN,46
f70e2858-d3cd-4177-b191-dd685427c99c,2026-05-01T02:05:38.297252,Fogaça,Almeida da Prata,60.96,IN_TRANSIT,MOTORCYCLE,84
af4e92be-fc73-45aa-902e-0b2e46092231,2026-05-01T02:26:09.442667,Sá,Marques Alegre,49.12,DELIVERED,AIRPLANE,52
d2836ee8-a731-42cc-b603-84a729cc8d80,2026-05-01T09:40:25.079051,Moreira Grande,Borges,51.38,CANCELLED,TRUCK,12
c9c74090-de7e-4693-b335-6d914dbcad1c,2026-05-01T05:34:07.145142,Costa,Araújo de da Cruz,91.15,IN_TRANSIT,VAN,87
07700642-7402-4e6e-94e9-308e5f95ca7c,2026-05-01T07:22:14.442803,Peixoto,Siqueira de Cirino,10.96,CANCELLED,MOTORCYCLE,26
6b042c7e-76db-42e4-a6a3-dba0891a60f5,2026-05-01T08:38:10.058099,Nunes,Oliveira,13.05,DELAYED,AIRPLANE,69
5ed3135a-7ef3-4ad9-9f57-849a8a71fd78,2026-05-01T00:05:20.796818,da Mota,da Costa,44.62,DELAYED,TRUCK,76
5006efd0-5e1e-49c9-933c-78e4b69a1fd4,2026-05-01T00:45:50.127790,da Mota,Albuquerque,31.83,DELAYED,AIRPLANE,90
bad293bd-682c-4e3c-adea-fc0bb7676cd4,2026-05-01T09:32:37.237342,Monteiro de Machado,Alves,84.94,DELIVERED,MOTORCYCLE,118
e26ab3c7-b9ed-40af-b4dd-a9dbeb58decf,2026-05-01T02:37:49.843461,Barbosa de Fogaça,Castro Alegre,5.58,DELIVERED,AIRPLANE,32
c91a8b17-f6b2-4019-9acb-a88f4b381c55,2026-05-01T04:57:33.811670,da Cruz,Sampaio de Goiás,0.88,CANCELLED,VAN,33
7ae27c8d-4f0d-44b3-80c0-36fbaee3c638,2026-05-01T05:41:30.451682,Alves da Serra,Siqueira do Oeste,57.49,IN_TRANSIT,TRUCK,47
05bca58e-67ed-409b-b874-5252bfc5af83,2026-05-01T09:30:20.907925,Guerra de Brito,Cassiano,4.16,IN_TRANSIT,AIRPLANE,63
7a635abb-70fe-4993-aa93-c5250c925bdd,2026-05-01T11:50:27.115557,Fogaça das Pedras,da Luz Grande,71.45,DELIVERED,VAN,115
1d37c2bd-44ba-4f7e-b3ff-8d7d29dc71f4,2026-05-01T04:53:22.572956,Montenegro,Pastor,34.93,DELIVERED,MOTORCYCLE,109
25131e7e-197d-4035-a3de-bf7ca964ef1f,2026-05-01T01:54:30.751503,Fogaça de Minas,Vieira,82.28,DELIVERED,AIRPLANE,58
9718654d-64db-4e94-826a-1a73261f82f1,2026-05-01T11:09:50.112363,das Neves,Gonçalves,53.35,DELIVERED,TRUCK,35
bb96d217-acfa-45eb-b584-6921f97b7577,2026-05-01T01:53:35.187824,Garcia de Almeida,Andrade,64.13,DELAYED,MOTORCYCLE,86
bd552440-ddd5-4e1e-b187-a9daab048fc7,2026-05-01T08:04:30.020568,Marques,Moreira,80.21,IN_TRANSIT,AIRPLANE,3
13159715-d300-4821-bdd1-8591d0133f25,2026-05-01T01:19:59.336599,das Neves de Gomes,Pastor,0.46,DELAYED,TRUCK,0
9df40d96-ede9-467a-b0ca-a5b42e6c4ac4,2026-05-01T12:21:23.942207,Fonseca do Galho,Farias,16.01,IN_TRANSIT,VAN,12
159944c3-0c89-4316-9db0-4ed41288b538,2026-05-01T10:36:28.758832,Macedo,da Mota,66.41,DELAYED,VAN,71
8dc6d583-311e-4446-bc30-be62e5e4e741,2026-05-01T09:07:51.988336,Correia,Duarte,21.76,DELIVERED,TRUCK,109
1d5561f9-1fb0-4e4a-8b56-729ecc4cd5da,2026-05-01T09:32:19.482424,Vieira,Martins do Norte,33.18,DELAYED,VAN,9
b4504713-7e83-4473-8551-00cf90fdd5cb,2026-05-01T00:58:09.628674,Pereira dos Dourados,Pinto,60.0,CANCELLED,MOTORCYCLE,120
99634d8d-aeb4-4009-8c8c-3ab6cf24392a,2026-05-01T07:33:37.593637,Casa Grande,Albuquerque Grande,88.82,IN_TRANSIT,AIRPLANE,44
d0c51337-75a6-47e9-95fd-aa1f27ebb9ce,2026-05-01T12:12:39.890285,Casa Grande,Pereira das Flores,47.13,CANCELLED,TRUCK,6
f95c8f90-70da-48b9-8713-6796abbf88ac,2026-05-01T05:47:54.654702,da Conceição de Cirino,Montenegro,58.07,CANCELLED,MOTORCYCLE,38
d49c4f87-dac5-4253-810a-d5a94a3b9b94,2026-05-01T02:50:42.974138,Pimenta de Albuquerque,da Paz,80.01,DELIVERED,TRUCK,8
bb054aae-39e0-4355-a0aa-747ef4dabf8c,2026-05-01T11:32:34.886814,da Rosa,Alves dos Dourados,76.93,CANCELLED,VAN,0
35173303-42b4-43ee-817f-076a19a91942,2026-05-01T04:47:26.529274,Farias,Teixeira,0.83,CANCELLED,AIRPLANE,89
7f00764a-cf9c-4355-b73c-62730b7ea075,2026-05-01T09:56:02.481536,Silveira,Costa,37.83,IN_TRANSIT,MOTORCYCLE,45
f230ec41-0f32-4cd6-8a5d-6e346a59e1c4,2026-05-01T05:55:24.263443,Monteiro,da Rocha de Araújo,92.54,DELAYED,AIRPLANE,3
a2051f39-6b53-4d5b-a3ee-621508966840,2026-05-01T11:13:49.771291,Pastor,Andrade da Prata,70.7,DELAYED,AIRPLANE,105
a2c91d4a-4fad-4d50-bf29-9da97d9d1f99,2026-05-01T04:33:24.773600,Cardoso de Minas,Cassiano,72.64,CANCELLED,TRUCK,80
63a47be2-447c-4cab-91ed-93d1543040d7,2026-05-01T07:13:20.364305,Monteiro,Vieira de Rios,0.29,IN_TRANSIT,MOTORCYCLE,81
3688768c-52d5-4f68-9fca-0b320c3d3f44,2026-05-01T08:01:38.964473,Borges,Novaes,11.62,DELAYED,TRUCK,13
8df2ca2f-e6cf-4e94-9e09-77058e2cc3d8,2026-05-01T01:47:44.479997,Leão,Sousa de Rios,10.43,DELIVERED,VAN,88
ad6e43b0-8f44-416e-8efa-3f5750315b3a,2026-05-01T12:00:58.839051,Cavalcante,Macedo,46.47,CANCELLED,AIRPLANE,17
