shipment_id,timestamp,origin,destination,weight_kg,delivery_status,vehicle_type,estimated_delay_minutes
b5ac9766-173c-4f53-bfff-e3bdb477e24a,2026-05-01T11:20:43.214914,Aragão,Sousa,19.35,IN_TRANSIT,MOTORCYCLE,105
66a4d1ea-e64a-40a8-b4ae-81f027edf7a6,2026-05-01T00:05:38.856071,Carvalho,das Neves,71.54,DELIVERED,TRUCK,64
262d3dea-fe1d-4ffb-b328-d44831eb5abb,2026-05-01T01:31:11.098711,Moraes,Mendes Verde,3.25,IN_TRANSIT,MOTORCYCLE,50
70358b48-6991-4b9f-833d-11d2aa08e5b4,2026-05-01T10:34:17.833068,Barbosa de Minas,Marques do Galho,1.02,CANCELLED,MOTORCYCLE,70
30e6f4e9-54c2-403d-b6c4-8105e78d6e23,2026-05-01T04:59:59.189231,da Rocha,Melo,16.58,IN_TRANSIT,TRUCK,28
159a8042-b754-417c-bfd5-ad296ae12cf0,2026-05-01T03:21:50.214781,Dias,Moura,52.4,CANCELLED,TRUCK,109
83aed9f5-ac50-4de5-9fd5-5b86ec1586e9,2026-05-01T09:50:22.276764,Duarte,Pinto,75.05,DELIVERED,VAN,60
6ef6f015-ab53-4257-ad47-e64d1d9a05be,2026-05-01T09:32:39.473471,Sá de Pacheco,Nogueira do Norte,83.77,IN_TRANSIT,AIRPLANE,70
f89f316d-dfaa-4993-984b-5e91828f39e0,2026-05-01T00:22:43.672042,Ramos,Lopes da Praia,47.77,DELIVERED,AIRPLANE,47
18af4d7f-6b2a-4887-b9d7-7433642b7d84,2026-05-01T06:12:19.837449,Mendonça Alegre,Leão,24.69,DELAYED,TRUCK,100
52ea4ed2-cb99-46f1-a21f-68e95eb42731,2026-05-01T11:08:43.687317,Vieira do Campo,Pires do Campo,3.9,DELIVERED,VAN,21
ca5f1c74-c6ee-4eb1-8e5b-907a3e6b65ee,2026-05-01T07:41:18.244573,da Cruz,Cavalcanti do Oeste,63.99,IN_TRANSIT,AIRPLANE,23
35286657-a4b1-445c-8e2f-aabf0ef45e15,2026-05-01T01:09:03.375430,Moreira de Minas,Cavalcante,14.18,DELAYED,AIRPLANE,8
d80818ea-f894-4dca-95b8-71ad3c663fef,2026-05-01T08:07:32.807821,Jesus,Moreira,24.36,DELAYED,MOTORCYCLE,81
9fa21fad-ab16-4285-931e-ff93eb172d7c,2026-05-01T04:24:22.782116,Rocha da Serra,Duarte de Sousa,86.23,IN_TRANSIT,VAN,6
0da4f3c7-5a28-4a9d-a619-59696f4f50a6,2026-05-01T09:20:28.633214,Casa Grande,Nogueira,99.19,DELAYED,TRUCK,95
f6b0cc4a-6c1a-4f05-a5e7-191a453560bd,2026-05-01T07:08:50.801671,Sousa,da Rosa,68.05,DELAYED,AIRPLANE,87
af852ebd-d790-48ee-8b8d-7defc7f25f19,2026-05-01T06:23:40.925953,Peixoto,Cunha dos Dourados,62.14,DELIVERED,TRUCK,105
c7f4f4d7-c3d1-4c12-8013-a652314a1c0a,2026-05-01T02:46:51.585955,Moraes da Prata,Monteiro,83.94,IN_TRANSIT,MOTORCYCLE,42
405e5c4c-eb18-40f5-8f3c-bb96b720ae08,2026-05-01T11:45:58.413645,Nunes de Sá,da Rocha do Norte,74.98,IN_TRANSIT,VAN,33
690a1272-1598-4468-82d0-07fe5bc14ddf,2026-05-01T09:31:37.744307,Teixeira Paulista,Lima,29.0,CANCELLED,MOTORCYCLE,50
e01f4bdb-a5cb-4b1a-b4d1-07b5fb678c04,2026-05-01T07:49:47.437299,Novaes da Mata,da Cruz,87.75,DELAYED,VAN,34
4d0e746b-58a4-4a22-85a2-4eee384846e6,2026-05-01T09:29:55.631505,da Cruz do Amparo,Dias,46.8,CANCELLED,VAN,87
4a538525-2e28-48ca-9fa2-1b690bcbf30f,2026-05-01T09:05:52.127408,Novaes,da Mata da Mata,64.09,CANCELLED,TRUCK,65
c4cfaf61-7ffc-4528-bb12-08effb091253,2026-05-01T03:01:11.304001,Pacheco de Rocha,Lima de Goiás,95.48,DELIVERED,VAN,103
5df1a46d-86a2-4d10-9c84-af39805eae87,2026-05-01T07:47:57.170732,Carvalho,Moura,11.2,CANCELLED,TRUCK,71
8c2f41bb-e085-4da0-bf05-6e4d69866cb6,2026-05-01T00:44:40.466031,Farias da Serra,Abreu,2.42,IN_TRANSIT,MOTORCYCLE,22
645b566a-bd7b-4c6b-a9e6-527ffb56f2fb,2026-05-01T02:24:54.439854,Gomes,Nascimento,13.36,DELIVERED,TRUCK,90
756c333a-803a-4f32-aab4-a0e21e5f96d5,2026-05-01T01:08:27.801393,Araújo do Norte,das Neves,61.43,IN_TRANSIT,AIRPLANE,52
fd5a1fa6-17b5-4884-ae3f-347ba9304183,2026-05-01T12:12:07.457926,Barbosa,Nascimento,29.07,DELAYED,AIRPLANE,56
2adbb8f7-d901-432e-ad9c-c35480df2fc7,2026-05-01T11:42:16.095089,da Costa,Silveira,7.42,DELAYED,AIRPLANE,96
a3d40f3c-21a2-4543-beb6-74cf0a001728,2026-05-01T05:21:56.230720,Ribeiro de Costa,Novais do Campo,59.28,DELAYED,VAN,30
77505354-2887-47aa-bf1f-fd1bd166080f,2026-05-01T03:57:08.500214,das Neves,Duarte da Mata,92.64,CANCELLED,VAN,111
f70f36cf-ab4e-4534-8372-716b04749ef0,2026-05-01T03:30:46.018227,Rios,Lima,81.32,IN_TRANSIT,VAN,29
8cf93183-41f3-4336-a567-b65d07285bbf,2026-05-01T10:39:38.218060,Moreira de Minas,das Neves das Pedras,59.06,DELAYED,MOTORCYCLE,6
7542fac6-babb-4fbe-be90-20e2f0490cb8,2026-05-01T00:08:08.759057,Teixeira de Dias,Alves de Mendes,93.01,DELAYED,TRUCK,108
084dad49-69c7-4115-b6fe-20ac09f4f65a,2026-05-01T06:56:07.259918,Nogueira,Sousa,44.6,CANCELLED,AIRPLANE,9
cb891058-fc2c-4d45-a7cc-20377c0f1355,2026-05-01T00:45:04.274265,Gomes de Oliveira,Ferreira das Flores,95.35,CANCELLED,AIRPLANE,5
68e388ce-a00c-4205-b2a6-c4b571accda5,2026-05-01T03:43:59.123195,Montenegro,da Rosa dos Dourados,19.37,DELAYED,TRUCK,8
703dabe5-7236-49d9-88f6-c399256ce466,2026-05-01T02:25:37.615185,Correia,Pereira Grande,35.99,DELAYED,MOTORCYCLE,25
a1694835-e0b2-4488-b68b-0f73c7123635,2026-05-01T04:51:41.826206,Freitas,da Mota,31.6,DELIVERED,VAN,34
b8bdf1a2-7bdc-4410-a53a-600863dbecc4,2026-05-01T03:52:28.173824,Gonçalves,Machado dos Dourados,83.88,IN_TRANSIT,TRUCK,21
88697a20-a3ff-4977-bfb8-468bac45d0cd,2026-05-01T03:02:20.115998,Sales,Caldeira,26.74,DELIVERED,VAN,68
be161288-594d-4530-8ddb-5cf60d5c3519,2026-05-01T03:14:15.362082,da Cruz,Rios,48.74,DELAYED,MOTORCYCLE,46
973b8c6f-633f-4050-badb-993c3c42ef7a,2026-05-01T02:00:17.980518,Gonçalves,Costa de Minas,13.75,DELAYED,VAN,96
5c74e1e3-6712-4c71-904d-922bb2d92ada,2026-05-01T02:56:15.934187,da Mata da Praia,Ramos,95.96,DELAYED,VAN,6
8a3ca94d-dd10-4bc7-869e-48317aa0615f,2026-05-01T10:47:01.683810,Cassiano,Cassiano das Flores,15.23,DELIVERED,TRUCK,5
df29fed3-2187-44b6-a3f5-c7a00e7a77fd,2026-05-01T07:31:28.605495,Garcia,Cardoso de Mendes,37.39,IN_TRANSIT,AIRPLANE,108
654c13c1-15ec-4d94-8947-c7e3e7379c16,2026-05-01T06:45:16.770346,Mendes da Praia,Sá de da Mota,83.83,DELAYED,AIRPLANE,94
05202a38-06ff-4dab-a49e-b9a415ebeaa7,2026-05-01T12:16:27.509020,Ramos,Cavalcante da Serra,51.23,DELAYED,MOTORCYCLE,53
fef8e3e4-3e4a-4f46-8ed9-14042c5516b8,2026-05-01T00:42:51.410419,Souza do Norte,Brito da Serra,28.56,IN_TRANSIT,TRUCK,50
2d782dd7-9d11-4c78-831e-f93555533f46,2026-05-01T02:10:49.954415,Marques,da Paz da Mata,92.2,DELAYED,TRUCK,84
54b72402-2107-42dc-bdd0-5c3a99dca00a,2026-05-01T07:58:55.478908,Macedo,Pinto,8.89,DELIVERED,MOTORCYCLE,18
694934ad-48c5-45fa-8624-94dfb55b035a,2026-05-01T01:35:37.480988,Rezende de da Mata,Pires das Pedras,6.56,CANCELLED,AIRPLANE,87
0c51e9db-4de9-4119-bf7b-6266a03131ab,2026-05-01T06:27:13.130251,Melo,da Rocha,42.7,CANCELLED,TRUCK,71
463980f7-b910-4d85-8480-60a61d055ead,2026-05-01T06:24:12.056639,da Mata do Amparo,Teixeira de Duarte,6.27,IN_TRANSIT,AIRPLANE,83
6c82714c-df71-4e00-8ca7-b8bcad22ac0b,2026-05-01T11:16:08.136703,Duarte,Sampaio,71.11,DELAYED,TRUCK,116
ec7393d1-a993-44a0-bf1c-208210495fe2,2026-05-01T03:59:55.287847,Barros,Gonçalves do Sul,74.55,CANCELLED,VAN,100
517377bb-c807-40e5-8263-1f83a19da7cf,2026-05-01T07:59:20.946962,Rodrigues das Pedras,Fonseca,58.48,CANCELLED,TRUCK,97
0d0eff6a-657e-4b26-b506-b05662159615,2026-05-01T05:57:54.881429,Sá de Siqueira,Siqueira,95.76,CANCELLED,TRUCK,113
0472f46f-fa35-43ca-aae3-73e4700a60ea,2026-05-01T08:28:58.212255,Barros da Serra,Pimenta,2.56,CANCELLED,TRUCK,48
82cb4fd4-f0bc-4f15-9edc-4b880feb946c,2026-05-01T04:12:53.778389,Sales,Fonseca Verde,26.19,CANCELLED,TRUCK,30
0a3729f7-68aa-4a95-811c-6ad2b9643270,2026-05-01T05:44:00.856511,Costa de Machado,Correia,16.98,CANCELLED,VAN,99
b1a38984-ad1c-45fa-8d98-8ed5b23534b4,2026-05-01T09:29:33.796750,Fernandes Paulista,Lima,31.68,DELIVERED,TRUCK,38
e5c8c74f-ba89-49f6-87e3-bb4198272f18,2026-05-01T09:13:36.562441,Rios,Melo Alegre,50.16,DELAYED,MOTORCYCLE,36
72c9a9e7-3d53-4fae-b1b8-d6178a791bd0,2026-05-01T09:21:08.637178,Rodrigues,Fogaça Paulista,2.74,CANCELLED,VAN,21
aae94d7a-4ab0-46db-a0d8-2392fcefc876,2026-05-01T02:48:33.341782,da Cunha,Alves Verde,57.37,DELIVERED,VAN,94
ac88752b-dd47-4f4c-83ca-6551be4ff6f0,2026-05-01T01:05:55.995432,da Cruz de Cassiano,Vieira,12.78,DELIVERED,MOTORCYCLE,82
616e8f0b-4d0b-4d89-8d08-7aa196704350,2026-05-01T06:46:32.803975,Marques,Aparecida do Norte,77.4,CANCELLED,MOTORCYCLE,73
643f91db-b4da-4dad-9ead-dfe9b30d56ad,2026-05-01T04:28:33.899769,da Cunha de Minas,Fonseca de Câmara,79.05,CANCELLED,VAN,62
25caca4a-03d8-4158-81b5-6ae70bf5183c,2026-05-01T04:52:06.589534,Pimenta,Moreira Paulista,10.26,IN_TRANSIT,VAN,29
667f3069-77cc-4274-865d-54a6bcccdbd6,2026-05-01T01:48:39.401741,da Rocha do Galho,Gomes,61.14,IN_TRANSIT,VAN,63
ee56c729-59ca-4487-8732-f6a773569381,2026-05-01T06:41:20.969416,Nunes da Mata,Fogaça de Cardoso,45.79,DELIVERED,VAN,57
01dd36d3-ff09-4ec6-a6b4-50ee4aa22b47,2026-05-01T03:45:47.884967,Borges da Serra,Sampaio,60.87,CANCELLED,VAN,38
cb02d2d3-b8b9-4cd4-8f37-d58333af4989,2026-05-01T11:56:42.574551,Montenegro,Sousa,55.68,DELIVERED,MOTORCYCLE,6
a0e4fd22-ab0d-4014-a3e3-ee038eca071d,2026-05-01T03:07:50.105643,Lima Alegre,Casa Grande,94.02,CANCELLED,VAN,38
cfcbde30-f91d-4091-97c2-6d7d9dc416fe,2026-05-01T00:44:31.740962,Gonçalves,Cardoso do Galho,77.59,CANCELLED,VAN,16
00a77544-f448-4e12-baca-b27bb9c90134,2026-05-01T10:40:41.313690,Aragão,Jesus,55.09,IN_TRANSIT,TRUCK,52
85e5dab7-97bc-44ef-a72f-b39fcf7c8bff,2026-05-01T08:34:13.589328,Andrade,Lima,20.37,IN_TRANSIT,AIRPLANE,1
15dbad8a-c9d2-4a61-8e20-d81564639322,2026-05-01T02:23:05.967239,Ribeiro,Ferreira Verde,44.28,CANCELLED,VAN,89
adf5de06-9b03-4fdb-885b-b6c6ea93f3b2,2026-05-01T09:33:27.860444,Araújo de Santos,Teixeira,64.92,IN_TRANSIT,TRUCK,74
dff6457f-28ad-45c5-9ed1-17e3c187c292,2026-05-01T06:13:44.262186,Rezende,Andrade de Melo,40.43,IN_TRANSIT,MOTORCYCLE,120
c20d415d-c04e-494c-91ca-6e9a95d2650c,2026-05-01T05:46:58.358710,Vieira dos Dourados,Pimenta de Goiás,23.36,DELAYED,TRUCK,45
6df80ad5-2805-4da2-aa78-70242e59aac1,2026-05-01T02:50:30.229645,Abreu,Viana da Serra,87.36,DELAYED,VAN,109
2edb6fd1-53b5-40b2-a4a6-e99a95c129ed,2026-05-01T02:29:22.399892,Sampaio,Rezende da Mata,96.8,DELAYED,TRUCK,111
57a61461-a225-4f4d-addb-d1be93c113b1,2026-05-01T11:41:23.504588,Rios Paulista,Rios,72.23,DELAYED,VAN,76
e0ad06af-1ac7-465a-ac68-d497e2b1143c,2026-05-01T02:52:21.101844,Carvalho do Norte,da Mata,48.26,IN_TRANSIT,AIRPLANE,49
89df38ec-f2b5-4b51-9c62-bfc12fdd281c,2026-05-01T06:00:57.686566,Mendes da Serra,da Conceição da Serra,76.33,IN_TRANSIT,TRUCK,16
4108a633-d47e-4c12-83b7-c9bf54e5419e,2026-05-01T06:39:32.589996,Leão,Rocha da Prata,29.32,IN_TRANSIT,VAN,9
ef0aef99-9458-4bbd-921e-a08144636325,2026-05-01T02:27:19.958843,Moraes de Minas,Silva de Pacheco,52.97,IN_TRANSIT,MOTORCYCLE,84
582a9cb8-facb-4b5d-acac-70beaad06fe8,2026-05-01T06:59:48.683750,Ramos,Sales de Jesus,5.63,DELIVERED,TRUCK,14
54ec6929-9094-4664-af54-d87ecc28fb69,2026-05-01T04:05:41.169533,Lima das Flores,Novaes do Galho,41.54,IN_TRANSIT,MOTORCYCLE,101
162bd6ed-83c7-426c-a27c-da8386c4135b,2026-05-01T03:27:07.862725,Dias do Amparo,Farias,45.02,DELAYED,AIRPLANE,3
50b02328-f125-4e6c-a1c4-70bca5655009,2026-05-01T03:32:45.606162,Vieira de Ferreira,da Rocha,0.45,DELIVERED,MOTORCYCLE,91
9ba46c66-d6b2-4f6e-85b9-8dd509c7e638,2026-05-01T05:33:34.317251,Casa Grande dos Dourados,Oliveira de Campos,30.04,CANCELLED,VAN,80
538e3666-f7a0-4c08-a2e2-f36fb4f814f0,2026-05-01T01:23:41.156137,Almeida,Freitas das Pedras,85.34,CANCELLED,AIRPLANE,20
e51d3167-3e29-4fac-9f04-4f24f33a28ed,2026-05-01T07:43:37.753986,Alves dos Dourados,Viana,92.51,CANCELLED,VAN,8
1082f06b-5016-493a-9713-5bbd2024093b,2026-05-01T10:05:52.000035,Ribeiro de Gonçalves,Ramos das Pedras,59.38,DELIVERED,AIRPLANE,55
2c170aa9-7066-4b65-b92b-bb54d8af958c,2026-05-01T05:44:44.178218,Santos de Santos,Rodrigues da Praia,28.62,DELIVERED,AIRPLANE,79
f81487e9-4ec2-4a1d-9f7b-0d2818edf6f0,2026-05-01T07:54:16.759091,Camargo,Rios,18.25,DELIVERED,VAN,100
b13336c9-340d-4e29-af92-60f50b7de14f,2026-05-01T02:06:01.221142,Camargo do Sul,Nunes de Teixeira,23.85,DELIVERED,MOTORCYCLE,111
fe37b93e-7966-4b89-935b-3701b64c7527,2026-05-01T03:44:57.690159,Pereira,Ribeiro Verde,40.28,CANCELLED,MOTORCYCLE,106
9023a169-f27a-40e3-ac58-ca179c8a75db,2026-05-01T06:31:15.865506,Costela,Correia de Minas,32.69,CANCELLED,VAN,116
fd806b1b-59fc-474a-9262-f787a564bf24,2026-05-01T06:20:20.413013,Novais,Rios,53.08,IN_TRANSIT,VAN,68
f4b7f018-80e4-4c6c-a9dc-a8903c029430,2026-05-01T05:42:01.675533,Aparecida de Vargas,da Rocha Grande,36.75,DELAYED,AIRPLANE,33
d5408cb4-4e84-4830-9007-8e99bb5ee070,2026-05-01T05:16:36.793352,Silva do Norte,Alves do Oeste,9.79,DELAYED,MOTORCYCLE,99
6078a654-2845-4427-afb5-9beccc52bbeb,2026-05-01T02:57:15.082572,Fonseca de das Neves,Melo,41.91,CANCELLED,TRUCK,29
953213b9-50a2-4b17-93a6-254266bbb5f6,2026-05-01T00:58:12.744931,Gomes,Farias Grande,88.76,DELIVERED,VAN,76
bdea9e24-cd6d-46ad-a64d-2d574c74b1c2,2026-05-01T03:53:36.569151,Duarte Paulista,Nunes,57.57,DELIVERED,TRUCK,117
ee0c7eee-953b-4cae-9993-814aee2c9807,2026-05-01T06:42:33.867753,Azevedo da Mata,Gomes,98.64,DELIVERED,TRUCK,81
a712fa6e-187e-499d-93df-987cc18bd533,2026-05-01T10:01:12.951444,Rezende das Pedras,da Luz de Guerra,62.03,DELIVERED,TRUCK,85
56668c45-8006-4f6f-9312-c25746478d5a,2026-05-01T03:32:59.657557,Freitas,Novais do Sul,19.26,DELAYED,MOTORCYCLE,114
d6fcb45d-d131-43e3-b9ad-b55a5c020cfe,2026-05-01T06:56:20.626883,Cavalcanti,Martins,90.16,DELIVERED,VAN,67
b37a0cd4-1435-4a5a-805c-0b4dc15e6a34,2026-05-01T10:23:42.618380,Albuquerque,Pastor,92.55,IN_TRANSIT,VAN,16
a10723e6-5d04-415c-a51d-d4d00d6638f1,2026-05-01T10:59:01.859942,Porto do Norte,Rodrigues de Borges,12.59,IN_TRANSIT,MOTORCYCLE,48
5ccf9ca7-0b9a-4d09-bda7-43dddb8d7063,2026-05-01T04:31:44.178177,Fonseca das Pedras,Aragão,0.89,IN_TRANSIT,AIRPLANE,26
d3fa48ee-36c3-42db-822f-fe852eac5fa4,2026-05-01T10:17:11.584944,Teixeira,Siqueira,8.79,CANCELLED,TRUCK,106
6775819e-2af1-4b54-aecf-c8a76f68a632,2026-05-01T11:00:26.005220,Moura,Borges de Minas,18.68,CANCELLED,AIRPLANE,67
70d6ec83-2c37-4d82-a6d1-3a211a208a28,2026-05-01T04:19:12.218554,Castro Verde,Mendonça,78.68,DELIVERED,AIRPLANE,80
60abe6f4-8ad3-4c85-b762-040537a51919,2026-05-01T01:50:34.320095,Lopes,Freitas,43.85,CANCELLED,AIRPLANE,46
3a01fda7-b448-49ca-8a3e-ee39720fb543,2026-05-01T02:13:30.546726,Sá de Porto,Mendonça,10.22,CANCELLED,VAN,117
1219737d-fb4e-4603-9533-987ccb2cbbea,2026-05-01T11:24:06.038239,Moraes da Prata,Camargo dos Dourados,20.35,IN_TRANSIT,MOTORCYCLE,22
b5d303ac-d76f-4ab0-bda5-d953d08a984f,2026-05-01T07:51:21.524513,Carvalho de Carvalho,Brito,51.45,CANCELLED,MOTORCYCLE,51
916138fb-fab8-44b2-bd01-0d6ac3654515,2026-05-01T10:04:24.228906,Novais,Peixoto,10.41,IN_TRANSIT,MOTORCYCLE,14
6c15ff0b-1f77-4d55-a320-a2f22f251b51,2026-05-01T08:20:10.137873,Montenegro,Nascimento do Campo,68.72,CANCELLED,TRUCK,49
a7534e03-be18-453f-9281-249bb1bd0fe3,2026-05-01T11:27:22.248966,Dias de Porto,Pires do Campo,93.82,IN_TRANSIT,VAN,105
a2be667e-c177-464f-a435-bc8217f84385,2026-05-01T11:14:53.430535,Cavalcante da Prata,Freitas,60.45,DELIVERED,TRUCK,89
7932845d-a918-4b49-8902-0956c2d1aca5,2026-05-01T04:04:57.772428,Câmara,Araújo,29.36,DELAYED,VAN,26
090a63d7-4d2f-4c24-b87d-6340cd4f214f,2026-05-01T04:17:14.625149,Freitas de da Conceição,Barbosa da Prata,96.36,DELAYED,VAN,7
fdc35c37-eb6b-458f-8e5a-03b593318d9a,2026-05-01T09:57:24.477269,Oliveira,Martins,23.27,IN_TRANSIT,MOTORCYCLE,92
813025e4-7439-4abc-af89-9af047615908,2026-05-01T09:28:38.188920,Garcia,Fogaça Alegre,3.75,DELIVERED,TRUCK,74
9b4f9a0c-8e04-441d-bfa8-dd159f78e194,2026-05-01T10:02:06.077050,Vargas,Cavalcante,58.24,CANCELLED,TRUCK,17
4571b6ba-5587-498d-9460-b0f26c07d2f4,2026-05-01T01:51:41.126960,Guerra,Casa Grande de Martins,25.8,CANCELLED,MOTORCYCLE,44
ea06480b-13ee-4fd1-954b-fc80a9070e79,2026-05-01T04:16:51.557213,Novais de Gomes,Silva,33.59,DELAYED,TRUCK,22
c98a607f-afe5-45d8-be16-c98c7602daa7,2026-05-01T01:26:33.454184,Sousa,Vasconcelos do Sul,40.73,DELAYED,AIRPLANE,58
88a941e3-8b37-4324-8adc-525ac98758a2,2026-05-01T07:19:14.667269,Guerra de Goiás,Abreu,54.01,CANCELLED,TRUCK,47
4147ecdc-d3fd-47a1-a6ae-2d5b0e1ba2b3,2026-05-01T04:13:45.724692,Albuquerque das Flores,Campos,22.12,CANCELLED,VAN,91
539f96da-a006-4c87-a7a0-5f2116103e4e,2026-05-01T02:23:56.512969,Novaes,Cirino do Sul,26.54,DELAYED,VAN,36
ad496aa1-35f3-42e4-895e-3e1f62d36734,2026-05-01T05:29:42.982100,Vargas Grande,Ramos,88.21,CANCELLED,TRUCK,37
5e4c0c85-0adc-4cf6-a068-477abcd38738,2026-05-01T05:10:40.088577,Pires do Amparo,Costela do Oeste,80.83,IN_TRANSIT,VAN,1
dc154bc9-1a32-4411-bb89-d7d08244b738,2026-05-01T09:26:03.990071,Andrade,Sales,44.02,CANCELLED,VAN,59
af163bc5-a706-453f-911a-b4d087c65d7e,2026-05-01T03:33:25.934002,Santos dos Dourados,Correia de Machado,77.08,DELAYED,TRUCK,79
a358a27d-fcb1-477a-9dea-d662aa646e06,2026-05-01T11:51:28.465171,Oliveira,Gomes de Melo,54.2,DELIVERED,TRUCK,112
215abe5d-b229-4558-a2ea-b23b6bc06045,2026-05-01T01:17:58.551857,Camargo,Camargo,39.98,DELIVERED,MOTORCYCLE,86
cc3e4294-aa56-4a1c-b88c-6fdf50a8348c,2026-05-01T03:46:19.709238,Ribeiro das Flores,Gomes,97.72,DELIVERED,VAN,108
ad4e7ab4-864c-4dc5-a1c6-8ef85fe2a213,2026-05-01T08:17:35.666455,Sousa,Mendes,68.5,DELAYED,TRUCK,21
e0c1c152-ba0d-4cfa-aee7-b335784c2d7b,2026-05-01T07:46:34.525095,Martins,da Mata,18.57,IN_TRANSIT,TRUCK,69
63521758-4cc9-4a10-ba41-e50a63046052,2026-05-01T07:39:42.582000,Ribeiro da Praia,Pinto de Goiás,84.4,IN_TRANSIT,TRUCK,70
0bba95dc-060b-4fa9-bfca-1d06e4d94e3e,2026-05-01T11:02:14.925005,Sales,Leão,50.19,CANCELLED,VAN,4
45daa88c-4bb0-418e-acd6-3d0c5fd39ce8,2026-05-01T00:12:14.331820,Castro,Pacheco,11.3,DELIVERED,AIRPLANE,78
80af3664-6277-4813-908e-b10da552ef97,2026-05-01T01:26:35.886863,Novais da Serra,Souza de Freitas,38.34,DELIVERED,VAN,54
b8308442-d8f3-4537-a630-650cff9bcdf5,2026-05-01T08:03:13.616359,Pires,Leão,29.5,DELIVERED,TRUCK,69
4c4be3ef-4d0c-45e8-b016-efaf49d67450,2026-05-01T04:12:28.704557,Fernandes do Sul,da Costa do Galho,12.0,DELAYED,TRUCK,58
5154953a-be8f-4ef3-97d8-887930cdef65,2026-05-01T05:15:31.879340,Castro,Carvalho,61.49,IN_TRANSIT,MOTORCYCLE,21
ab0a647a-fe7d-4627-89e9-3bcd68b2d3d8,2026-05-01T10:12:11.776026,Moura do Amparo,Pastor,20.58,DELAYED,TRUCK,111
32f57305-3f49-44cf-b91f-4ee653fd5606,2026-05-01T10:38:26.406571,Rios do Oeste,Peixoto do Sul,30.57,DELAYED,AIRPLANE,102
964e85ea-667a-4b42-8cd1-d4d13cb63c0a,2026-05-01T08:05:12.279605,Sousa,Sales,56.81,IN_TRANSIT,MOTORCYCLE,47
d7db7941-faae-4e7a-8041-132e179e4bfb,2026-05-01T07:46:54.224123,Porto da Serra,Correia,21.08,IN_TRANSIT,AIRPLANE,51
249c79e9-eb46-434b-a481-ce7015b1c0fa,2026-05-01T04:46:54.523757,Duarte,Fogaça,56.53,CANCELLED,MOTORCYCLE,81
2b0076f7-89ea-445f-8a34-acd824a3e933,2026-05-01T10:58:08.432758,Marques Alegre,da Costa de Moura,31.01,DELAYED,VAN,87
6ee93e6b-4d8a-4b5f-9a03-9ca74d2cb50d,2026-05-01T09:22:17.392276,Rocha da Prata,da Rosa do Oeste,19.64,DELIVERED,MOTORCYCLE,74
7f0b553a-e494-46d0-9fe4-0c131ec91fc8,2026-05-01T05:22:38.574674,Andrade,Cavalcanti do Oeste,56.1,IN_TRANSIT,TRUCK,62
429b70c9-3bcf-48fa-b582-aa2838fc85c5,2026-05-01T08:02:29.091893,Nascimento da Prata,Mendes Alegre,56.9,DELAYED,TRUCK,60
a7be2bcf-859a-4438-bbb7-d1e60b62e9fb,2026-05-01T09:05:55.426926,Barbosa das Flores,Viana,29.21,IN_TRANSIT,TRUCK,37
e59096c6-1ee7-4665-869b-000597a155fe,2026-05-01T04:23:22.522975,Monteiro,Brito de Nascimento,63.51,CANCELLED,AIRPLANE,113
1f4f6b7d-b8e2-4dd3-84c5-5934c0291cb2,2026-05-01T10:30:05.873312,Araújo das Pedras,Rodrigues,53.81,IN_TRANSIT,TRUCK,68
8da39bbf-80c5-4fc5-815e-9218c315743b,2026-05-01T08:50:09.326874,Montenegro da Mata,Vieira,38.07,DELAYED,MOTORCYCLE,114
d13edf2c-d947-4ca9-8d8f-2e4af70618a3,2026-05-01T04:48:31.148994,da Mota,Brito do Sul,91.85,DELAYED,VAN,81
8f087319-1cfb-4e8f-b6c1-51bc018b5039,2026-05-01T05:01:47.990355,Pastor de Goiás,Câmara Grande,98.67,DELIVERED,AIRPLANE,12
f34f2b3b-b221-441d-841a-3c1936cede04,2026-05-01T10:44:33.611411,Dias,Cardoso,77.6,DELIVERED,TRUCK,82
f6d0a5dc-ef8a-4f1e-acbc-49eed1dc5900,2026-05-01T00:03:34.167403,Alves de da Conceição,Borges,86.83,IN_TRANSIT,TRUCK,25
da81a23f-bec8-430a-91af-b7553e6a90c9,2026-05-01T07:38:14.206702,Rezende de Costa,da Rocha do Norte,81.33,DELIVERED,MOTORCYCLE,116
51dc6e95-fc67-4666-98e8-c20f616411b7,2026-05-01T03:04:27.976848,Souza,Rios,21.74,DELAYED,AIRPLANE,72
d9fcc11f-dfab-47d5-b929-b39a1e71ddbe,2026-05-01T00:50:48.390882,Nascimento,Cunha do Sul,11.78,DELIVERED,TRUCK,26
c8bac30b-7dc3-49c6-9d44-9a35a8cd4211,2026-05-01T05:08:18.556901,Fonseca,Nogueira do Amparo,23.62,CANCELLED,TRUCK,34
c80716cd-701b-4ca0-a4a9-17c5740413bd,2026-05-01T01:10:12.773776,Brito,Rocha de Viana,52.63,IN_TRANSIT,MOTORCYCLE,98
891dbd14-e7d8-4eca-bf43-4dcf77aa5d0d,2026-05-01T05:17:39.686196,da Luz,Lima da Praia,11.95,IN_TRANSIT,AIRPLANE,24
d68ceef8-4ffa-4fa9-a51c-490591a875f4,2026-05-01T08:28:10.313957,Barbosa,Novais,47.43,CANCELLED,AIRPLANE,2
2000dae8-1ad3-461f-8087-bf6aabac3277,2026-05-01T00:55:44.464687,Souza,Novais de Pereira,31.86,IN_TRANSIT,TRUCK,112
6e0d1f09-9f3a-4410-a8d6-3e620ff68819,2026-05-01T06:59:57.808204,da Mata do Oeste,Pires,28.16,DELIVERED,TRUCK,49
6f62139e-d74f-46b6-b108-d34739f75299,2026-05-01T09:16:51.498310,Lopes do Oeste,Alves de Cavalcante,23.88,CANCELLED,TRUCK,120
903c2d89-661b-4c3f-9c86-5ba00a6a676d,2026-05-01T11:02:30.131750,Barros de Barbosa,Leão do Galho,2.56,DELAYED,MOTORCYCLE,120
90326157-234d-4764-88b6-f092fb3a1297,2026-05-01T08:03:19.997414,Silva,Pastor,18.36,CANCELLED,MOTORCYCLE,8
2c47a56f-897c-417e-a038-0d19ba984d23,2026-05-01T09:33:33.005631,Lima,Rodrigues,18.92,DELAYED,TRUCK,62
b1239b50-03f0-42d9-8efd-dd31aaa8773a,2026-05-01T10:33:13.046603,Marques dos Dourados,da Mota da Mata,23.4,DELAYED,TRUCK,31
348fc8b7-0a50-49f0-b761-9bb732b3a1a4,2026-05-01T05:52:15.788403,Farias da Prata,Sales,93.6,IN_TRANSIT,VAN,88
9256e004-dfbd-44c7-b8f1-5d10d0eb457f,2026-05-01T08:30:47.986380,da Rosa de Guerra,Alves do Amparo,45.26,IN_TRANSIT,MOTORCYCLE,25
b415a63a-7216-4167-bcbc-bdc8e46206a6,2026-05-01T06:04:58.339311,Machado,Andrade,92.54,IN_TRANSIT,VAN,115
b713101e-bdf4-4198-85c3-7087fc78d63b,2026-05-01T01:44:32.219343,Castro de da Mata,Gomes de Azevedo,37.48,IN_TRANSIT,TRUCK,52
cce63048-dda0-464b-b3cf-0d0286f47c08,2026-05-01T05:04:42.200538,da Costa Verde,Nunes da Prata,21.45,DELAYED,VAN,105
30121bad-b0e7-4e8e-831d-3831c90c9655,2026-05-01T00:32:41.881997,Pimenta,Sá,23.42,DELIVERED,VAN,95
9f94d1d9-1cb8-4b44-a2b7-bbb88b79557c,2026-05-01T03:28:27.242540,Marques da Praia,Porto Alegre,0.26,DELAYED,AIRPLANE,29
f0a2f1a7-c2c3-48e1-b4a1-b21eb38f5ef2,2026-05-01T02:44:18.352413,Andrade,Barbosa,73.7,DELIVERED,MOTORCYCLE,59
dd0fd4ea-a9ba-4787-b6c0-4bb46de739b1,2026-05-01T04:40:08.001081,Rezende de Almeida,Vasconcelos,27.83,DELIVERED,VAN,29
1a3f8448-0da7-4cae-b30e-821abf09cc28,2026-05-01T06:58:54.293196,da Rocha,Ribeiro de Rocha,14.03,CANCELLED,AIRPLANE,114
c6d0b33f-ebf5-4ea6-84f1-431350e337ee,2026-05-01T07:53:09.723566,Gomes,Costa,71.31,DELAYED,VAN,49
793baea9-6880-441d-9e42-431e940c53df,2026-05-01T07:00:22.357679,Duarte Paulista,Lima da Serra,38.0,IN_TRANSIT,VAN,58
63f01ce6-d97d-42f2-baa7-fb719a733fe6,2026-05-01T06:22:30.093531,Silveira de Viana,Câmara Verde,48.68,IN_TRANSIT,TRUCK,95
a7d66c1c-e69f-4daa-b2b1-00a48fd65034,2026-05-01T11:02:28.319911,Machado,Mendes do Galho,59.99,DELIVERED,VAN,10
01b022c1-571c-46a7-b1ab-8a60bf8825bb,2026-05-01T00:27:02.504424,Cirino,Marques de Duarte,94.27,IN_TRANSIT,VAN,61
6acefd82-de42-4e54-a281-9589804fe856,2026-05-01T00:48:34.573154,Macedo,Caldeira do Norte,90.2,IN_TRANSIT,AIRPLANE,24
50579628-7673-4eaf-9633-4a1e9e8af64f,2026-05-01T02:58:29.864673,Cirino,da Costa,86.15,IN_TRANSIT,VAN,54
c3b1ef29-191a-4372-b910-dac424b78244,2026-05-01T06:58:12.982431,Castro Grande,Cavalcanti Alegre,23.4,IN_TRANSIT,VAN,32
cc55adcd-f615-4b1b-890e-25e468b1e4a6,2026-05-01T09:20:39.653222,Lopes,Cavalcante,15.11,IN_TRANSIT,TRUCK,86
e074e235-ac26-4d3f-ab4d-f074e2c2e762,2026-05-01T07:38:58.138263,Pacheco,Mendes de Araújo,41.61,CANCELLED,MOTORCYCLE,85
5647d5ab-3619-4ecf-9d07-056521d3ea02,2026-05-01T04:39:03.676067,Pinto,Costa,58.3,CANCELLED,VAN,116
9d89b665-6d4a-400e-bcc2-07d1d53ca708,2026-05-01T01:12:27.182093,Souza,Novais,82.92,IN_TRANSIT,TRUCK,55
40247fb8-ac72-4f45-97a7-67095e1932e5,2026-05-01T03:42:12.235830,Borges,Ferreira Grande,10.65,CANCELLED,AIRPLANE,13
e05f4273-9d6d-4d9e-980f-16f72b5c5213,2026-05-01T00:11:23.417144,Araújo,Vasconcelos,39.97,CANCELLED,MOTORCYCLE,43
0036ce13-b73a-4090-88ba-f88afa65774e,2026-05-01T10:05:18.261299,Freitas,Araújo,73.23,DELAYED,MOTORCYCLE,10
face0da9-fbd6-4519-aa68-23a52ad3c886,2026-05-01T01:34:26.941346,Barros,Mendonça,9.74,IN_TRANSIT,TRUCK,92
dc9881b8-062d-4d92-a927-35c3b08b67bb,2026-05-01T00:31:47.361583,Sales,Nogueira de Minas,71.99,IN_TRANSIT,VAN,49
220e9965-f7a9-4a1d-8aed-6cc681c93a72,2026-05-01T06:42:57.535610,Novaes da Serra,Moura de Minas,44.0,DELAYED,TRUCK,55
e1b82bc1-a66a-41be-b5a4-88bcd961a062,2026-05-01T04:46:13.458691,Costa das Flores,Souza,56.46,CANCELLED,VAN,90
9935106c-d053-48fa-a4e5-5eef09a9dd59,2026-05-01T01:35:40.360396,Barros,Alves da Prata,99.23,CANCELLED,VAN,87
9c935f6a-dfdb-4d49-989d-4dc480f1bef0,2026-05-01T01:50:10.494991,Costela,Araújo Grande,8.67,CANCELLED,MOTORCYCLE,25
c31e3b6b-6b26-4676-bcd5-57cdedc4761d,2026-05-01T04:05:24.934255,Barbosa,Montenegro,82.84,CANCELLED,AIRPLANE,97
053010c9-0dd3-414f-bc53-ecaeeb4c3667,2026-05-01T02:33:25.913304,Jesus,Fernandes,83.78,IN_TRANSIT,TRUCK,48
3bc41ef4-d14b-4fc7-9b98-654e81af92cf,2026-05-01T11:52:42.221823,Correia,Albuquerque,19.11,CANCELLED,TRUCK,88
f0116d3b-6530-4582-b987-15dc550f71ec,2026-05-01T01:10:13.519639,Barros Paulista,Moura de Aparecida,38.53,CANCELLED,MOTORCYCLE,21
c7202e6d-88d5-44dc-bc41-3dd4b465f98b,2026-05-01T03:31:46.354316,Mendonça,Barros de das Neves,49.47,DELAYED,VAN,119
0435065e-a61b-41ed-9740-49dd0adcfb34,2026-05-01T02:37:51.440417,Vieira da Prata,Alves,91.07,CANCELLED,AIRPLANE,75
720bd323-63df-45b7-b327-159b65d9f7d7,2026-05-01T09:18:30.476970,da Mota,Caldeira de da Rocha,81.5,DELIVERED,VAN,88
9b49f695-dea9-4581-bd6a-b3a275f68de9,2026-05-01T11:18:52.617197,Rezende,Araújo das Pedras,6.31,CANCELLED,AIRPLANE,117
44b4d449-2e10-42f4-b5de-8c96fc016503,2026-05-01T02:07:30.364478,Costela dos Dourados,Cirino Alegre,50.0,DELIVERED,TRUCK,70
8582242b-a6cd-4338-a0be-03c55b0811e7,2026-05-01T08:41:12.130339,Ribeiro,da Rosa,11.64,IN_TRANSIT,MOTORCYCLE,3
002adf25-a577-497c-ae94-f9692a1e85d2,2026-05-01T07:36:17.866265,Melo de Ferreira,Farias,25.33,IN_TRANSIT,MOTORCYCLE,13
94ed1fda-12ba-4813-8790-ad3b57dd9b27,2026-05-01T01:18:20.273868,Pacheco da Serra,Oliveira de Goiás,92.85,DELIVERED,TRUCK,72
512fdb51-3588-417a-b9ec-021802dd25ed,2026-05-01T08:52:29.473385,Carvalho,Pimenta Verde,81.75,DELAYED,AIRPLANE,112
0ef7deb0-f978-406a-b9dc-077c2ff7e153,2026-05-01T00:52:52.376596,da Cunha,da Rosa,84.22,DELIVERED,MOTORCYCLE,29
54a3e263-6c0c-4d16-8611-3929fa5e7e93,2026-05-01T00:51:32.153911,da Cunha Alegre,Moura,85.98,DELIVERED,VAN,66
240e846d-8830-4342-b326-f8775dd65495,2026-05-01T02:42:27.202791,Dias,Moraes,90.33,CANCELLED,TRUCK,49
c48da952-c60a-47a3-b856-234620ea74e4,2026-05-01T08:31:41.079005,Farias das Pedras,Marques das Flores,30.49,DELAYED,VAN,7
216a0b28-01f1-47ad-8b33-cd6d8589d93a,2026-05-01T09:53:26.664847,Moreira de Ramos,Nascimento,0.96,DELIVERED,MOTORCYCLE,30
110d3970-dcbe-4de1-a03b-a683f03d3290,2026-05-01T02:28:03.914155,Leão de Rios,Borges de Jesus,86.57,IN_TRANSIT,AIRPLANE,116
8fd3c07f-fa81-42c1-91f7-456e88d521b0,2026-05-01T07:53:03.772271,Sousa,Borges,78.56,IN_TRANSIT,VAN,35
f62869a4-4741-4027-9820-1158ab976895,2026-05-01T06:08:36.726385,Leão do Oeste,Brito,57.94,CANCELLED,VAN,46
32ba747a-4b16-4341-be28-6913e1ba45ed,2026-05-01T06:36:45.969093,Sales,Lima do Campo,48.32,CANCELLED,AIRPLANE,120
a2b90032-bd85-4580-930f-ffe5db57b02d,2026-05-01T07:07:37.172679,Martins,Barbosa,91.29,DELAYED,AIRPLANE,2
cd701b6c-d12d-44dd-8edf-98e62e323b2e,2026-05-01T03:38:46.640832,Lopes,Garcia,48.36,IN_TRANSIT,TRUCK,39
3a9dc055-d781-414b-9a2f-96414e1411a9,2026-05-01T05:23:17.700541,Casa Grande,Novaes,10.95,CANCELLED,AIRPLANE,106
a7f52569-f4b5-4d3e-9dae-43ffebaafaa6,2026-05-01T12:20:26.338971,Pereira de Alves,Azevedo,90.21,DELIVERED,VAN,39
860a1ade-70c9-435e-b588-987bdd900a2b,2026-05-01T09:14:12.652646,Camargo do Sul,Monteiro,67.91,DELAYED,TRUCK,13
ef3cd33e-f84d-47f7-b278-56cd3d4b39a2,2026-05-01T03:55:58.814927,Fogaça do Sul,Melo do Sul,19.5,CANCELLED,MOTORCYCLE,91
cc329729-01af-47fd-9a4e-ed2729e05338,2026-05-01T10:26:58.463127,Nascimento,Borges,72.62,IN_TRANSIT,TRUCK,108
171e14ae-1e45-4622-90ad-bfe800dee870,2026-05-01T03:07:12.345130,Barbosa do Amparo,Pacheco,74.96,IN_TRANSIT,AIRPLANE,82
5e1f8cd4-bfd1-44cf-819b-5a9dd525b501,2026-05-01T07:49:09.191234,Pereira,Nunes,25.11,DELAYED,AIRPLANE,27
e20239a7-8184-47f7-ac8b-948a31eb43ed,2026-05-01T03:15:25.482934,Alves de Sousa,Siqueira de Pimenta,65.98,CANCELLED,TRUCK,104
19c3af82-d9b8-47c8-9700-48a1eed10949,2026-05-01T05:57:26.645147,Rezende de Sampaio,Mendonça,51.6,CANCELLED,AIRPLANE,13
eeb22a35-07db-469e-b6da-7296a8b97503,2026-05-01T07:03:36.735497,Camargo da Mata,Alves,46.82,DELAYED,MOTORCYCLE,13
23655b5d-da87-4870-ab0e-99642bcb4831,2026-05-01T08:31:35.521413,Porto,Duarte,63.13,DELIVERED,TRUCK,104
ccc8c52a-43a7-48f4-9458-ad992d90cfad,2026-05-01T04:04:45.248470,da Luz,Pinto da Praia,2.65,IN_TRANSIT,VAN,60
9f07cbc8-8a6d-4422-9408-2c18fcb1b3d4,2026-05-01T02:14:16.402524,Pimenta,da Cruz,70.38,DELIVERED,MOTORCYCLE,27
43f95b0c-7194-41c9-8b33-9faa7a298088,2026-05-01T07:01:57.624005,Machado,Moraes da Mata,61.36,DELAYED,TRUCK,111
923d6b71-c13b-40bf-80a9-2cd2a2f1e48d,2026-05-01T07:42:45.364391,Castro,das Neves do Oeste,26.89,DELAYED,MOTORCYCLE,39
5d0f6cc8-19f4-4de1-9c1d-b9442fe6525d,2026-05-01T08:36:51.890854,da Luz,Jesus,44.99,IN_TRANSIT,TRUCK,86
aea1f631-1b40-4bfb-a5f6-091b035651d7,2026-05-01T10:16:31.437399,Cirino,Albuquerque do Galho,23.95,IN_TRANSIT,TRUCK,116
f7949e84-45fc-464c-ba1a-1e14a66918e6,2026-05-01T05:49:59.924851,Santos,Santos do Sul,22.83,DELIVERED,VAN,92
da0a5c32-d34e-4a9b-a2b2-ccc36adde4ac,2026-05-01T03:29:46.686791,Moreira,Ferreira do Norte,39.83,CANCELLED,MOTORCYCLE,114
6533bf95-656c-48c2-b23f-9b33f46c2288,2026-05-01T08:12:35.550403,Aragão dos Dourados,Silveira,42.87,DELIVERED,VAN,94
0827eb30-96a3-48bd-ae54-20c63e78bfc6,2026-05-01T01:30:28.019024,Monteiro,Caldeira de Sá,75.74,IN_TRANSIT,MOTORCYCLE,7
f8a9fc80-0a00-48ef-bab4-c14f4900adf6,2026-05-01T09:20:50.202595,Aragão do Amparo,Peixoto,91.47,CANCELLED,TRUCK,115
45e44e13-4324-4733-aa1b-3f3d5af72f7b,2026-05-01T04:08:28.313622,Ramos de Câmara,Ribeiro,92.63,CANCELLED,AIRPLANE,53
7e850bf8-52d4-45d1-96a7-9ad152b7ab16,2026-05-01T00:02:51.520583,Carvalho de Sales,Gomes,10.03,DELAYED,MOTORCYCLE,17
53a7f356-9444-4676-a8bb-c90934a0b68f,2026-05-01T04:43:34.299878,Moreira,Pires,16.81,CANCELLED,MOTORCYCLE,25
46292fe2-af0e-4c60-b819-fa699b78b1b9,2026-05-01T06:13:18.982575,da Cruz,Martins do Amparo,50.76,CANCELLED,AIRPLANE,100
8fda1787-3244-4e9e-bbc7-b34c4785e21a,2026-05-01T05:33:14.876408,Rezende do Oeste,Sampaio,28.12,DELIVERED,VAN,55
df55d4cc-9c97-4630-a716-2c071ba18ddc,2026-05-01T09:00:26.600326,das Neves de Moreira,Siqueira,41.48,CANCELLED,AIRPLANE,39
79f398e8-e1a7-40dc-9246-10bb48720c52,2026-05-01T11:47:34.697580,Cassiano,Ramos da Prata,54.85,DELIVERED,VAN,79
607acbd7-f8cb-45fc-9e45-59e5f0741054,2026-05-01T05:57:58.876355,Dias do Norte,Nascimento de da Cruz,99.74,DELIVERED,AIRPLANE,26
93cc1504-2c58-4e88-9d9d-7eac32912085,2026-05-01T00:46:22.520777,Fogaça de Brito,Brito,16.57,DELIVERED,MOTORCYCLE,91
6a60c5ed-dc4b-47eb-aa7e-7d4ab5396a55,2026-05-01T08:30:19.153673,Pereira,Pimenta da Praia,74.74,IN_TRANSIT,TRUCK,62
b890ad4f-a730-4f7c-b7f4-fb73c939b588,2026-05-01T02:19:53.981949,Dias,Pacheco das Pedras,1.08,DELIVERED,VAN,20
91f7e40f-cbbd-4fbc-b8c3-d577953edf04,2026-05-01T11:54:44.854030,Aragão,Costa,7.32,DELAYED,AIRPLANE,32
dbb49775-5352-4e13-b114-5b03f63906d8,2026-05-01T02:32:35.528957,Moraes,Porto da Praia,0.27,DELAYED,VAN,66
2e9b7961-0527-4935-9ba0-237a83bf288d,2026-05-01T09:58:27.901743,Câmara,das Neves,61.52,CANCELLED,VAN,17
f047225d-2297-4d19-a69d-318c7c098aa7,2026-05-01T03:52:30.738934,Camargo Grande,Fernandes,60.11,IN_TRANSIT,TRUCK,59
9bcf89a8-cc3b-486d-ba44-21310d30892d,2026-05-01T02:46:10.724416,Brito,Azevedo de Moraes,6.61,DELAYED,VAN,88
03ab027f-3dc6-4966-9682-7236d5abe95e,2026-05-01T00:32:47.667086,da Paz,Machado de Nunes,45.86,DELAYED,MOTORCYCLE,13
13fd59b2-9419-4d9d-857d-1c4f6d2f49a2,2026-05-01T07:47:47.529271,Rocha,Leão de Ribeiro,17.27,DELAYED,MOTORCYCLE,59
5bee27ac-5e42-4758-a87a-74d86f890c6b,2026-05-01T09:46:22.681017,Peixoto,da Costa,39.42,DELIVERED,AIRPLANE,33
a4ef6246-42e5-4c16-bb0a-2e3789c056a6,2026-05-01T04:24:09.188578,Vargas,Sampaio dos Dourados,36.24,DELIVERED,TRUCK,80
bc2f763d-d04f-436f-9add-5b85d7b65a73,2026-05-01T10:08:50.051568,Abreu das Flores,Marques,68.24,DELAYED,TRUCK,35
ea88fc5d-392c-4b53-a0ad-885c93f1f012,2026-05-01T10:11:41.224483,Albuquerque de Fonseca,Duarte do Oeste,74.08,DELAYED,AIRPLANE,89
3da3f3bf-ab1a-48dd-b9ad-cbc322d63e71,2026-05-01T00:31:26.311807,Pinto,Alves do Amparo,59.26,DELAYED,VAN,42
3827d1a5-b082-402a-bc88-e87b51a9e6fd,2026-05-01T02:15:13.034299,Duarte da Mata,Borges do Sul,92.1,DELIVERED,VAN,62
a5bb7767-0ae6-469f-b066-27d1dbdd304a,2026-05-01T09:12:00.289448,Lopes,Lopes,56.86,DELIVERED,MOTORCYCLE,26
e1ec1a51-4ff9-415d-9f44-cc33259772e3,2026-05-01T01:34:46.702498,Brito,Fernandes da Praia,7.07,IN_TRANSIT,MOTORCYCLE,33
17210deb-8916-4468-940c-9570677a1c79,2026-05-01T07:00:30.993789,Campos do Oeste,Fogaça Alegre,65.77,DELAYED,VAN,54
1c774d5a-934f-4b4e-bef3-5888f68a30e1,2026-05-01T03:29:42.365966,Casa Grande,Farias do Amparo,40.68,DELAYED,AIRPLANE,74
ced6912e-d2ab-4312-8a42-af04189dc855,2026-05-01T05:41:48.537178,Cunha dos Dourados,Machado,80.96,IN_TRANSIT,MOTORCYCLE,39
ab844aa6-5abf-4e17-acd6-19b34c733681,2026-05-01T01:38:15.374254,Ferreira de Abreu,Martins dos Dourados,33.76,DELAYED,AIRPLANE,117
cd91b209-5d7a-44d3-82ee-d628d8dd1a6a,2026-05-01T09:39:28.864342,Jesus,Freitas,52.43,DELAYED,TRUCK,2
3144b58e-6ae3-4948-90d9-5baa60aafef2,2026-05-01T04:05:33.273761,Oliveira,Ribeiro,6.8,IN_TRANSIT,VAN,105
fe81dd74-7914-4c7c-9d6b-40a1bd12e3ce,2026-05-01T04:21:23.914464,Silva do Galho,Sales,45.51,DELAYED,TRUCK,117
553c4e3b-fc7d-4718-bcf8-eeb8e7292f0b,2026-05-01T08:50:01.620459,Carvalho do Campo,Vargas,60.63,IN_TRANSIT,TRUCK,21
27fb038c-2de3-4ce6-85cd-787a957e034a,2026-05-01T07:56:22.737886,Fernandes Paulista,Barros de da Costa,56.99,DELIVERED,VAN,3
6af9bc16-0149-493b-996a-b346b5e0837c,2026-05-01T08:55:08.666094,Macedo do Galho,Pinto do Amparo,75.26,DELAYED,TRUCK,53
3b9f03d5-5434-4099-8355-6a90cc3fd0ef,2026-05-01T11:32:43.527230,Guerra do Sul,Costela do Amparo,75.97,DELAYED,TRUCK,118
10bde670-7388-4405-9342-25406165f581,2026-05-01T03:42:08.721689,Cavalcanti,Pinto,82.42,DELAYED,TRUCK,17
f3da44a1-ffb0-4981-b4d9-460e5b696670,2026-05-01T05:59:33.152427,Melo de Goiás,Moraes,19.7,CANCELLED,MOTORCYCLE,94
526c3d9f-aaf2-4d33-9862-dde49dfd1ffc,2026-05-01T04:35:19.984908,Barbosa de Porto,Rocha das Flores,21.84,DELAYED,MOTORCYCLE,69
bf0d987e-3d7b-4a30-9bfa-a25161d7c6a6,2026-05-01T06:23:22.725471,Fogaça do Campo,Nogueira,13.42,DELAYED,MOTORCYCLE,31
244f08b6-addc-4f49-b501-26230c5c4f99,2026-05-01T01:05:19.034713,Nunes,Teixeira,1.47,CANCELLED,AIRPLANE,64
cceef30a-86a3-4140-b344-44a840f4be99,2026-05-01T01:23:40.957768,Sá de Cassiano,Rocha de Novais,42.11,DELIVERED,VAN,80
37fd18a7-a679-4f50-b5d0-d86bd8997a3a,2026-05-01T03:54:04.755519,da Paz,Moura do Amparo,61.85,DELAYED,MOTORCYCLE,102
4c5ad870-0ce7-430d-b63d-b441697e8ad0,2026-05-01T03:18:08.130464,Aragão,Sá,30.58,IN_TRANSIT,TRUCK,38
9bfe6f7a-7833-48a9-bee2-63c08f2347f6,2026-05-01T03:56:10.529225,Novais,Novaes,8.04,DELAYED,MOTORCYCLE,102
556151ce-c9cd-4e94-80da-9a247a67c175,2026-05-01T10:17:32.111564,Correia,Moreira do Campo,76.02,CANCELLED,VAN,97
389ea03c-3630-4589-820b-49bf22901c1d,2026-05-01T02:14:15.798141,Machado de Goiás,Santos,8.8,DELIVERED,AIRPLANE,43
5a4a3728-1308-409c-b3e4-3d5ceec6093c,2026-05-01T09:16:54.907379,Gomes do Norte,Ribeiro,46.68,IN_TRANSIT,AIRPLANE,104
622c5994-466c-42aa-b7e0-914a15c95f10,2026-05-01T05:08:17.727316,Melo de Leão,Fernandes,39.6,DELIVERED,MOTORCYCLE,8
53b32502-5ce9-4c36-9001-0e69390f0a01,2026-05-01T10:21:33.540726,Viana dos Dourados,Machado de Nascimento,63.59,IN_TRANSIT,TRUCK,118
cdb6f27f-6ac1-4d55-8e23-5b0e682b6e15,2026-05-01T06:46:02.445577,Farias,Lopes,42.88,DELIVERED,AIRPLANE,53
1c4826fa-cba9-4232-9ac8-5212e10ae67e,2026-05-01T08:18:12.271230,da Mata de Peixoto,Souza da Serra,56.36,DELAYED,MOTORCYCLE,75
6a6f2621-6368-44ef-823b-d5e887065310,2026-05-01T03:32:02.266168,Fogaça,Freitas,94.8,CANCELLED,TRUCK,97
e480d453-ec09-4bda-a575-286787423d23,2026-05-01T03:10:06.488298,Machado da Serra,da Costa Paulista,96.49,DELIVERED,AIRPLANE,14
d88d2ce6-44e1-4042-abc9-536442eba56c,2026-05-01T02:32:58.028389,Leão Grande,Montenegro,27.42,DELAYED,AIRPLANE,34
8d07a28b-da54-43fb-bda5-4a93ff5eebde,2026-05-01T01:29:34.633619,Vargas de Vasconcelos,Jesus,83.26,IN_TRANSIT,MOTORCYCLE,98
6575f613-1be6-4695-b021-c3c02ab78b52,2026-05-01T10:11:13.781163,da Rosa de Goiás,Pacheco Alegre,59.83,IN_TRANSIT,TRUCK,50
af03280d-0a4f-4a4c-8d9c-3d8fa1e2c8ab,2026-05-01T07:40:21.605597,Rios,Santos da Mata,14.39,IN_TRANSIT,MOTORCYCLE,108
0b61997d-a45e-4c07-a9e1-e67aea7e13f9,2026-05-01T10:34:34.910953,Costa da Praia,Ferreira do Norte,72.77,DELAYED,MOTORCYCLE,88
fb035992-66b3-4442-959d-8e57d911473f,2026-05-01T04:18:27.972114,Cavalcanti da Mata,Correia do Amparo,96.89,IN_TRANSIT,VAN,16
d77cd1a9-378c-4fb6-a5e9-ae704b642367,2026-05-01T05:52:00.474908,Rodrigues,Castro Paulista,52.52,CANCELLED,AIRPLANE,116
0e400f44-7b58-4692-8c6c-f0c82cfd8331,2026-05-01T02:31:00.956556,da Luz,Aragão,33.25,IN_TRANSIT,VAN,26
2535862e-63cc-4249-8b87-44507b2e0a96,2026-05-01T01:38:06.378434,da Conceição do Amparo,Ferreira,24.34,CANCELLED,TRUCK,76
5c1d38d8-e40d-4d08-a9b5-c1c2a21c1b3c,2026-05-01T09:01:25.804299,Lopes,Peixoto,30.6,CANCELLED,MOTORCYCLE,84
650d242c-1f30-4c49-9037-38ea478e39ca,2026-05-01T07:03:04.449753,Rocha do Amparo,Dias da Praia,96.07,IN_TRANSIT,MOTORCYCLE,88
0bc42e6c-ab36-4c15-b819-d068c4c9bf53,2026-05-01T02:06:51.793891,Nascimento de Lima,Siqueira da Prata,71.24,CANCELLED,TRUCK,8
09d6401c-8b84-448a-9afe-51d6e8ae32a6,2026-05-01T10:13:12.041673,Barbosa de Minas,Pires,29.33,DELAYED,MOTORCYCLE,73
053128a2-a82d-4673-a8f3-809fdefdd2f9,2026-05-01T00:51:04.492814,Almeida,Câmara Paulista,91.93,IN_TRANSIT,TRUCK,96
6462039a-f213-4adf-8020-2714cf96f26b,2026-05-01T01:51:29.538450,Azevedo,Costa da Praia,96.75,CANCELLED,AIRPLANE,38
7c4b1485-3db1-4081-8ea2-7ff7665169db,2026-05-01T10:19:20.694422,Campos,Abreu,20.61,CANCELLED,AIRPLANE,41
5e10bfa9-9ac4-4702-88fc-f6abb3fddc3b,2026-05-01T03:36:01.667199,Abreu de Minas,Sá de Minas,38.98,DELIVERED,VAN,3
4a17f192-562d-44e0-9b6f-f614ea46a2f3,2026-05-01T05:13:37.275230,Peixoto de da Paz,Aragão,28.54,CANCELLED,AIRPLANE,91
50e7dfdb-3dcd-44e1-aead-71f93602b6ec,2026-05-01T09:54:34.584325,Novais do Galho,Novaes,3.88,CANCELLED,AIRPLANE,102
5f8843a5-b140-4491-8287-20a4972ad03c,2026-05-01T00:25:06.235728,Vieira,Cavalcante,64.79,DELAYED,AIRPLANE,3
a89b2186-9735-4137-a7e6-087a36982b75,2026-05-01T11:12:45.188381,Gomes,Pastor Grande,10.11,DELIVERED,TRUCK,66
afe37ced-93c9-4e1f-9e02-0bffd38f0eaa,2026-05-01T09:42:54.271038,Fernandes,Moura,90.53,CANCELLED,VAN,6
f9e87755-5c55-4923-9dfc-675289399b0f,2026-05-01T05:05:11.137528,Ribeiro Grande,da Mota do Sul,1.03,DELAYED,TRUCK,3
c2d03d32-f890-4a7d-aa12-d935041ad5c8,2026-05-01T02:40:14.665451,Pacheco,Barros,41.44,CANCELLED,TRUCK,3
ae5bf015-d333-48fa-a81c-89efe94d2541,2026-05-01T04:11:55.529121,Carvalho de Goiás,Campos de Sá,60.82,DELIVERED,AIRPLANE,57
24687ef3-3e09-461b-88f4-3f0bf7c43a60,2026-05-01T06:25:09.292038,Pires de Brito,Almeida de Aragão,74.53,CANCELLED,VAN,3
9d1126e9-fe53-4239-b8cb-00fea96405c7,2026-05-01T11:20:31.619959,da Luz,Viana de Silveira,22.4,IN_TRANSIT,VAN,119
46dfd263-3a7b-4a83-b27f-b22f36bc5899,2026-05-01T10:40:16.395385,Pires Alegre,Silva dos Dourados,95.96,DELAYED,TRUCK,69
6e0a76bb-4c5c-4483-ac62-7db8299951b3,2026-05-01T01:05:24.554886,Ferreira do Sul,Macedo de Freitas,65.7,IN_TRANSIT,TRUCK,78
f679bf53-6db6-4406-bd05-f5613b4c5adf,2026-05-01T07:42:01.982520,Mendonça da Prata,Farias de Ramos,85.66,DELIVERED,TRUCK,110
cd86bdcc-fc5c-45ab-9439-9a1a4198e131,2026-05-01T05:01:11.366642,Ferreira Alegre,das Neves Verde,66.13,CANCELLED,VAN,107
2a22db6b-d177-4f2d-8362-42968e022c26,2026-05-01T03:04:59.947742,Correia das Pedras,Campos de Pacheco,9.81,DELIVERED,TRUCK,82
e989955f-ce40-47ea-9f1f-35f14c62b982,2026-05-01T07:02:16.273170,Borges Verde,Aragão,8.8,CANCELLED,VAN,0
6b3f10b0-f00e-4a55-9c07-224a5d4c1ae3,2026-05-01T10:23:28.320223,Souza,Peixoto das Flores,10.55,IN_TRANSIT,VAN,105
7fa47469-ec29-4a12-a4cd-8143d4b965c9,2026-05-01T04:08:47.683872,Ribeiro de Goiás,Gomes,70.07,DELIVERED,VAN,69
6cfe96f7-2201-4e89-9870-d81c33067d8f,2026-05-01T02:00:31.365772,Cunha,Nogueira,36.92,DELAYED,MOTORCYCLE,111
4a8c7d1f-8289-4db7-9539-453be6a3c212,2026-05-01T09:21:10.277675,Martins de Alves,Cavalcanti Paulista,46.09,CANCELLED,TRUCK,76
0132d60a-9eda-4ed9-84f6-a4d144f28287,2026-05-01T00:52:40.585608,Rios de Goiás,Silva,48.62,CANCELLED,MOTORCYCLE,28
1beac1c5-f3cc-465b-9fc6-20f90b5d9181,2026-05-01T00:25:15.938644,Porto de Fogaça,Marques de Freitas,68.74,IN_TRANSIT,TRUCK,11
7df28b91-f516-4113-a3a4-5d53bba2b848,2026-05-01T10:17:59.024184,Costa,Castro das Flores,3.52,DELAYED,MOTORCYCLE,36
5bcf16ac-431f-4fd8-ad01-3770e6855ea9,2026-05-01T10:57:12.242980,Guerra,da Luz,70.16,DELAYED,TRUCK,22
0c1ba765-b73d-460b-a72a-a13610245e1c,2026-05-01T05:10:38.829407,Costa Verde,Silveira,39.76,DELIVERED,AIRPLANE,119
dc4def3d-a323-4612-af44-420d1aab231b,2026-05-01T08:42:15.506214,Monteiro,Gonçalves dos Dourados,88.17,DELIVERED,TRUCK,20
eb8f27af-bf00-4f9a-bb2c-47be4d6eee70,2026-05-01T05:23:26.416412,Garcia do Galho,Vasconcelos,29.0,IN_TRANSIT,MOTORCYCLE,7
0aea7751-5dca-4466-a802-337e9e8005b7,2026-05-01T07:41:04.385838,Siqueira,da Paz do Norte,43.1,DELIVERED,AIRPLANE,35
7d349c01-929b-4627-bac3-7eb4de25e099,2026-05-01T05:58:48.519155,Vieira Alegre,Farias,68.33,IN_TRANSIT,VAN,70
36a27871-5cd3-4f02-96a2-3eae640fafbc,2026-05-01T11:17:59.033195,Caldeira,Lopes,18.86,DELIVERED,VAN,4
fb301cd7-7090-412e-b910-ed7ea5b61cd8,2026-05-01T03:04:31.373850,Garcia do Amparo,Mendonça,74.72,IN_TRANSIT,AIRPLANE,53
0b9c8332-6874-475e-a1dc-f8dcf85c2ab0,2026-05-01T01:45:17.990280,Santos dos Dourados,Mendes de Minas,8.56,DELIVERED,MOTORCYCLE,101
b3c4713d-4062-47ec-8a66-2794d1c366a5,2026-05-01T09:23:11.604526,Melo do Amparo,Nascimento,76.6,DELIVERED,TRUCK,8
07f884d4-7f12-4492-87b4-e651abc5e7d0,2026-05-01T02:48:21.468069,Pimenta,Rocha de Goiás,27.06,DELAYED,MOTORCYCLE,50
473b4efd-f745-4522-9119-6e929dda5dc2,2026-05-01T07:32:44.130810,da Luz do Amparo,da Cunha,83.72,IN_TRANSIT,VAN,48
2ee964f1-889c-4995-befd-35c6da827ba6,2026-05-01T10:45:17.954225,Silveira de Goiás,Azevedo,61.82,DELAYED,MOTORCYCLE,67
e5f33807-35b7-48ad-a531-d1cb46b1c012,2026-05-01T07:40:43.295843,Lima de Pinto,Cunha de Martins,66.57,CANCELLED,MOTORCYCLE,28
8c9575b4-4316-4c94-a370-d06aaebc8a9f,2026-05-01T08:35:22.439871,Rezende da Mata,Vieira da Prata,64.58,DELAYED,MOTORCYCLE,19
9e296c89-dfd1-484d-96a9-a7798971aa45,2026-05-01T09:16:23.354976,Cirino,da Mota,52.65,DELAYED,TRUCK,19
52dab2c9-2c3a-4ce3-8c28-ba1adf36ef48,2026-05-01T02:30:07.615735,Sales,Pacheco do Oeste,58.51,DELIVERED,AIRPLANE,12
c2e74739-641b-41ee-92b7-03013a50e25f,2026-05-01T03:31:41.895897,Fonseca Grande,Vargas,63.73,IN_TRANSIT,AIRPLANE,100
9989def5-d646-4cbb-9eda-8c096442f9bb,2026-05-01T10:41:20.056293,Rios da Prata,Aragão de Lima,43.52,IN_TRANSIT,TRUCK,87
9f39dd80-00f0-4671-a67a-a0f6daab286f,2026-05-01T05:13:19.762135,Câmara,Melo,68.52,DELAYED,MOTORCYCLE,51
0a5c5188-8c46-495b-b914-9324b2ec37f3,2026-05-01T05:00:56.799260,Campos,Fonseca de Goiás,13.25,DELAYED,VAN,42
dae9fd3d-ec03-431b-b186-10e44bc1c88c,2026-05-01T08:54:21.880999,Lopes da Mata,Nogueira do Oeste,0.41,DELIVERED,AIRPLANE,32
125524a2-7ae9-4e60-9a07-bceae7a17549,2026-05-01T05:50:26.040521,Montenegro Alegre,Marques,3.98,DELIVERED,AIRPLANE,87
20f4e949-aac5-4ee2-b46c-c0c59a1c74dc,2026-05-01T04:15:21.219755,da Luz,Casa Grande de Minas,39.79,DELIVERED,AIRPLANE,117
7f271427-8779-4545-9f30-2eb39ffd267a,2026-05-01T00:53:45.715203,Cassiano da Serra,da Rocha,30.55,DELAYED,MOTORCYCLE,97
f6a74bed-f7d4-414f-baeb-d133da6c9f67,2026-05-01T04:48:23.410572,da Rosa de Pastor,da Rosa do Norte,84.32,DELAYED,VAN,119
429d3b60-632c-425a-94b4-f7f0319ce3d9,2026-05-01T10:40:31.874507,Aparecida dos Dourados,Jesus de da Costa,90.82,DELIVERED,TRUCK,96
d3a88fb3-fb76-435a-bcc2-a71024712eec,2026-05-01T04:08:03.159369,Camargo,Macedo,43.8,CANCELLED,VAN,76
21cef4e7-13cd-4a02-a54b-835a9c51beba,2026-05-01T01:32:07.478092,da Cruz,Peixoto da Prata,13.06,IN_TRANSIT,VAN,117
c5ef90b2-5be6-487f-852b-d92558e26772,2026-05-01T11:02:34.349094,Carvalho das Flores,Câmara,33.63,DELAYED,AIRPLANE,43
98edd03b-612f-4c2e-9eee-4904efa30581,2026-05-01T10:07:59.968112,Ribeiro de Brito,da Paz,95.9,DELIVERED,TRUCK,5
7c1428fc-5fab-4971-a56e-b77c018e281c,2026-05-01T05:25:26.639061,Mendonça,Araújo,56.7,DELAYED,MOTORCYCLE,115
1302736c-5a2e-460a-be6d-e7443690cee5,2026-05-01T03:51:08.821695,Fogaça de Barros,Guerra de Goiás,0.77,DELIVERED,TRUCK,100
e8da775e-ced6-4692-aa88-33d343d64d59,2026-05-01T09:24:50.386820,Brito,Barbosa,21.61,IN_TRANSIT,VAN,44
055fc3be-2665-4d80-93b3-9321636e7485,2026-05-01T09:50:20.535419,Moreira,da Paz,73.04,DELIVERED,AIRPLANE,65
512c523d-7299-4925-8d83-1ab992088c07,2026-05-01T00:50:37.763386,Correia,Cavalcante de Pastor,58.29,CANCELLED,VAN,12
747eea2a-4b3a-47a3-a6a4-77fe35854ead,2026-05-01T08:41:52.372896,Camargo Alegre,Rios de Minas,73.17,CANCELLED,TRUCK,39
b7116cb7-3336-45a7-9b72-d37536ef2935,2026-05-01T11:31:07.760123,Ribeiro,Abreu,12.11,CANCELLED,TRUCK,79
d5281b0d-e926-43e8-bd4b-7df78454fc5c,2026-05-01T05:31:25.381070,Casa Grande,da Cruz da Serra,70.25,DELAYED,MOTORCYCLE,76
b078f94a-9388-4773-8ebf-2dc58243c65a,2026-05-01T00:01:46.694980,Dias,da Luz da Prata,14.54,IN_TRANSIT,VAN,61
dc0dd685-7eab-4c12-b732-2ab5ac36322b,2026-05-01T03:36:51.060405,Farias,Rodrigues,89.57,CANCELLED,TRUCK,57
884085f9-6423-4815-8572-a5a0ac3b6443,2026-05-01T08:59:49.093270,Pastor do Oeste,Moreira das Pedras,38.05,IN_TRANSIT,AIRPLANE,86
24e52244-9bd5-4bfb-9f18-2e05b581eea1,2026-05-01T08:58:05.737445,Cavalcante,Vieira,59.69,IN_TRANSIT,VAN,97
68341dae-f059-42a4-b467-940bf1961406,2026-05-01T01:29:42.508468,Novais de Porto,Mendes do Galho,65.06,DELIVERED,VAN,27
da26af36-4e6b-4512-91e5-38a427898258,2026-05-01T08:04:36.175769,Novaes do Norte,Garcia,66.39,DELIVERED,MOTORCYCLE,34
fc105a1c-cd5e-4af0-abf3-20260a40a86d,2026-05-01T05:01:44.006306,Câmara Verde,Pacheco,9.67,IN_TRANSIT,TRUCK,62
c37a3abc-a4f1-4e5f-8be6-485f5a8bd5a5,2026-05-01T06:54:25.688693,Cavalcanti,Camargo,91.32,IN_TRANSIT,AIRPLANE,95
0e9fdd03-f2cf-45e4-a656-0e3710fededc,2026-05-01T10:49:26.425769,Nunes,Novais de Pires,6.42,DELAYED,VAN,45
e8698c79-3c2e-49e2-b01a-63c26c9d3796,2026-05-01T11:24:45.604125,Campos do Campo,da Mata de Lopes,25.56,DELAYED,MOTORCYCLE,79
12b82c36-236f-40f0-a9fb-e0d024c98737,2026-05-01T01:29:41.794420,Cassiano,Lima,43.63,CANCELLED,VAN,98
3a2e25c8-b7da-4c4e-ac7c-f1e2155035bf,2026-05-01T05:41:20.880713,Albuquerque,Ramos,90.11,DELAYED,TRUCK,36
4f820576-6e8b-40d5-a6a1-4a19ed879f1e,2026-05-01T08:55:01.181831,Albuquerque de Barros,Oliveira,6.63,DELIVERED,MOTORCYCLE,106
5c9665e6-3afc-49b7-81c7-53324d90560d,2026-05-01T01:53:19.069685,Borges,Nunes da Mata,16.82,IN_TRANSIT,AIRPLANE,4
13257c03-da94-403a-959d-8ec9ebb7ce19,2026-05-01T00:59:32.036948,da Mota de Rocha,Mendes,0.47,CANCELLED,AIRPLANE,11
3e14340c-3c46-4c40-ba98-194f1702c18a,2026-05-01T00:39:39.407322,Jesus Verde,Jesus,99.19,IN_TRANSIT,AIRPLANE,57
9aac3167-fa37-4787-b65a-35c30ca1a3ca,2026-05-01T02:25:28.320941,da Conceição de da Cunha,Pimenta Paulista,71.22,DELAYED,AIRPLANE,49
bbbab916-8b83-4597-9d88-93329e6790b4,2026-05-01T02:54:02.747038,Caldeira de da Cruz,Jesus do Amparo,72.69,IN_TRANSIT,AIRPLANE,65
8bbd2b3a-c9ad-40f3-afbf-545acb8eb603,2026-05-01T03:57:33.925486,Cassiano de Goiás,Carvalho,43.3,DELIVERED,AIRPLANE,80
4e6ba111-9ef7-43ee-839a-a6dd67b93966,2026-05-01T09:53:16.282267,Cassiano,Cavalcanti Paulista,11.27,CANCELLED,TRUCK,67
2bd5ac17-f166-4467-af8f-5c9b52a5752d,2026-05-01T01:16:48.762286,Alves do Galho,Lopes,74.29,CANCELLED,VAN,81
cb1f9d6b-489d-4474-93d1-7b0021f292a9,2026-05-01T08:46:10.132000,Rezende Verde,Melo,42.77,IN_TRANSIT,VAN,61
efb90854-b9a3-4878-b4d5-5d8b6b237719,2026-05-01T12:08:44.508281,Lopes de Sá,Sales de Guerra,6.65,DELIVERED,AIRPLANE,35
218574fb-7cf8-448c-b460-f055aea998ce,2026-05-01T00:26:43.545320,Martins da Serra,Silveira,73.29,CANCELLED,VAN,113
9759f646-5b29-4112-8ced-91a05b76f295,2026-05-01T01:39:49.174384,Montenegro de Cirino,Costa do Amparo,87.47,DELIVERED,AIRPLANE,17
5de4d63d-a3c4-4650-8565-fe7275f4ea1d,2026-05-01T09:54:51.018287,Fogaça,Mendes de Aparecida,38.42,DELIVERED,TRUCK,69
b1b73c70-f0dc-45dd-9c0c-d238460607e0,2026-05-01T10:39:38.199930,Lima de Cavalcante,Moraes Paulista,50.18,DELIVERED,MOTORCYCLE,59
99f5c785-4130-45d4-88a6-090ef6e84868,2026-05-01T03:18:05.870875,Mendes de Minas,Ferreira Verde,43.64,DELIVERED,MOTORCYCLE,71
ae1b3844-ebd8-49d2-998e-69e0bde4384d,2026-05-01T04:09:15.695426,Nunes,Macedo,67.74,DELIVERED,MOTORCYCLE,111
a5786a51-904f-438b-9c2c-3553b9ffaeb7,2026-05-01T08:22:43.888735,Macedo de Monteiro,Freitas,47.22,DELAYED,VAN,83
97991217-46a2-47a4-bd98-9c37e6aa1ed5,2026-05-01T00:58:44.057300,Sousa dos Dourados,Porto,11.45,DELAYED,VAN,111
04017860-8bc9-4473-bef6-5361582f3b11,2026-05-01T07:36:12.474104,Vasconcelos do Campo,Alves de Aparecida,87.11,CANCELLED,MOTORCYCLE,34
9ab97eef-8943-400b-8fc6-806ec2c42db6,2026-05-01T04:32:11.278100,Pacheco dos Dourados,Mendes das Pedras,33.77,DELAYED,AIRPLANE,116
60f8ee21-05f2-437a-951c-53319a32f2a8,2026-05-01T10:23:26.806571,Dias das Flores,Cirino,44.49,IN_TRANSIT,TRUCK,1
47fbc0fb-2dfb-4417-ad87-7d16dda4efb5,2026-05-01T12:16:42.743874,Abreu do Norte,Cassiano de Minas,39.99,DELIVERED,VAN,120
87545cda-fca1-4a01-9b10-40b000a63264,2026-05-01T04:21:17.888956,Siqueira,Melo,61.39,DELIVERED,MOTORCYCLE,53
00c1db3a-6125-4572-ad90-242433c605bb,2026-05-01T10:11:41.425282,Duarte,das Neves,43.83,DELIVERED,AIRPLANE,56
ddc9f1b4-0e45-4991-97d2-07eba1fd8833,2026-05-01T11:17:58.258583,Melo dos Dourados,Sá,23.18,DELAYED,TRUCK,25
1df8175a-f3b5-489d-baac-82ffcc355dfa,2026-05-01T04:53:44.272760,da Mata,Caldeira,90.83,DELAYED,AIRPLANE,95
156bfb12-7ca7-45bd-a402-04d6ea8fadf2,2026-05-01T05:04:59.019342,Pimenta,Martins de Nunes,69.83,DELIVERED,AIRPLANE,57
0ed268ec-f51c-4729-bc94-a603d68dac58,2026-05-01T06:55:35.529251,Porto Paulista,Cassiano do Sul,95.97,DELAYED,AIRPLANE,8
1dd3685f-e8db-4ddb-bd4c-fb20e821ee4f,2026-05-01T01:58:37.898859,Macedo da Praia,Gonçalves,10.36,DELAYED,VAN,111
9dd47525-7fb7-42ed-8ee5-d839259862e4,2026-05-01T12:10:40.678253,Pinto de Fernandes,Melo,97.43,CANCELLED,MOTORCYCLE,87
ef429fe4-7ffd-43ed-91c6-1a7976baba8e,2026-05-01T06:46:45.483554,Rocha do Amparo,Cavalcanti do Campo,16.83,IN_TRANSIT,VAN,70
9f08d487-a5ee-4bce-84fd-386e2d3b2945,2026-05-01T06:57:28.685102,Almeida,Novaes,11.45,DELIVERED,TRUCK,120
7930f4e2-a310-48e3-9715-8bfa76488bea,2026-05-01T10:02:48.876116,Monteiro,Martins do Norte,38.28,CANCELLED,VAN,114
d631b4c3-9d6a-4d1e-aa35-f6958eb89e0b,2026-05-01T03:21:57.169639,Gonçalves,Costela,94.09,DELIVERED,MOTORCYCLE,34
04e72c63-a4ad-4012-be98-8a76d42e4c93,2026-05-01T10:03:54.375018,Teixeira,Novaes,99.92,CANCELLED,MOTORCYCLE,119
89804c10-0d3b-4601-925b-3fdada946a6e,2026-05-01T00:44:14.743667,Oliveira,Câmara,74.12,DELAYED,AIRPLANE,17
e005db39-1389-4b66-b715-a6750e631447,2026-05-01T01:15:32.391916,Ferreira dos Dourados,Alves das Pedras,45.8,DELAYED,AIRPLANE,85
762ba286-041e-47e6-837b-2eff027e8a28,2026-05-01T05:03:03.621239,Mendes Verde,Nunes,80.59,DELIVERED,VAN,31
94ecd308-a1e2-4749-b7e3-f80a277a4cbc,2026-05-01T00:36:17.008101,Dias da Prata,Castro Alegre,59.76,IN_TRANSIT,AIRPLANE,16
6700c01a-a499-4d02-bb93-b76eca67cb52,2026-05-01T10:58:46.553169,Andrade,Caldeira,13.99,DELIVERED,AIRPLANE,96
4e0fd82b-c84c-433b-bb97-7f5513bec3fc,2026-05-01T04:16:24.188328,da Mata,Oliveira da Prata,12.63,DELIVERED,TRUCK,15
ed19b110-0a39-4a49-a1b3-380b3d809b73,2026-05-01T01:10:10.320048,Pereira do Sul,Nunes,60.78,DELAYED,MOTORCYCLE,62
78679aa0-aa2d-4825-81e2-135432b6ed6b,2026-05-01T07:56:59.691181,Fonseca,Andrade,57.4,DELIVERED,AIRPLANE,44
0d50ebf6-4090-40cd-b841-aac857d94a1b,2026-05-01T02:58:56.191245,Costela do Sul,Castro de da Rosa,90.24,DELIVERED,TRUCK,59
b0f5735a-c389-47f3-90bc-da60bec53c72,2026-05-01T08:18:18.771921,da Cruz da Praia,Guerra Grande,96.7,CANCELLED,MOTORCYCLE,116
947868de-f709-4d59-a78e-ba71af1c7cd6,2026-05-01T03:46:03.696875,Caldeira,Dias,11.67,IN_TRANSIT,TRUCK,78
34338b4d-2e6d-43c3-aaef-504cfc11dff3,2026-05-01T02:14:04.913046,Garcia de da Rosa,Monteiro de Siqueira,9.58,DELIVERED,VAN,69
518ada1e-6f69-457d-8168-f84dabed51e0,2026-05-01T10:48:14.251033,Peixoto,Nogueira Alegre,10.84,CANCELLED,VAN,28
015c4365-10ca-401e-b8a1-598ac9c40b13,2026-05-01T10:22:21.780250,Garcia,Lima,28.97,IN_TRANSIT,VAN,68
46a1f0d0-c3a8-4b3f-9c34-652b79848ede,2026-05-01T01:13:39.300027,Vieira,Montenegro,73.96,CANCELLED,TRUCK,90
f675dbd0-d12e-4e1e-9893-273adb044611,2026-05-01T01:52:57.366470,da Luz de Pacheco,Rezende de Ramos,57.02,DELAYED,MOTORCYCLE,35
49ceeb37-074a-48b5-a6d6-30d3377554ce,2026-05-01T07:19:55.165656,Andrade,Silva de Caldeira,34.17,CANCELLED,AIRPLANE,29
71e57670-f943-48a2-9e28-df5f4e683604,2026-05-01T06:59:55.564963,Rezende do Campo,Dias,7.86,DELIVERED,TRUCK,21
8dd3fff3-086b-4cf5-93b1-774c61e96cb7,2026-05-01T07:44:52.800475,Andrade,Siqueira do Campo,24.1,DELAYED,AIRPLANE,94
060ac59f-c413-47ff-9c3b-3f4abb5a85e7,2026-05-01T00:51:31.413994,Gomes do Sul,Silveira,24.25,DELAYED,MOTORCYCLE,7
a2ec9791-2f3e-423b-b127-354b48f5f6ea,2026-05-01T01:14:28.204811,Azevedo,Viana de Oliveira,45.22,IN_TRANSIT,VAN,37
49064e6c-9431-40fa-b579-1cc5f53ecf46,2026-05-01T04:07:17.364884,Gonçalves de Goiás,Pires de Moraes,29.23,DELAYED,TRUCK,5
b0982815-8c98-4a06-991e-818cb9264a84,2026-05-01T03:04:08.275313,da Mota de Oliveira,Fogaça da Mata,61.51,CANCELLED,MOTORCYCLE,76
806d07a9-eb13-44d2-bcab-3b687ac11b38,2026-05-01T11:52:49.524127,Aparecida,Brito,3.71,DELAYED,TRUCK,36
8faf06ac-7d8d-445f-ab38-92184480a34e,2026-05-01T04:39:53.955514,Rocha Paulista,Pacheco da Mata,85.78,DELAYED,MOTORCYCLE,34
8844c466-d0ac-4605-9228-cff2b4a91cd7,2026-05-01T10:38:00.057273,Teixeira,Sousa da Praia,50.17,CANCELLED,TRUCK,2
0705dfdc-0eed-4e3d-8fe0-6590e4937de2,2026-05-01T09:52:12.183799,Moraes,Pimenta,79.78,IN_TRANSIT,TRUCK,30
3135f8b4-ac70-4e5f-9274-c8b62c540f70,2026-05-01T07:00:21.677066,Peixoto,Lopes,29.52,DELIVERED,AIRPLANE,81
77405198-6a43-4aa6-a5f6-541a79fbdbc6,2026-05-01T05:50:58.248149,Campos do Norte,Oliveira,34.02,DELIVERED,VAN,11
e18547f8-e64a-4843-98d3-75f46e119c3c,2026-05-01T07:16:30.579365,Souza,Moura,68.2,DELAYED,MOTORCYCLE,60
da48ced3-8868-4b40-bb01-a9c1956a3124,2026-05-01T06:13:05.600328,Montenegro Paulista,Ramos,15.47,DELIVERED,TRUCK,108
63387e8a-ce88-426a-b1b4-33bc07516b23,2026-05-01T00:07:06.183615,da Costa,Pires,81.15,IN_TRANSIT,VAN,98
527ec090-6e8f-423b-96bd-d169b56a8611,2026-05-01T11:59:15.180084,Monteiro,Fernandes,95.6,DELIVERED,AIRPLANE,106
f9358cb1-d194-4367-b8d0-61d9dafaf883,2026-05-01T07:05:27.114201,Freitas,Porto,72.42,CANCELLED,MOTORCYCLE,74
e6a6809d-eb3e-44eb-a758-b081d68573c3,2026-05-01T06:40:57.987754,Fonseca,Montenegro,12.29,IN_TRANSIT,AIRPLANE,38
258d03fd-ed59-453d-a805-0048063e9fcc,2026-05-01T03:10:54.933105,Cardoso,Novaes,39.1,DELAYED,AIRPLANE,6
690ad469-f096-4b5f-86c9-3f846e7de881,2026-05-01T11:36:05.493400,Garcia,Sá,20.77,IN_TRANSIT,TRUCK,93
a053cef0-12ac-4b48-837e-54e156819ae5,2026-05-01T11:16:44.009739,Câmara,Cirino,7.56,CANCELLED,TRUCK,92
892a4b44-f6c6-4eec-925c-b90763505b10,2026-05-01T08:30:28.859620,da Paz,Vasconcelos de Farias,12.2,CANCELLED,AIRPLANE,49
64d5df39-a6bb-48b7-9f26-69ac790cf7f6,2026-05-01T10:01:46.091564,Melo,Caldeira,9.32,CANCELLED,TRUCK,33
7e1309a1-934d-4575-bea8-034d5497e44f,2026-05-01T02:02:05.754516,Pacheco,Moura de da Paz,29.43,DELIVERED,AIRPLANE,6
f68ed9f5-df9b-4657-aa14-84b052077fb8,2026-05-01T10:03:49.714576,Ribeiro Paulista,Marques,58.9,DELAYED,VAN,87
715c25e9-1486-4c5f-a6a5-ed4e22d32f2d,2026-05-01T04:43:26.661541,Azevedo Alegre,da Mota,23.25,DELAYED,MOTORCYCLE,39
31cd4009-0612-4400-b8f0-3cf4f7e0cfdc,2026-05-01T06:00:23.613053,Machado de Pimenta,Sá,89.25,DELAYED,AIRPLANE,20
b6b3f116-e58a-4e08-bceb-ea1e7cd96e13,2026-05-01T03:31:11.344568,Cardoso,Silveira,27.56,DELAYED,VAN,50
c9fa8af7-e4a5-4e5d-9b17-11fb125b1da7,2026-05-01T04:36:52.282726,Azevedo do Oeste,Rodrigues do Amparo,70.79,IN_TRANSIT,VAN,80
65097c02-d29b-4172-aaa8-01e219be0b7f,2026-05-01T05:24:48.421498,da Luz da Prata,Gonçalves das Pedras,70.93,DELIVERED,VAN,89
b00a7104-0dae-4596-96b1-66cbbb3319d7,2026-05-01T11:42:23.573118,Leão,Câmara,5.77,CANCELLED,MOTORCYCLE,103
67cd6d2b-0b58-4c0f-954d-83a7bdf8f075,2026-05-01T03:46:42.381068,Barbosa,Vargas das Flores,31.87,DELAYED,MOTORCYCLE,73
257224c6-07e0-471d-8ca8-23437f0bb0de,2026-05-01T07:46:11.574935,das Neves Grande,Costa Grande,19.14,CANCELLED,TRUCK,86
b6198c86-5671-4108-9b1e-bc76f3d35f72,2026-05-01T08:13:18.611470,Câmara de Machado,Almeida,42.37,CANCELLED,MOTORCYCLE,50
2ce9c1ab-aaf7-477b-897a-128861614c46,2026-05-01T00:07:57.093016,Ferreira,Cunha,56.78,IN_TRANSIT,AIRPLANE,63
ded705d6-42b2-4def-a7cf-ff15ba48be4b,2026-05-01T10:03:32.797250,Marques Grande,Jesus Grande,95.11,DELIVERED,MOTORCYCLE,92
d75d9fcb-e6b8-4d01-8a66-242955cf06cd,2026-05-01T11:26:37.221087,da Costa de da Mota,Aparecida,14.01,IN_TRANSIT,TRUCK,102
e4e95d7f-03cc-457c-9541-6f07de5eeca1,2026-05-01T06:05:06.545893,Freitas das Pedras,Dias da Prata,99.16,IN_TRANSIT,VAN,101
13ccb6a6-a5ea-40f5-b128-7be317eee03f,2026-05-01T02:11:19.213473,Silva,Marques de Barros,36.74,CANCELLED,TRUCK,117
1904dfa0-3658-4a61-94b6-4cad59c8bbae,2026-05-01T09:23:55.372621,Farias,da Paz dos Dourados,56.12,DELAYED,VAN,55
6871799f-fe62-4d9f-9e53-4580508b7b0b,2026-05-01T11:07:17.991650,Castro,Pastor de da Cunha,8.1,DELIVERED,MOTORCYCLE,103
50f179bb-4b92-4eec-b59d-529546770bc2,2026-05-01T03:31:35.898285,Cavalcanti da Serra,da Rosa,28.38,IN_TRANSIT,TRUCK,60
ac360aa6-69c0-418a-80c4-32cd1bdb3fa6,2026-05-01T00:30:59.745559,Duarte de Martins,Rocha dos Dourados,3.63,CANCELLED,AIRPLANE,90
8497c82d-c726-49f7-9af7-97099aef9d09,2026-05-01T12:04:24.776788,Novaes da Mata,da Rocha do Campo,10.71,DELIVERED,TRUCK,86
0da17dfc-6ad4-4280-9d15-7b14c6d6ead2,2026-05-01T04:54:31.682975,da Paz,Rios,65.24,DELAYED,MOTORCYCLE,51
d149333b-44cb-4019-838a-4248630aa797,2026-05-01T07:13:14.889204,Correia do Galho,Ribeiro,14.51,CANCELLED,VAN,8
5b035aed-5589-4cf7-b3aa-72f73aeefb86,2026-05-01T11:42:38.229051,Camargo do Oeste,Cardoso da Mata,2.9,CANCELLED,TRUCK,78
697e203d-a3f6-419c-a3b2-20c070d5da14,2026-05-01T12:16:38.440554,Farias,Martins,15.72,DELIVERED,MOTORCYCLE,3
0b00fa66-35bd-4ba2-b96e-2acfe8cab4d6,2026-05-01T05:09:03.086585,Lima da Mata,Dias,84.67,DELIVERED,AIRPLANE,70
65e9416d-6af0-4587-9dda-08d9205071c9,2026-05-01T02:26:20.350398,Jesus,Aragão,45.67,CANCELLED,TRUCK,71
a67b8412-2c75-4898-ba12-04830bcc5186,2026-05-01T08:03:05.134231,Câmara Verde,Andrade de Minas,28.64,CANCELLED,MOTORCYCLE,14
dfea94df-1f99-4ed4-9a7a-ae6116f06beb,2026-05-01T09:18:46.094557,Brito de Goiás,Melo,65.17,DELAYED,TRUCK,110
b54aea23-aec0-42be-bf33-64a1d837a1b1,2026-05-01T08:00:20.168303,Siqueira das Flores,Fernandes Verde,76.21,DELAYED,AIRPLANE,37
6a035758-76a5-4103-84e8-320058b11f36,2026-05-01T09:44:12.496049,Moreira,Mendonça,10.61,DELAYED,TRUCK,83
877e103a-7704-47ea-a756-bd3e4b87c135,2026-05-01T10:27:17.841520,Nascimento,Garcia de Teixeira,74.41,DELIVERED,VAN,103
8140253a-ec9a-42a8-b6e3-28f4d148d5ed,2026-05-01T09:22:32.401891,Casa Grande,Novais Alegre,47.32,DELIVERED,TRUCK,72
db9acdc8-506f-44f1-bf77-fa71bdaa27eb,2026-05-01T02:42:33.784641,Machado de Goiás,Brito,24.83,CANCELLED,MOTORCYCLE,78
a90312a6-d995-4c9e-bd61-c64512e74611,2026-05-01T08:06:10.624459,Peixoto de Sá,da Costa,89.67,DELAYED,AIRPLANE,34
a2ccf5d6-e700-4878-a7b5-aae0ca236bf4,2026-05-01T05:33:38.247297,Martins de Goiás,Marques,44.67,DELAYED,VAN,92
8b4b40e7-146d-440d-870d-0198d56bb25f,2026-05-01T09:02:18.907591,Barros,da Costa de Goiás,73.9,CANCELLED,TRUCK,44
a37b99d2-4942-4a5a-bb6d-58f6ae2c9d9f,2026-05-01T05:15:17.853791,Mendes,Guerra,38.34,IN_TRANSIT,VAN,77
1d9c7b12-bc8c-4d0d-9cff-2b1f6dd7029b,2026-05-01T01:28:01.047211,Porto,Fogaça,88.06,DELAYED,VAN,7
58179717-a407-40e0-bcf8-cb50035ad02e,2026-05-01T01:43:56.830933,Machado,Jesus,66.94,IN_TRANSIT,TRUCK,119
214a6db8-06cc-423a-9efa-a04d44c30ac4,2026-05-01T11:31:01.510836,Novaes,Azevedo do Amparo,70.42,IN_TRANSIT,VAN,95
5796d087-0f06-4fdf-8c7c-38be0c3f8c80,2026-05-01T01:04:44.488349,Oliveira Verde,Guerra,3.46,DELAYED,TRUCK,93
1adf5858-c995-4e7a-9cda-1f47870261f4,2026-05-01T05:44:19.227445,Machado de Barbosa,Vasconcelos,62.22,DELAYED,TRUCK,45
7f443495-3af0-4399-baa7-61bc5f97d500,2026-05-01T03:16:36.952489,Moraes,Silva Paulista,24.08,CANCELLED,MOTORCYCLE,35
ba6dfb36-06a1-4875-96a4-a11df09a22bf,2026-05-01T08:12:37.062488,Farias,Fonseca,56.15,DELAYED,VAN,105
506794c3-e01c-4638-9a65-81b3118f74c6,2026-05-01T10:18:05.369033,Câmara da Prata,Garcia do Campo,93.44,DELAYED,MOTORCYCLE,91
05a096a9-bc2b-4384-a671-4681a345457e,2026-05-01T03:49:49.246161,Viana do Oeste,Abreu,51.95,CANCELLED,MOTORCYCLE,63
94689af5-4834-482b-ab63-18f36fcddcc9,2026-05-01T07:45:47.231748,da Mota,Vieira,58.1,CANCELLED,AIRPLANE,104
e4a25579-2813-4255-a5f1-a1cba3200195,2026-05-01T07:58:02.813138,Pastor de das Neves,Abreu,96.39,DELAYED,AIRPLANE,72
a34825c9-b09a-4812-a9ae-65d9ef4704c6,2026-05-01T03:08:22.041058,Rodrigues,Camargo,21.77,CANCELLED,VAN,61
904d444f-e251-4030-a667-fc471ff6b948,2026-05-01T00:57:53.031770,Cavalcanti da Serra,da Costa das Flores,73.15,DELAYED,MOTORCYCLE,85
c847777b-3dbf-4140-aab5-475f22ca0552,2026-05-01T11:37:56.124816,Rios,da Cruz,37.54,IN_TRANSIT,TRUCK,24
6f8a46ca-85c1-47aa-b680-dc2f7de5b0e4,2026-05-01T10:13:11.855986,da Rocha,Lima,38.01,CANCELLED,AIRPLANE,85
e7b6c7a2-e4a3-42c7-bdd2-341dcfcce0c4,2026-05-01T03:40:07.604171,Cirino,Teixeira,28.43,DELIVERED,AIRPLANE,118
ca7284e6-5997-4426-b2a0-3a262b7312b3,2026-05-01T06:39:27.286403,Machado,Garcia de Ribeiro,6.81,DELAYED,VAN,15
a1567f03-503b-4241-a085-583ba20f0e74,2026-05-01T06:47:45.953132,Ramos de Machado,da Paz de Cavalcante,74.07,IN_TRANSIT,AIRPLANE,64
ee6a57c4-71ba-4368-85fa-cc95412bedcc,2026-05-01T01:07:52.545360,da Luz,Martins de Goiás,66.37,DELIVERED,VAN,99
8fef6836-8163-4aac-b7d1-58402923faae,2026-05-01T04:18:41.203715,Monteiro,Cassiano Alegre,16.59,DELAYED,VAN,2
ac99d986-a72e-4a6c-848c-284bc3f15e75,2026-05-01T07:36:35.804725,Castro dos Dourados,Cirino,95.76,CANCELLED,VAN,39
2fe3eb29-5fc7-42f8-93cb-a9ff4a4a0467,2026-05-01T10:50:00.740795,Montenegro,Melo,4.97,CANCELLED,MOTORCYCLE,67
25d3b12c-76da-40a6-abfc-6f7a6f24025c,2026-05-01T04:04:14.498541,Castro,da Cunha de Silva,57.24,DELIVERED,MOTORCYCLE,99
ea5a103b-5fe5-46d3-b81b-67a919cffa7a,2026-05-01T00:14:48.415354,Freitas do Sul,Ferreira,43.99,IN_TRANSIT,AIRPLANE,49
4c60bef4-72fd-48a2-9e76-3401d8d967c1,2026-05-01T07:00:45.326744,Fonseca da Serra,Carvalho do Amparo,69.23,IN_TRANSIT,MOTORCYCLE,114
cc74d69e-767b-4c13-b335-bf1bd935917c,2026-05-01T01:32:32.687763,Nunes,Campos do Campo,79.82,DELIVERED,TRUCK,71
2ec19eb9-1341-4644-8b7a-38f067bd9b04,2026-05-01T06:38:03.851349,Jesus,Castro,82.77,DELIVERED,TRUCK,42
141cb244-b65a-44b9-a8ca-e19db4786076,2026-05-01T10:12:25.547965,Sá,Andrade,34.71,CANCELLED,AIRPLANE,104
2f32fe75-236e-4ef7-8edd-91d7358e23ed,2026-05-01T10:36:30.040866,Pinto,Cavalcanti,84.08,IN_TRANSIT,VAN,25
5bfe372d-8de1-468b-bbcc-908ecab025e2,2026-05-01T07:45:37.459736,da Rocha,Caldeira,74.31,DELIVERED,TRUCK,71
7159dd45-2dc0-470b-8920-65eff318171a,2026-05-01T05:06:24.236325,Fonseca de Câmara,Rios do Amparo,40.56,DELIVERED,MOTORCYCLE,3
3e44facf-78d1-478d-be84-974ca4507da6,2026-05-01T00:34:01.543033,Nunes,Silva,28.13,DELAYED,VAN,11
0d2c262a-16b6-4dc7-9304-e0f05b58bebc,2026-05-01T10:51:25.236842,Sales de Sá,Fernandes,46.6,DELIVERED,MOTORCYCLE,12
cefb07fe-ce7d-4e5c-bf94-62f5d5424df0,2026-05-01T01:28:16.829075,Santos,Ramos da Praia,68.05,DELAYED,AIRPLANE,36
8f279c80-475d-426e-b89e-bcb4a366b9b9,2026-05-01T02:30:17.589923,Moraes,Marques Paulista,31.65,DELIVERED,VAN,96
7458224f-8f80-4bfa-9144-150119180520,2026-05-01T08:18:22.694813,Machado Paulista,Barros do Oeste,84.28,DELIVERED,VAN,117
5a67e85a-61a8-453b-aa51-fb7d6df63b7f,2026-05-01T09:42:32.052798,da Costa do Oeste,Câmara,64.81,DELIVERED,TRUCK,91
8f8ec463-fb77-4d11-ba01-663cba650d54,2026-05-01T07:21:11.690648,Ferreira,Costela de Rodrigues,72.42,DELIVERED,TRUCK,67
936881ce-df94-4432-8575-cba08620daf2,2026-05-01T01:08:58.930027,Pereira,Cardoso de Andrade,25.45,DELIVERED,TRUCK,58
90f74c97-1154-429a-ba0a-65ef88670b59,2026-05-01T10:25:07.652812,Vieira de Silveira,da Cunha do Amparo,33.8,DELIVERED,TRUCK,57
05a4e7de-29d4-45f5-a4d1-9914a450ce63,2026-05-01T12:08:07.532782,Oliveira de Goiás,Guerra,9.66,CANCELLED,AIRPLANE,97
b71d1430-743b-408b-bd90-27232921b0b9,2026-05-01T09:35:15.405514,Sales,Farias,27.25,CANCELLED,MOTORCYCLE,35
46ff80a6-6074-49ad-8218-0331ad115c71,2026-05-01T03:51:27.866194,Vieira,Cassiano,6.08,IN_TRANSIT,TRUCK,72
3559b0fd-eca0-482d-8952-e1336564ff48,2026-05-01T10:03:06.399784,Costela,da Cruz,84.38,DELAYED,AIRPLANE,41
b245440c-6cbc-48ed-a209-fb862ce3fb48,2026-05-01T08:48:30.556634,Cardoso do Oeste,Carvalho de Teixeira,58.97,DELIVERED,TRUCK,52
49634840-7cdc-496f-b2d8-5b04677aecae,2026-05-01T00:38:45.928872,Ferreira das Pedras,Nascimento de Martins,19.88,IN_TRANSIT,VAN,101
9291ffdd-8267-4cee-9984-2cdff54174c5,2026-05-01T02:34:27.529877,Teixeira,Barbosa do Galho,74.19,CANCELLED,VAN,26
be4a5939-d467-4624-aa10-6700753726aa,2026-05-01T02:42:21.866925,das Neves Paulista,Lima,56.86,DELIVERED,MOTORCYCLE,47
741e76c8-c4f4-49f9-b078-e20e2de80dd0,2026-05-01T05:07:27.930521,Moreira,Sousa,92.05,IN_TRANSIT,VAN,104
56deefa9-975f-4503-b2de-7d86963d9b17,2026-05-01T10:48:54.963625,da Rosa Alegre,Costela dos Dourados,66.97,DELIVERED,TRUCK,69
7a02badc-f304-4ae9-9027-d0b95023785d,2026-05-01T03:30:33.895755,Melo,Monteiro dos Dourados,94.36,CANCELLED,AIRPLANE,115
32a94187-7ac7-4962-9b94-77bf608b7483,2026-05-01T06:14:12.461907,Carvalho de Goiás,Pastor,14.14,CANCELLED,AIRPLANE,10
4c6eabad-a020-48e3-98d9-341ef35fc474,2026-05-01T10:35:41.947874,da Luz de Goiás,Machado,8.54,IN_TRANSIT,MOTORCYCLE,50
0df1091f-239b-44b6-b714-d0d27888a62d,2026-05-01T10:05:16.386494,Montenegro Grande,Moura,40.85,DELIVERED,MOTORCYCLE,31
f0bca6b4-c73e-48bf-9f9e-380d102b490a,2026-05-01T06:10:48.921645,Campos Alegre,Costa,24.43,DELAYED,MOTORCYCLE,39
9ab37347-fe7d-479a-81b1-543683eae874,2026-05-01T02:03:33.136845,Cavalcanti,da Mota,0.49,IN_TRANSIT,TRUCK,60
2cad51d4-d470-419f-8ee0-de1408be51f5,2026-05-01T04:39:39.231719,Duarte,Silva do Sul,86.33,DELAYED,AIRPLANE,118
da170f48-1b8e-486c-b37a-81d4935b0736,2026-05-01T05:47:46.017209,Caldeira Verde,Rocha da Praia,33.25,DELIVERED,MOTORCYCLE,115
68162d4e-c943-4d83-9254-0aa8fc056070,2026-05-01T08:50:27.072587,Moraes Grande,Correia da Serra,82.36,CANCELLED,VAN,23
617d2a17-7a84-4680-99cf-c805c32c4655,2026-05-01T11:59:07.137935,Gomes de Goiás,Borges da Mata,56.81,DELAYED,VAN,38
fc11834a-bfdb-43da-a906-ca57f6ab2d59,2026-05-01T10:47:21.169715,Nogueira,da Costa,8.65,IN_TRANSIT,MOTORCYCLE,110
1abb64b5-2666-422b-b826-1b7da897d92b,2026-05-01T06:41:29.186508,Câmara,Sousa,10.48,DELAYED,AIRPLANE,36
46e420fe-2add-4fe8-9bdf-0b8e4d07df12,2026-05-01T05:16:52.162476,Montenegro,Nogueira,67.87,IN_TRANSIT,MOTORCYCLE,76
64c9df8f-116a-4703-955a-9945e0c0c833,2026-05-01T06:31:31.483087,Andrade de da Paz,Mendes Grande,83.36,IN_TRANSIT,VAN,14
48fa1fb2-0a1a-4e4e-a80f-558e0f6d8747,2026-05-01T05:17:12.772548,Farias,Machado,54.46,DELAYED,VAN,89
50750cb5-effd-4537-b49b-ae34088c8486,2026-05-01T02:55:37.873428,Casa Grande Paulista,Rocha,1.25,CANCELLED,TRUCK,86
f16b1f83-1df2-430b-b3d0-4667c1fb2248,2026-05-01T01:46:59.422693,Costa de Gomes,Nascimento,11.68,CANCELLED,AIRPLANE,85
40ab227d-5bdd-4cb3-a3a8-0aaf3c242853,2026-05-01T09:20:14.325521,Vargas do Campo,Novaes do Amparo,67.69,DELIVERED,VAN,20
40aa8c8f-3654-4c74-ba38-7791e587c73d,2026-05-01T03:49:20.579850,Rios,Ramos,44.9,DELIVERED,VAN,11
9f437060-385c-42e6-b08c-9045d62e5334,2026-05-01T09:05:00.349584,Silva Grande,Vargas Grande,5.11,DELIVERED,AIRPLANE,110
c2e8da4f-0ab9-499c-bb5c-8238627c2da4,2026-05-01T01:04:15.683798,Cassiano do Amparo,Abreu da Prata,49.02,CANCELLED,TRUCK,97
b9b420c8-91d9-4139-80ee-3eb39c70a49b,2026-05-01T11:57:35.484907,Monteiro,Brito de Silva,41.17,DELAYED,TRUCK,109
be1eaf16-4b5e-4fb3-b038-74952dd2fa3c,2026-05-01T04:33:58.952685,Pires de Minas,Campos,18.16,IN_TRANSIT,TRUCK,79
980213be-1f9b-4258-87d8-b5bff0a56aa7,2026-05-01T05:04:25.518609,Novais,Guerra da Praia,90.74,IN_TRANSIT,TRUCK,14
44529818-381e-4e99-8608-0c62df4b2f69,2026-05-01T01:06:55.035229,Garcia do Norte,Ferreira,68.68,DELIVERED,AIRPLANE,115
e71aa775-a701-4722-8b43-6c1952233cd3,2026-05-01T05:52:08.263038,da Rosa de Minas,Cirino,77.95,DELAYED,VAN,66
43551380-792a-4118-a5ff-6bce805a0a77,2026-05-01T05:25:54.687537,Oliveira,Porto das Pedras,79.71,DELAYED,AIRPLANE,109
f529ad6e-03c8-42e9-8c92-653544a77ac6,2026-05-01T04:22:56.581277,Dias,Souza do Oeste,83.54,CANCELLED,AIRPLANE,78
9d1519e5-7fb6-43ab-8b97-381a863905c0,2026-05-01T12:12:27.065894,Rios de Rezende,Caldeira,40.56,DELAYED,TRUCK,0
99fb464b-8212-4d9a-b561-a5f5b328a2ea,2026-05-01T11:41:47.117993,Casa Grande de da Luz,Machado de Araújo,34.54,DELIVERED,MOTORCYCLE,73
72452562-a63d-4922-823d-c717287a0dd6,2026-05-01T10:03:25.042383,Vieira,Viana Grande,99.49,CANCELLED,TRUCK,114
348152ee-cde9-47ca-a338-01df7bbed8a1,2026-05-01T04:07:25.053441,Moraes,Rezende,12.66,DELAYED,TRUCK,32
313450a0-3886-44b8-a6fe-2d570beef551,2026-05-01T01:56:08.855753,Rocha,Farias do Galho,4.39,CANCELLED,TRUCK,85
418c158f-4fc4-4d34-94f8-451e83b728ef,2026-05-01T01:51:16.109212,Mendes,Câmara da Mata,69.27,DELAYED,AIRPLANE,22
4de61c93-dd9a-4c64-a9b1-3074a1e18233,2026-05-01T11:30:52.349813,Sá,Aparecida,60.52,CANCELLED,AIRPLANE,4
1cc0a60c-b770-49ac-89b0-424b4eb8eafa,2026-05-01T05:35:23.600552,Moura de Goiás,Leão,61.56,DELAYED,TRUCK,57
f9b1ae2a-a107-4bc1-a1d8-4570a81b2b9f,2026-05-01T11:57:10.735323,Viana Grande,Montenegro de Minas,13.47,CANCELLED,VAN,25
793b0c77-7d2e-4b4b-a0f7-2532534170a2,2026-05-01T06:32:08.471107,Pires dos Dourados,Rodrigues do Campo,48.57,CANCELLED,AIRPLANE,41
38d3cac6-ac5e-435f-9df5-cd1972eb14e4,2026-05-01T06:12:55.562437,Ferreira do Amparo,Fernandes,8.44,DELAYED,TRUCK,70
e0c5d964-d6b4-4528-a8c3-267a67291244,2026-05-01T08:07:16.848661,Cavalcanti do Sul,Camargo de Araújo,77.32,IN_TRANSIT,VAN,50
06804082-212a-4c8c-b12a-1a68ac93f989,2026-05-01T02:55:05.183583,Gomes Paulista,Cavalcante,96.18,DELAYED,AIRPLANE,91
c09c1b71-4b5f-4d84-8c4b-45599a63790d,2026-05-01T01:42:54.522828,da Rocha,Marques do Sul,30.31,DELIVERED,TRUCK,94
87fe5252-602a-4354-817f-9e19d71753b9,2026-05-01T06:30:25.640925,Marques de Costa,Costa do Amparo,95.54,DELIVERED,TRUCK,119
dcf66b14-cc31-4413-ac9c-4327b70c6909,2026-05-01T07:18:23.839172,Alves,Novais,75.92,CANCELLED,MOTORCYCLE,102
b8583a16-75d1-4cc9-8bf2-06f9569ce8c2,2026-05-01T04:28:29.979739,Mendonça,Jesus de da Cruz,5.22,DELAYED,VAN,85
2dc9c14c-31c0-486e-8fe2-b57ff095fdb7,2026-05-01T02:36:06.877425,Melo das Pedras,Sales da Praia,6.3,IN_TRANSIT,MOTORCYCLE,85
9c12a41e-dc50-4a62-afe2-09bd002d43b9,2026-05-01T06:23:32.306152,da Cunha do Oeste,Alves de Caldeira,75.73,DELIVERED,AIRPLANE,92
97241a92-2fa1-48eb-a72d-0320e6bc6c85,2026-05-01T03:28:16.016130,Moreira das Flores,Garcia,54.45,CANCELLED,MOTORCYCLE,109
8ec96542-eff8-49f7-b778-1f0dad01e275,2026-05-01T03:51:11.138738,Fogaça,Silveira de das Neves,70.54,CANCELLED,MOTORCYCLE,66
e72184ac-c7c2-40e5-af65-bc78390281ff,2026-05-01T11:41:53.662565,Sá Verde,Silveira,71.24,DELIVERED,AIRPLANE,13
a4929187-d56b-4e15-8bd0-941349a0e67a,2026-05-01T08:49:06.958170,Pires do Galho,Guerra do Sul,3.33,DELIVERED,AIRPLANE,50
f1db4cba-dde1-472e-8882-d31d3bd8dba8,2026-05-01T03:58:40.618306,Martins das Pedras,Moreira de Casa Grande,39.29,IN_TRANSIT,MOTORCYCLE,49
3e425552-da27-4eb6-8db4-cc072cf75694,2026-05-01T03:43:31.665031,Santos Alegre,Castro,78.21,DELAYED,TRUCK,31
b222f7c7-ea82-47a9-acb4-9a7ac5cdd21d,2026-05-01T09:59:54.107188,Correia,Fogaça das Pedras,85.32,IN_TRANSIT,TRUCK,13
a6e1edb4-eb85-40e5-b757-b3b6134b1437,2026-05-01T07:59:47.765892,Machado do Campo,Gonçalves,34.57,DELIVERED,TRUCK,106
6a582ad1-49a3-4a5c-ab5b-1fc26e64746a,2026-05-01T07:50:53.019065,Almeida,Cavalcanti Paulista,23.15,DELIVERED,AIRPLANE,6
2f18b562-a8a0-48ab-b7c2-d948f90e23ed,2026-05-01T01:34:12.861713,Aparecida do Amparo,Novaes de Caldeira,99.69,DELAYED,TRUCK,30
76c114b8-3f4e-4f3c-98d3-e599954eb295,2026-05-01T00:55:28.129836,Fogaça,Aparecida de Garcia,4.18,IN_TRANSIT,MOTORCYCLE,51
4ed31f2c-ed7c-43f6-9499-fbbc1b98fd1f,2026-05-01T01:14:14.959180,Garcia de Vargas,Teixeira de Castro,8.06,IN_TRANSIT,TRUCK,67
39b9311c-4a04-48c0-9712-fab41ce6053e,2026-05-01T04:53:21.937341,Peixoto,das Neves do Sul,58.62,IN_TRANSIT,TRUCK,51
f682562f-40d3-4c99-9af8-dd22e7fcedb8,2026-05-01T08:26:49.451972,Moura,Sales,35.29,DELIVERED,MOTORCYCLE,24
c6965aa8-6cff-403f-aa49-7cf136c194db,2026-05-01T08:59:28.272517,da Cunha,Novaes Alegre,31.18,DELIVERED,MOTORCYCLE,56
144ffc68-3210-4cef-b245-1579ae448b7a,2026-05-01T04:29:02.188612,Macedo,Albuquerque,62.4,CANCELLED,TRUCK,45
f7b5ef85-c6b9-416f-b084-4141d2831a4e,2026-05-01T00:17:49.871523,Costa das Pedras,Caldeira de Minas,40.42,DELIVERED,MOTORCYCLE,7
80ecc606-3197-4e6e-afb4-9843a28fd247,2026-05-01T10:08:52.006761,Azevedo de da Conceição,Cavalcante de Goiás,86.39,DELAYED,MOTORCYCLE,23
eb9fd573-2b09-486e-94fa-f6e0b52810c9,2026-05-01T00:12:46.381652,Souza das Pedras,Rocha,40.01,CANCELLED,VAN,119
3ea84693-c1b8-4278-94e6-0c4d52bd6846,2026-05-01T01:32:11.718399,Freitas Paulista,Casa Grande,10.73,DELIVERED,TRUCK,85
92348590-dd8c-4bca-85ba-5ab83e694505,2026-05-01T01:43:07.629817,da Mota,Campos,41.93,DELAYED,VAN,87
3d739dc8-d786-44b0-8389-46ad62e5efac,2026-05-01T07:31:05.121993,Garcia da Serra,Lopes das Flores,72.07,DELAYED,AIRPLANE,10
478c74ef-4625-48e0-a56b-d0adacba410b,2026-05-01T07:18:45.607685,Gonçalves,Nascimento do Campo,1.29,CANCELLED,VAN,44
0dca7bed-4148-4301-a8d6-6e24dd7935e8,2026-05-01T06:19:46.323173,Nascimento,da Costa,53.07,DELIVERED,MOTORCYCLE,75
bb01338a-4f6d-4f49-a9b3-5a9d2b7f78ae,2026-05-01T11:06:26.443015,da Mata,Câmara de Goiás,44.34,CANCELLED,AIRPLANE,25
ab8c6f9e-585d-4093-9226-7af9e1c7be33,2026-05-01T06:14:49.523344,Sá do Campo,Abreu do Amparo,94.96,DELIVERED,TRUCK,44
3f6b1f48-56b6-4ed4-a536-0f2dd05a3f7d,2026-05-01T02:40:27.033566,da Costa,Costela Verde,70.64,CANCELLED,MOTORCYCLE,54
f0ce5f3c-27b1-44e4-a030-ef33def7c39c,2026-05-01T11:19:22.517306,da Mota,da Cruz de Machado,47.13,DELAYED,TRUCK,42
67ffad76-1bd2-4541-8896-bc0c01a1262a,2026-05-01T02:00:25.727824,Jesus,Nascimento,79.83,IN_TRANSIT,AIRPLANE,92
c1421def-af83-4fb9-b7b6-9eb48a7015f1,2026-05-01T00:34:59.086216,da Cruz,Sales de Farias,12.38,DELAYED,MOTORCYCLE,53
fbbcb0ae-2a40-4ec0-95b7-cb4801fc1695,2026-05-01T07:55:55.960816,Freitas do Campo,da Luz,36.27,IN_TRANSIT,VAN,34
190c1992-d1b8-4e64-80a9-62cc9ececaf7,2026-05-01T02:22:27.283042,Ramos de Ferreira,da Paz de Pastor,47.65,CANCELLED,TRUCK,26
914330e7-20b7-4393-8f84-d67f065e25ed,2026-05-01T03:19:33.355325,da Rocha Paulista,Caldeira,91.44,DELAYED,TRUCK,82
15048927-4697-4993-aeab-611e81d468c9,2026-05-01T10:18:06.321436,Fernandes,Cunha Paulista,4.78,DELAYED,VAN,14
ac6da875-a069-44ce-b85d-106f40b6c8a4,2026-05-01T00:15:26.260962,Ramos do Norte,Melo do Oeste,85.11,IN_TRANSIT,VAN,85
978c1566-8aaa-474b-882b-2873e371abb3,2026-05-01T06:22:37.005697,da Mota do Amparo,da Costa,94.93,CANCELLED,TRUCK,83
d4500b2d-9e5f-44c0-8491-57b362f14248,2026-05-01T10:02:03.138738,Farias de Pereira,Brito de Minas,35.51,IN_TRANSIT,AIRPLANE,52
9bd5cca5-fd4c-4a3c-b8c0-b559b3930989,2026-05-01T09:38:50.730797,Pereira,Gonçalves de Almeida,66.87,DELIVERED,MOTORCYCLE,55
e6f1c678-36d3-4ac0-bf21-afbdd50f0dda,2026-05-01T09:05:10.728984,Oliveira de da Paz,Pacheco das Pedras,87.26,DELIVERED,AIRPLANE,78
e77d4258-663c-4e53-b01b-2ffc9846dcec,2026-05-01T02:50:44.866083,Moreira,Cassiano de Vieira,34.11,IN_TRANSIT,VAN,60
3bb53305-12b1-46b3-97b6-3b78c95c534a,2026-05-01T03:28:27.403478,da Costa,Fonseca,18.24,IN_TRANSIT,AIRPLANE,36
0612fc61-d3c8-45fc-bf4c-9166bf1877d3,2026-05-01T11:46:24.145383,Machado do Campo,Montenegro,3.15,CANCELLED,VAN,41
8d82f53e-af42-4a0f-8416-fef200dec29f,2026-05-01T00:59:47.157957,Pastor,Montenegro,56.29,DELAYED,MOTORCYCLE,58
35ae0b92-0737-4a0d-8716-c06751ec3cc5,2026-05-01T10:26:57.168751,Sá,Vasconcelos,54.78,DELAYED,MOTORCYCLE,91
d6923376-c4ee-4452-97a0-866c65895a66,2026-05-01T00:58:07.318125,Oliveira,Freitas das Flores,87.42,DELAYED,MOTORCYCLE,68
b3defa67-ceba-4639-bf81-b5a337deba01,2026-05-01T05:13:12.805316,da Cunha,Novaes de Ribeiro,43.23,CANCELLED,VAN,23
d844121d-7ca9-4cd0-ae30-749d75f83c29,2026-05-01T02:56:56.735419,Almeida,Caldeira Grande,91.41,DELIVERED,MOTORCYCLE,94
30083f53-0a19-4584-9ac6-5f0b62cad2be,2026-05-01T01:17:17.461026,Rezende da Mata,da Conceição,81.52,DELAYED,VAN,111
4ea1f5e1-8e2b-4251-9190-f09005035475,2026-05-01T07:23:06.403721,Pinto Grande,Fonseca,32.33,IN_TRANSIT,VAN,39
e26f75ba-3d18-4fd5-8be5-354ee112d72a,2026-05-01T04:23:43.056635,Melo de Minas,Fogaça Grande,58.82,DELIVERED,TRUCK,88
9f723072-457f-48b7-9bf5-4b92ea9a1c7f,2026-05-01T03:32:00.513072,Pinto de Barros,Jesus,66.14,DELIVERED,MOTORCYCLE,61
71027c76-a4db-46b8-b316-9ccc468a77a6,2026-05-01T00:52:51.716445,Silveira,Gomes das Pedras,20.97,CANCELLED,AIRPLANE,69
63a0590d-1f7b-442a-b781-233167a9a0a5,2026-05-01T04:56:24.193742,Costela dos Dourados,Peixoto,30.71,CANCELLED,TRUCK,74
1a9d1ca5-92e5-41c9-9d03-b1f097815965,2026-05-01T11:33:15.754290,Nogueira,da Luz de Minas,27.67,IN_TRANSIT,AIRPLANE,112
81e6e574-3a1c-4b33-8989-e7755668f17b,2026-05-01T09:44:53.617055,Gonçalves,Rocha de Goiás,53.39,IN_TRANSIT,VAN,63
b9543ff5-aa2a-4888-b60a-9bc4028ac4b8,2026-05-01T07:50:19.000378,da Luz,Melo de Martins,23.17,IN_TRANSIT,AIRPLANE,2
25a9a764-3c51-4b6d-8d17-89450ba9b7fa,2026-05-01T06:00:25.405479,Camargo Grande,Silveira do Campo,10.11,CANCELLED,VAN,116
6685b129-0977-4b45-ac14-4a4f1f811f81,2026-05-01T10:48:15.683631,Porto de Minas,Costela,69.34,IN_TRANSIT,VAN,12
fc0b6ae1-cb4a-4a73-b38b-fefe9bae504e,2026-05-01T04:01:33.490633,Nascimento,Garcia do Norte,99.54,DELIVERED,VAN,88
cbff9c66-f33f-4cc9-b4e6-8b64c75d902c,2026-05-01T05:23:29.225123,Novais,Abreu do Oeste,17.83,DELAYED,TRUCK,43
a101ff5f-e0a8-4fd6-8e53-88c8bb65bcb8,2026-05-01T00:25:31.429885,Leão,Almeida,76.8,IN_TRANSIT,AIRPLANE,61
ea9a1cec-dada-4d38-9c7f-d7642d4351a4,2026-05-01T00:14:19.876498,Vasconcelos Grande,Melo da Serra,33.91,DELAYED,TRUCK,74
d6da47e9-8382-41e5-a6ae-b254eaa33ed6,2026-05-01T11:04:25.766750,Siqueira,Sá de Pastor,90.97,DELAYED,AIRPLANE,103
f885bfd7-0a8e-4c52-990c-f55ea0f853f7,2026-05-01T04:55:23.515366,Caldeira do Galho,Guerra,29.25,DELIVERED,AIRPLANE,101
8e87cefc-35c4-41ac-8d64-e0d57a2507bc,2026-05-01T10:25:44.499293,Melo,Nunes,23.0,DELIVERED,VAN,55
abd2f148-79b4-4886-beb6-d99033296611,2026-05-01T03:01:33.840820,Martins das Flores,Monteiro,7.53,CANCELLED,MOTORCYCLE,40
56c4e231-5d5b-4573-8b8e-4916a5f740a2,2026-05-01T05:41:28.415932,Peixoto de Minas,Costa da Prata,92.75,DELIVERED,TRUCK,72
2faf6821-99a6-42eb-8004-6da026945883,2026-05-01T05:35:12.617133,Azevedo,da Cunha das Flores,1.2,CANCELLED,AIRPLANE,51
4694b25b-209b-4129-92f0-1e5d8ed26026,2026-05-01T09:58:06.891074,Albuquerque do Norte,da Rosa,51.07,DELAYED,MOTORCYCLE,19
29c0971b-230f-4e2b-9170-569525f3e3a8,2026-05-01T00:51:45.486191,Garcia das Pedras,Rios do Sul,40.71,CANCELLED,MOTORCYCLE,8
a7d526dd-c6cb-41d9-8a73-d38a43ca0711,2026-05-01T06:12:10.502223,Novais de Barbosa,Rodrigues de Pinto,50.58,IN_TRANSIT,VAN,1
32af99f3-cf9d-4185-9b58-c92f49c31e6e,2026-05-01T11:37:07.692895,Barros,Costa Alegre,21.29,DELAYED,MOTORCYCLE,89
cb0aa502-75c2-4b8b-82cb-338bbcac458a,2026-05-01T10:20:32.969365,Vargas,Costela,64.32,IN_TRANSIT,VAN,72
030136af-12f5-486d-96fc-699e2ee61022,2026-05-01T04:27:28.885102,Barbosa Grande,Macedo,41.14,CANCELLED,MOTORCYCLE,71
92fc89b5-a157-4ab5-97fc-5ad3b130f664,2026-05-01T00:34:16.001868,Siqueira Grande,Peixoto do Oeste,90.25,IN_TRANSIT,VAN,119
6b0cf532-d0f4-4716-a721-2b9f42e3552d,2026-05-01T02:07:59.902795,Viana,Ramos,40.76,IN_TRANSIT,TRUCK,80
fec61f68-fa3a-4ae1-9a27-ce8dc0389c70,2026-05-01T05:28:14.026595,da Conceição,Garcia,29.97,DELAYED,VAN,36
d75301a8-ab9c-49e3-9569-f702945e1d3f,2026-05-01T10:59:48.341128,da Cruz Alegre,Rodrigues de Marques,49.53,DELAYED,VAN,74
e47fd2e7-86f8-4db3-becc-f4a882699446,2026-05-01T09:26:20.014896,Cavalcanti de Goiás,Leão de Goiás,3.56,DELAYED,MOTORCYCLE,67
3d5dca1e-49b8-4180-a57d-eded63d54899,2026-05-01T10:32:23.737895,Aragão do Amparo,Cirino Verde,63.93,DELAYED,AIRPLANE,30
18bf7daf-e8ea-42e8-b4b4-9327e9446bfe,2026-05-01T03:46:11.695798,Gonçalves,da Costa,25.39,CANCELLED,AIRPLANE,115
daf47406-28dd-4585-b723-d460da1433c0,2026-05-01T12:16:02.917576,Souza,Guerra do Campo,33.47,IN_TRANSIT,MOTORCYCLE,100
17ca53fa-c439-4ce0-a177-0f6501e1fa8a,2026-05-01T10:17:06.358650,Novais da Prata,da Luz das Pedras,0.5,CANCELLED,VAN,55
97f32ae0-9a8b-448f-8321-5679f2a6534e,2026-05-01T02:55:44.661768,Duarte dos Dourados,Silva das Pedras,30.75,CANCELLED,VAN,102
28c81811-c873-49ff-88f3-8d761007a733,2026-05-01T07:41:10.262277,Martins de Goiás,da Cruz do Oeste,4.04,IN_TRANSIT,MOTORCYCLE,75
4d8c7f07-96d9-49b8-8ed5-13d709fa3e74,2026-05-01T00:09:24.015292,Novais das Flores,Cassiano do Sul,26.6,DELIVERED,TRUCK,94
40063b5a-c4cd-4b91-b0e7-e0083aa4b4f2,2026-05-01T03:55:44.156219,Cavalcanti de Monteiro,Moreira,0.36,CANCELLED,TRUCK,88
e905da22-ce11-4d09-95c3-7f4ea2d339dc,2026-05-01T06:11:34.370419,Gonçalves de Goiás,Viana dos Dourados,19.5,DELIVERED,MOTORCYCLE,24
be14726b-f1d5-44d5-b8cd-18e8d6fb091d,2026-05-01T10:23:33.092571,da Luz,das Neves Grande,60.25,IN_TRANSIT,MOTORCYCLE,13
e3a532e8-c6d2-4feb-8b5d-d17cb6284f97,2026-05-01T05:04:27.398267,Nogueira do Norte,Silveira Alegre,58.48,DELIVERED,VAN,73
9c839484-325d-45e0-bab2-bb39cffd04cc,2026-05-01T10:58:45.360451,Albuquerque do Norte,Silveira Verde,82.79,DELIVERED,AIRPLANE,76
97121685-9e82-4323-aafb-3ca35ef2a64c,2026-05-01T03:05:34.603252,Barros do Amparo,da Cunha de Pires,65.49,CANCELLED,AIRPLANE,6
b1d1d22f-63b0-42a0-a3d4-7414230b0ae1,2026-05-01T04:23:48.771408,Barbosa,Cavalcante do Oeste,26.0,CANCELLED,TRUCK,15
10ffc1e6-0b59-4ed2-abac-db1f6fc97275,2026-05-01T10:38:31.227934,Cardoso dos Dourados,Mendonça da Serra,66.09,CANCELLED,AIRPLANE,109
7848e4f9-d917-4e75-9a74-bf42da136ca6,2026-05-01T03:26:21.182017,Ramos,Leão,7.47,DELIVERED,TRUCK,27
2a38c3e5-1745-47ea-bb35-b5e60ad82bb3,2026-05-01T06:44:38.529471,Farias,Correia do Galho,44.81,DELIVERED,VAN,35
b43b3a72-d84a-4222-8be0-b01d4bbb6f38,2026-05-01T01:29:47.681439,Pastor,Moura,45.66,DELIVERED,TRUCK,71
4becbbf8-7bbc-4ca1-ad2d-bd014a723bca,2026-05-01T03:02:29.813802,Rocha da Mata,Andrade,72.48,IN_TRANSIT,AIRPLANE,84
bc61b300-7a0a-4120-a4d2-c1d897c48976,2026-05-01T03:45:08.919552,Moreira,Moura,47.5,DELAYED,VAN,91
3b31ec94-a903-4159-a6cb-f63349a1c18b,2026-05-01T04:42:55.780886,Camargo,Cirino,71.34,CANCELLED,VAN,82
f73321f2-1b0b-4c1c-bbd9-485b79d36f30,2026-05-01T00:55:59.501280,Freitas,Pacheco Grande,5.85,IN_TRANSIT,TRUCK,29
a4c5e947-a309-4baf-b4ec-2eaa378dd9f2,2026-05-01T11:45:18.198421,Fogaça Alegre,das Neves,24.77,IN_TRANSIT,MOTORCYCLE,102
cd0c9ff7-47e1-4262-8f8a-0b726a5c8d01,2026-05-01T09:30:55.059166,Garcia dos Dourados,Carvalho de Porto,91.29,DELAYED,MOTORCYCLE,6
ac939965-9886-4736-9902-0fc1b36a4208,2026-05-01T04:27:29.192102,Pereira,Azevedo,34.78,DELAYED,TRUCK,12
a9e7a0d6-3612-403a-a919-0c68a1343a09,2026-05-01T03:51:22.653658,Freitas das Pedras,Castro do Galho,45.71,IN_TRANSIT,AIRPLANE,97
768787ab-c891-4f6f-b6ff-a18a387fb913,2026-05-01T08:36:18.960461,Fonseca Grande,Nunes,28.5,DELAYED,TRUCK,46
6f62ebbf-a79c-462a-9c09-0bf251908cc3,2026-05-01T06:25:06.492999,Cunha de Minas,Campos,69.19,DELIVERED,VAN,114
a5f58d1d-e5a6-49c6-adbf-a8c095e2664e,2026-05-01T02:19:49.640805,Aparecida,Correia,30.5,CANCELLED,TRUCK,27
f7728f88-e7d2-4b1e-ad01-509374ef7e07,2026-05-01T03:59:21.485591,Alves das Flores,Novaes,67.68,IN_TRANSIT,AIRPLANE,120
3c1d5fa6-f8f3-419c-a4c2-8a3f4e1ef181,2026-05-01T01:55:33.849582,da Mota Alegre,Ribeiro das Flores,28.84,IN_TRANSIT,MOTORCYCLE,114
17d92f05-ee28-401f-8a4c-9ea3eed1f727,2026-05-01T01:10:03.795218,Lima dos Dourados,Mendonça do Campo,69.4,DELAYED,VAN,115
b2900dea-bc15-4f62-809a-dc5af1d10c6d,2026-05-01T03:54:12.266675,Peixoto,Rios,78.28,DELIVERED,AIRPLANE,109
ab004991-d9da-413d-9385-f3193a254398,2026-05-01T04:55:52.383118,Rios das Flores,Fernandes,4.79,DELIVERED,TRUCK,98
acd99038-4df8-4714-a133-f352354a6b31,2026-05-01T03:22:37.324522,Leão,Souza de Fogaça,62.66,IN_TRANSIT,AIRPLANE,62
0f97dbfd-badc-4a3b-aa23-7eef2a7e6aed,2026-05-01T07:31:24.142450,Freitas,Cardoso de Novaes,16.75,CANCELLED,VAN,17
e0b45e8f-1fb5-4292-9170-ce25bc966de7,2026-05-01T07:33:24.022902,Alves,Moraes de Câmara,50.76,IN_TRANSIT,VAN,33
d872ca36-a189-4d17-8117-a98c1f8a3b6f,2026-05-01T08:21:27.191835,Cunha,Vasconcelos,35.57,DELIVERED,VAN,116
fe11c065-77c0-4777-875d-46d7e338f9cc,2026-05-01T02:53:09.309226,Viana de Pinto,Viana,74.15,DELAYED,AIRPLANE,28
61be3faf-8056-4b27-87e1-721af034026a,2026-05-01T06:18:54.829621,Mendonça das Pedras,Cirino da Praia,63.49,IN_TRANSIT,VAN,0
c65b8b9c-2206-492e-a9d3-533ce0d61e93,2026-05-01T06:28:39.576876,Pereira de Macedo,Freitas,58.79,CANCELLED,MOTORCYCLE,33
e111d22e-905a-4b06-979a-48081c86bbef,2026-05-01T10:48:21.977326,Nascimento,Barbosa,49.63,DELIVERED,TRUCK,107
840f35c3-7e25-44d6-a7b9-f656b6ec7322,2026-05-01T01:46:14.378411,Sá Alegre,Fonseca,43.84,IN_TRANSIT,TRUCK,70
bd6b24a3-5066-4564-8eb2-90256f7dfa40,2026-05-01T00:01:48.861748,Moraes de Goiás,Sales,31.95,DELIVERED,VAN,84
be673cec-2b0e-4110-bc4b-5e85abb42042,2026-05-01T11:02:47.848688,Castro do Oeste,da Mota,28.99,DELAYED,MOTORCYCLE,38
e5d1e7a1-b99a-4de4-ba31-dc10d072af14,2026-05-01T04:09:58.614192,Silva,Cirino,68.74,IN_TRANSIT,MOTORCYCLE,70
a50257ed-a9bf-4bc9-ab7c-6b917340a4d4,2026-05-01T03:14:31.921774,Viana,Fernandes da Prata,51.03,IN_TRANSIT,AIRPLANE,95
9bec0a90-28ec-4614-8673-b3bb49d9110c,2026-05-01T00:14:11.039377,Araújo Alegre,Lopes,75.47,DELIVERED,AIRPLANE,7
3d5bbcb0-809a-4874-a435-fada9c81fd47,2026-05-01T07:12:59.623035,Cavalcante Grande,Casa Grande de Minas,17.28,IN_TRANSIT,AIRPLANE,78
833e340a-6290-4d1e-b790-e37137862d7e,2026-05-01T03:52:57.990778,Santos,Carvalho de Aparecida,88.8,DELAYED,AIRPLANE,35
8de6a6f3-6c23-49ab-aea0-589891c99283,2026-05-01T09:34:12.108284,Costa da Mata,Pimenta Verde,73.18,IN_TRANSIT,VAN,89
bd474d87-2b90-4c55-91db-140bc488aa0d,2026-05-01T02:44:47.922717,Brito,Teixeira de Silva,21.71,DELIVERED,TRUCK,120
71da77d3-1e36-4223-9683-1e664ac91521,2026-05-01T04:52:52.863669,Garcia do Norte,Abreu do Norte,21.48,DELIVERED,MOTORCYCLE,20
c46cb8a9-143e-45eb-8266-9c6dec36d481,2026-05-01T02:54:11.193805,Guerra,Gomes,22.6,CANCELLED,MOTORCYCLE,113
a8c56446-feb2-4e72-97a0-053201d78065,2026-05-01T03:36:02.251792,Pinto,Vargas de Machado,43.1,IN_TRANSIT,VAN,108
920dbcc2-8d35-4574-af90-4bfaf6538118,2026-05-01T01:22:44.979414,Monteiro do Sul,Leão da Prata,24.09,CANCELLED,AIRPLANE,17
051f9015-8fc3-4d11-8f0d-7ace868079e2,2026-05-01T09:27:22.820557,Vargas,Rodrigues de Goiás,96.7,DELIVERED,TRUCK,86
6db5845e-c454-4135-b688-520706417570,2026-05-01T11:14:32.123930,da Cruz do Campo,Correia,86.97,CANCELLED,VAN,119
04995ef4-5ec6-4033-a2e7-d3d2eedf0e6c,2026-05-01T03:49:57.432793,Duarte Paulista,Gomes do Oeste,11.22,CANCELLED,VAN,18
b710c4b7-4b05-4dd8-8e3d-a785480656e5,2026-05-01T09:06:02.011022,Andrade de Gomes,Caldeira,90.07,DELAYED,TRUCK,58
5bd63c13-d30b-4d43-8493-df1be4269a27,2026-05-01T02:38:48.105604,Pimenta,da Paz,31.35,DELAYED,TRUCK,109
df17e92d-e670-4704-8f85-449cedadee25,2026-05-01T03:00:04.334149,Ramos do Amparo,Fonseca Alegre,97.6,IN_TRANSIT,VAN,24
f2b18e95-3416-4f77-a84c-d7d70806daaf,2026-05-01T03:02:41.781275,Silva de Fogaça,da Conceição da Prata,79.57,DELAYED,MOTORCYCLE,0
74e271aa-8957-40fb-8d3d-5edaa704b08b,2026-05-01T07:17:14.015232,da Mota das Flores,Duarte do Norte,78.2,IN_TRANSIT,MOTORCYCLE,72
66ff3a91-d76b-4818-8d3c-d3cb5e6e79a6,2026-05-01T12:01:19.501065,Cassiano do Sul,Montenegro,35.98,IN_TRANSIT,VAN,68
c2ea0eb9-1439-41a4-9c22-402510c9b403,2026-05-01T01:02:04.428507,Almeida da Praia,Pereira de Moraes,96.54,IN_TRANSIT,AIRPLANE,17
8898ea87-e4b0-4b04-aa52-222db5395428,2026-05-01T02:54:12.065215,Farias,da Conceição,30.86,IN_TRANSIT,AIRPLANE,59
269776e6-f01d-49c4-a3a4-6de6bd22779e,2026-05-01T11:36:13.957402,Mendonça,Cassiano,98.11,CANCELLED,VAN,50
c238d20a-a8b7-45e7-8179-43e59c79c706,2026-05-01T08:20:15.497531,Aragão,Cavalcante,28.52,DELIVERED,AIRPLANE,72
7747f17b-927c-4d2e-a18f-48453b5868d5,2026-05-01T09:45:45.488197,da Paz do Campo,da Rosa dos Dourados,31.67,DELAYED,VAN,114
35f893fc-96d2-461b-bb40-cba5de420f6c,2026-05-01T09:29:32.531553,Nogueira das Flores,Farias,17.41,IN_TRANSIT,AIRPLANE,63
b46f2f30-4625-4275-af5a-d5237ac1f812,2026-05-01T12:04:03.430707,da Mota,da Costa,47.65,CANCELLED,AIRPLANE,62
797c92bb-f5a5-4c34-8f64-143365b773fe,2026-05-01T02:37:36.729935,Campos Paulista,Rocha da Mata,72.86,IN_TRANSIT,VAN,66
a4f1b215-c00d-4bcd-a6f2-91865ad7cf9f,2026-05-01T02:56:13.148344,Sales,Lima,49.5,CANCELLED,TRUCK,47
4cb93de0-f572-408b-9b2a-565e31c6761e,2026-05-01T10:15:13.120597,Oliveira,Alves da Serra,79.02,DELAYED,VAN,61
6d09255c-2198-4bdd-ac4c-3d469717271d,2026-05-01T09:29:48.069491,Peixoto do Sul,da Cunha,73.42,IN_TRANSIT,VAN,66
48831dbd-1312-4bd0-90c5-ad15576c73f8,2026-05-01T04:56:18.033445,Ribeiro,Siqueira,98.23,DELAYED,TRUCK,50
a7b94f8c-3858-4cc3-8907-cfd2760c1990,2026-05-01T00:59:30.022108,Rios,Campos,93.62,IN_TRANSIT,VAN,46
494ea934-cb6e-4967-b1ec-6db2b8d3d807,2026-05-01T01:52:25.923885,Azevedo Grande,Casa Grande Verde,9.37,DELAYED,MOTORCYCLE,19
37a9c16e-260f-4e0a-8491-e0a90527cf04,2026-05-01T07:31:24.424170,da Mata de Minas,da Rosa,34.59,DELIVERED,AIRPLANE,31
7a5ceaa2-026f-4dfa-99b5-d7615e71316e,2026-05-01T00:33:46.870901,Duarte das Pedras,Ferreira,60.57,DELIVERED,VAN,67
f24b7c15-7dcf-4a90-9bc6-0066d6769abb,2026-05-01T05:40:25.426225,Brito,Nunes,55.14,CANCELLED,MOTORCYCLE,21
dc232940-1eec-4fee-a427-c3ca7178e6c3,2026-05-01T05:40:49.142882,Aragão Paulista,da Cunha do Oeste,97.16,CANCELLED,MOTORCYCLE,54
bb5fdcc4-f9a8-464e-8a3e-8d0e5acab013,2026-05-01T09:00:32.609087,Duarte do Oeste,Barros,51.75,CANCELLED,MOTORCYCLE,105
6337d12d-5f38-46b9-b34f-f8ce8305512e,2026-05-01T03:00:19.438389,Abreu Paulista,Freitas dos Dourados,3.7,CANCELLED,TRUCK,109
8e764b41-f34f-4039-9eb1-1e7f2e2d9094,2026-05-01T09:03:54.262019,Rezende,Pacheco de Macedo,75.22,IN_TRANSIT,MOTORCYCLE,87
8ef65816-524b-4a8c-9aad-1ca0dd299900,2026-05-01T03:35:58.632676,Barbosa do Galho,Teixeira,18.88,IN_TRANSIT,MOTORCYCLE,9
efb83cd8-f961-462c-9442-b9e40fbee966,2026-05-01T06:15:39.669223,Vargas,Marques,91.5,DELIVERED,TRUCK,103
21e09fc1-0a2d-4a58-aa43-6bf9ae1592e8,2026-05-01T08:52:56.006331,Casa Grande das Flores,Vieira da Prata,82.33,DELIVERED,MOTORCYCLE,76
00e43d99-0bc5-4259-ab92-8d2cc2a50a26,2026-05-01T06:49:00.654507,Castro de Borges,Sá,12.62,DELAYED,VAN,64
1854de3b-7c58-4495-b84b-a060333dd2d6,2026-05-01T06:28:35.727854,Aragão de Abreu,Garcia,30.07,CANCELLED,TRUCK,32
34eba9f0-5f50-4a74-8d8a-2fd01e092e2b,2026-05-01T12:12:08.441923,Fernandes,da Luz,96.62,DELAYED,TRUCK,44
422e7d2e-41ba-4462-95ad-fe95a9c63d07,2026-05-01T02:32:41.727987,da Cruz,Montenegro Verde,68.45,DELAYED,MOTORCYCLE,45
15c1a6c3-2b15-4edd-b1bb-fb31797af8a1,2026-05-01T12:13:47.937213,da Rocha do Galho,Viana de Minas,31.86,DELIVERED,MOTORCYCLE,36
fa1ea59b-9597-4d8d-aab7-3e143751c6f9,2026-05-01T01:00:21.868076,Abreu de Câmara,Siqueira,90.9,DELAYED,TRUCK,111
41e3e7f3-d945-4a8f-bc3d-fa21a535f8b5,2026-05-01T09:58:45.494988,das Neves do Oeste,Melo Alegre,97.91,DELAYED,TRUCK,117
e0ad0c3a-661a-4dcd-a734-ae20de174765,2026-05-01T03:21:26.755193,Teixeira,Teixeira,27.16,DELIVERED,TRUCK,87
5d1a657a-7317-4166-b576-f6419e2cd8f0,2026-05-01T01:32:24.447832,Gomes das Pedras,Monteiro do Sul,41.57,CANCELLED,MOTORCYCLE,43
6e214431-4ee4-4c72-a8cb-0a6f15c2dcb2,2026-05-01T05:55:31.628551,da Luz de Goiás,Vieira de Melo,45.88,CANCELLED,AIRPLANE,118
1aeada6d-5070-40b9-b2bd-6dfc9fa03121,2026-05-01T04:29:15.507180,Silva de Ferreira,Campos de Brito,80.97,DELAYED,TRUCK,72
267786c2-fa7b-4b3a-8584-93ac05770e5a,2026-05-01T07:49:31.757761,Cardoso,Vasconcelos de Santos,18.31,IN_TRANSIT,MOTORCYCLE,37
23edec4c-9ffb-4a04-ab9c-e44e113fbe95,2026-05-01T12:21:55.617400,Marques de Cavalcante,Sousa do Amparo,8.45,DELAYED,MOTORCYCLE,53
b912e5ed-026e-45ed-8e16-b2f0efbb9baa,2026-05-01T03:02:11.644366,Leão Verde,Carvalho,76.89,DELAYED,MOTORCYCLE,68
ec567573-cbe4-4ed6-bde6-5a62e733993e,2026-05-01T09:41:26.016936,Almeida de Costa,Pires dos Dourados,72.63,CANCELLED,VAN,61
f3a0317d-83e7-4c60-bc87-6c9a49bf05a0,2026-05-01T06:16:38.911934,Pires Grande,Rios,64.64,CANCELLED,TRUCK,39
8e0b1b81-ff7d-4c17-afc1-94a0a756b633,2026-05-01T06:35:43.672980,Alves da Praia,Silveira do Norte,32.42,DELIVERED,AIRPLANE,107
f1792023-5d33-45e4-b931-682ce0c71acf,2026-05-01T09:18:16.285042,Correia,Abreu de Novaes,87.14,CANCELLED,VAN,117
f3f7f4b2-f35d-4c3a-be4b-c8c15ef74432,2026-05-01T04:41:57.731851,Araújo,Nunes,99.53,DELAYED,VAN,102
a33d0633-9b6b-4592-bb58-8fb7d646398d,2026-05-01T01:14:39.949413,Campos de Goiás,Pastor,20.79,DELAYED,VAN,101
dc1cc7ae-f1e2-4ac3-bd2b-9003eda53e2f,2026-05-01T11:33:11.769258,Fonseca das Flores,Lima de da Rosa,34.08,IN_TRANSIT,AIRPLANE,69
8c77f4c8-30a7-4434-9112-7a3122a351a1,2026-05-01T09:55:28.375451,Andrade de Aparecida,Teixeira de Goiás,26.56,IN_TRANSIT,MOTORCYCLE,1
ebf68265-2e36-4d92-9e06-70fad5d1a8c1,2026-05-01T01:22:49.770210,Peixoto,Macedo,92.19,DELIVERED,MOTORCYCLE,48
14e2f985-21d4-4f0c-a92b-46f9c260a954,2026-05-01T06:52:19.501027,Silveira Grande,Correia,10.08,IN_TRANSIT,MOTORCYCLE,20
0c6633bf-443c-4c6c-a007-ea303c21276b,2026-05-01T09:42:59.905735,Sales,da Cunha,83.61,DELAYED,TRUCK,93
2759bb38-3ea0-4704-9c01-e002fbc2787c,2026-05-01T05:46:08.776594,Sousa,da Luz de Teixeira,94.46,IN_TRANSIT,MOTORCYCLE,86
791395ba-fd04-4629-9665-899dcbda6875,2026-05-01T11:32:31.261297,Porto do Amparo,Brito,84.9,CANCELLED,TRUCK,1
7e828c28-66b1-4d47-bc49-3be750ead590,2026-05-01T00:49:12.184721,Andrade das Flores,Guerra das Flores,12.14,DELAYED,TRUCK,46
504eb1b3-19b2-4944-aeff-869775d1e3d2,2026-05-01T10:11:38.959259,da Conceição de Goiás,Vasconcelos,67.75,DELIVERED,VAN,0
7b4ada5d-cfb6-45ca-a766-c028fd19b75a,2026-05-01T05:23:15.097894,Cunha do Oeste,Costela de Pinto,3.47,DELIVERED,MOTORCYCLE,80
44d37b3a-ac19-489b-9afe-007825eb02fe,2026-05-01T10:56:13.383031,da Conceição Verde,da Costa,12.77,DELIVERED,AIRPLANE,20
e797a3c7-0e8f-4951-9fdb-109dedc6bb71,2026-05-01T09:44:09.113444,Vasconcelos,Rodrigues do Campo,60.21,CANCELLED,VAN,50
bced6bb8-ef17-4454-960f-09a8b9630888,2026-05-01T10:03:45.454575,Rocha,Porto da Prata,22.62,DELAYED,TRUCK,48
9907da40-ba65-4582-a72d-100ae33deb46,2026-05-01T08:37:36.130870,Pacheco,Machado,90.78,DELAYED,TRUCK,40
2ee0f3c9-f163-4130-907f-ee5b64a084c7,2026-05-01T11:27:36.439503,Barros,Cassiano da Prata,64.74,IN_TRANSIT,VAN,96
89c49c49-12c2-4951-95cf-c5f198d79e87,2026-05-01T10:07:24.485405,Correia,Aparecida,11.94,IN_TRANSIT,MOTORCYCLE,9
7dc0b2ba-d519-416a-9fe3-383240e7531f,2026-05-01T05:49:17.173229,Lopes,Mendes,82.59,IN_TRANSIT,AIRPLANE,0
92783eab-011f-4155-92d2-3bbc83a99060,2026-05-01T00:08:11.277722,Lima da Mata,Peixoto,48.16,IN_TRANSIT,VAN,90
12787ac6-0614-4e48-9c21-4aa2f814eb00,2026-05-01T10:30:38.899922,Monteiro da Praia,Leão,35.55,CANCELLED,TRUCK,120
1e294442-1351-4c1a-8618-be948c3f0e80,2026-05-01T10:51:56.115915,Fonseca do Amparo,Casa Grande,54.14,IN_TRANSIT,TRUCK,73
5ca7aa7f-5b74-4e43-99c1-e94619a43501,2026-05-01T00:13:30.398741,Sales da Prata,da Mota da Mata,86.72,DELIVERED,AIRPLANE,39
088fb368-d8a8-4cb6-9b1b-209af9b56b3d,2026-05-01T09:37:10.099786,Cunha,da Cruz de Goiás,6.96,CANCELLED,TRUCK,40
1de7819f-e991-4fb2-ae40-23dd7152f376,2026-05-01T01:34:20.590346,Monteiro,Farias,94.34,CANCELLED,TRUCK,116
0163f08e-b096-41d0-a2bd-1da9da8358cd,2026-05-01T02:04:26.758221,Câmara Verde,Aragão de Goiás,93.61,DELAYED,TRUCK,22
c5edc635-1fcd-4ac9-b4e5-a361008cf4e0,2026-05-01T04:30:01.031578,Fernandes,Cassiano do Sul,7.69,DELAYED,AIRPLANE,2
c10f9200-4a1f-461b-b324-a1cbaa4ffadd,2026-05-01T09:04:01.596483,Pereira de da Rosa,Camargo Paulista,14.98,DELIVERED,AIRPLANE,3
5b7d8d48-9abc-4f00-9ed9-bef41d06823c,2026-05-01T09:13:45.791057,Santos,Camargo,95.29,DELAYED,VAN,10
614b087b-1a07-4d91-99aa-9f36e0f602da,2026-05-01T01:41:30.234555,Leão do Campo,Pires,4.96,DELAYED,VAN,72
f52ae012-75d6-4113-a3ff-5e399619c665,2026-05-01T03:58:18.709910,Aparecida,Casa Grande,95.67,DELAYED,AIRPLANE,99
97942385-4535-48ec-90e4-d50681c0297f,2026-05-01T01:58:41.235788,Lopes,Ferreira,78.28,CANCELLED,MOTORCYCLE,38
36409ea6-3ad7-4f82-a6c2-c95b4e0e6b73,2026-05-01T07:37:43.733986,Pires,Fonseca,95.53,CANCELLED,VAN,14
d8b228bc-1460-48af-a464-75b42dde8f34,2026-05-01T03:18:40.828077,Almeida da Mata,Costa de Montenegro,28.02,DELIVERED,TRUCK,39
c8191fea-8628-48f0-887b-00507ba705c0,2026-05-01T07:40:15.976555,Mendes,Pereira,88.0,CANCELLED,MOTORCYCLE,59
7a9935fc-4d50-429f-b9bb-d4c9f536f60b,2026-05-01T11:22:23.980214,Pacheco,Moraes de Pereira,9.38,DELAYED,MOTORCYCLE,111
c055e701-ebcb-420a-bf4f-f0d8f8a10a9b,2026-05-01T04:08:41.718714,Sampaio,Mendes,15.05,CANCELLED,VAN,21
388cc249-f969-40b0-9595-f3e427e7e029,2026-05-01T02:10:34.525788,Pastor do Norte,Montenegro,9.59,DELIVERED,TRUCK,71
f569ca57-d4a9-4b53-a912-8cb8cbf6d355,2026-05-01T04:25:58.308450,Camargo,Ribeiro das Flores,60.19,IN_TRANSIT,TRUCK,115
86610ad9-2f9f-455c-996c-08e93eadcd30,2026-05-01T05:23:14.742250,Dias,Cardoso,50.76,DELAYED,AIRPLANE,86
d51a9007-c3c6-4d33-a5f3-409d1d4f49a0,2026-05-01T10:10:31.265041,Guerra,Carvalho dos Dourados,84.01,DELIVERED,AIRPLANE,10
dc2d144e-1715-4dc9-80d4-69f8bd68d052,2026-05-01T07:37:39.975109,Moraes das Flores,Rezende,34.45,CANCELLED,AIRPLANE,92
62bf6fce-f8db-459e-8871-d087559eb9df,2026-05-01T00:33:50.882961,Oliveira de Goiás,Oliveira,91.16,CANCELLED,TRUCK,35
648f323b-dc00-4df5-89f9-85afc2108db7,2026-05-01T02:07:05.636890,Cassiano,Macedo,7.9,CANCELLED,TRUCK,17
cd91241d-81e6-444a-80e0-c77680cd81fe,2026-05-01T04:16:29.878837,Correia de Nascimento,Dias de Caldeira,52.0,DELAYED,VAN,69
7c312d05-2b9f-407d-89a4-a42c2b7c92a3,2026-05-01T00:38:03.337506,Rocha,Casa Grande Paulista,54.22,CANCELLED,AIRPLANE,83
52712554-b79a-4264-a77b-f67b802e5380,2026-05-01T11:38:48.116810,Mendonça do Norte,Barros de da Rosa,5.89,IN_TRANSIT,TRUCK,107
62e93abd-14b0-41dd-aaa4-92269eba3e91,2026-05-01T08:44:15.781700,Almeida Paulista,Lima de Mendonça,53.03,DELAYED,TRUCK,57
b939e406-c39a-438d-8972-5bbbe4459ba1,2026-05-01T07:01:06.183388,Araújo de Andrade,da Conceição de Cavalcante,16.16,DELAYED,VAN,18
24df2c81-044d-4055-9552-523a15132c1c,2026-05-01T05:28:42.840517,da Rocha das Flores,Pires da Praia,16.51,IN_TRANSIT,AIRPLANE,39
fbe955f1-f6d5-44cf-b27b-f64a6741bc01,2026-05-01T01:58:36.522813,Nascimento,Almeida Alegre,82.75,IN_TRANSIT,VAN,48
c46ce2e1-719d-4320-b635-a2c8cc258262,2026-05-01T01:14:30.177031,Siqueira dos Dourados,Almeida de Correia,65.03,DELAYED,VAN,86
2517e6cc-9b7b-44c3-916b-bd1058c9d88d,2026-05-01T07:45:12.607158,Abreu do Campo,Teixeira,39.25,DELIVERED,MOTORCYCLE,92
43e1cf8c-a44f-4093-be86-83e3b4ff7178,2026-05-01T08:18:14.351087,Duarte dos Dourados,da Rosa dos Dourados,37.8,IN_TRANSIT,AIRPLANE,98
8a2fd94d-791f-4022-ac40-48b5b759d9bf,2026-05-01T11:00:37.920215,Caldeira,Cassiano,74.44,DELIVERED,VAN,39
b245716b-bcc5-412e-b5cc-109887700f1a,2026-05-01T01:10:30.331123,Melo do Galho,Ramos da Serra,94.59,IN_TRANSIT,MOTORCYCLE,21
22c2788f-8727-48e4-b581-7577e17e5671,2026-05-01T07:58:38.275776,Nunes,Novais,24.25,IN_TRANSIT,TRUCK,60
0a1ff9d3-8f5e-4c6c-9536-08e7e1c78777,2026-05-01T03:33:44.856462,Rodrigues de da Luz,Cunha de Goiás,5.9,DELIVERED,VAN,9
54c0922a-bfcf-46cb-bfbd-967a30cd13ed,2026-05-01T10:24:02.748841,Jesus,Pinto da Praia,61.61,DELIVERED,VAN,64
9a8e442c-f557-4702-8889-3406ec5c5d83,2026-05-01T08:38:44.560152,Rocha Paulista,Andrade de da Cunha,69.91,DELAYED,VAN,64
a6530f19-b68c-44a3-ae47-d2226b4794a0,2026-05-01T05:09:45.724036,Mendonça,Nascimento de Pereira,76.89,DELIVERED,TRUCK,60
cfdeb5e1-86ff-43ba-8053-ebb1ba06d0de,2026-05-01T08:36:14.096941,Fogaça,Teixeira,86.24,CANCELLED,VAN,14
23b3a06e-206b-4e4e-bb2b-4ef112faec1d,2026-05-01T04:34:07.293297,Sampaio de Leão,Araújo do Galho,0.58,CANCELLED,VAN,81
a66ea100-7d1f-4198-be15-aeb9bdc0ade4,2026-05-01T02:11:11.383173,da Paz do Norte,da Conceição,6.26,DELAYED,AIRPLANE,100
50c39acf-88ea-4e74-a339-3a8c326ac3cc,2026-05-01T11:20:59.088387,Caldeira de Goiás,Guerra,23.25,DELAYED,MOTORCYCLE,81
fcee4034-e3ef-403e-8fb3-12263b39474b,2026-05-01T01:07:23.536828,Nunes da Mata,Azevedo Verde,3.01,IN_TRANSIT,MOTORCYCLE,68
b42c6494-f79a-4faf-bbd0-349224f330ee,2026-05-01T04:44:41.381271,Aragão,Machado da Praia,22.88,CANCELLED,VAN,119
66063e77-33fa-464d-9876-fe8d2b960e04,2026-05-01T07:50:18.273293,Rezende,Moraes,21.66,IN_TRANSIT,MOTORCYCLE,18
8cf79909-c44a-4b56-9489-a9e3a2bfdc80,2026-05-01T08:10:41.897096,Monteiro,Nogueira do Sul,22.77,DELIVERED,AIRPLANE,36
4709ac0f-91a1-4a2d-8797-ce32d5cd5e0e,2026-05-01T02:48:43.811836,Jesus do Campo,Novaes,35.42,IN_TRANSIT,MOTORCYCLE,28
fc7ffe6a-20c0-461f-934e-4b5552c3f337,2026-05-01T10:30:29.324251,Cassiano do Oeste,Correia,16.07,IN_TRANSIT,TRUCK,50
b437cd63-236b-4fb6-870d-ed2fc27cc520,2026-05-01T01:13:35.143230,Almeida,Abreu dos Dourados,32.91,CANCELLED,TRUCK,51
3c8c8d9f-13a0-4c1f-a0ce-dde583e7b4e6,2026-05-01T03:55:55.928934,Albuquerque,da Costa do Campo,50.68,DELIVERED,MOTORCYCLE,41
ef2c54dc-f1ea-4154-84c0-87df1ceb50cb,2026-05-01T06:32:55.641227,Silveira,Nascimento,3.89,IN_TRANSIT,VAN,11
c5af5815-cbae-4f05-9e6f-70ac28433f00,2026-05-01T06:16:16.120738,Castro de Goiás,Almeida de Souza,62.94,CANCELLED,VAN,53
8993d69a-c205-43a9-bd7f-528a6caf5e61,2026-05-01T06:09:05.365608,da Conceição,Gomes,96.14,DELAYED,MOTORCYCLE,76
bd496f7f-06e5-4e6c-978e-305fcee39707,2026-05-01T00:27:21.529086,Abreu,Novaes de Sales,21.01,IN_TRANSIT,AIRPLANE,11
c9a7de2c-3ef7-41ed-a033-5ffa944b8abf,2026-05-01T00:48:04.443445,Martins do Amparo,da Cruz Verde,51.24,IN_TRANSIT,VAN,113
d75234eb-947e-402a-9e42-fa3d15b0f5a8,2026-05-01T05:42:51.523024,Cunha,Ramos das Flores,48.44,DELIVERED,MOTORCYCLE,65
3d8ee99e-d98c-419e-aeff-c5f35b641f79,2026-05-01T09:41:23.574085,Castro do Campo,Vargas de Moura,81.45,IN_TRANSIT,MOTORCYCLE,43
2ad30af3-45d0-49c5-bff0-d14a1ad1fc82,2026-05-01T12:02:19.076518,Sá do Norte,Pires do Norte,86.19,DELAYED,TRUCK,116
d3d13a6c-bba5-4187-b9c2-bbdfb3b40354,2026-05-01T01:14:50.425450,Alves,Cirino,65.92,DELAYED,TRUCK,70
a8b256c7-953e-41e3-a2eb-ebd49389b2c1,2026-05-01T03:19:59.374586,Lima,Almeida Alegre,86.81,DELAYED,AIRPLANE,18
4a22a7d2-c1b8-4237-a012-ccfbddc1b0f4,2026-05-01T10:39:19.496368,Rocha,Melo do Campo,23.21,DELAYED,MOTORCYCLE,110
4cc39598-c083-413b-a40e-72406783a6ec,2026-05-01T03:15:41.202074,Rodrigues,Sampaio,46.07,DELIVERED,TRUCK,57
5d9e05ea-9530-4955-9d2c-12f7167b8ca8,2026-05-01T12:12:26.117329,Pereira,Novais de Pinto,15.13,CANCELLED,MOTORCYCLE,66
647e5940-6d3c-46f2-9e5d-2d689de5ec3c,2026-05-01T03:56:44.154743,da Rosa da Serra,Guerra,74.42,IN_TRANSIT,VAN,32
3925e5c6-0e72-4a78-b3a2-20aeedaf17fe,2026-05-01T09:49:31.953387,Montenegro de Goiás,Moreira da Mata,20.47,IN_TRANSIT,MOTORCYCLE,3
8b32864e-4a5c-4f84-b068-cee8d767dcc5,2026-05-01T07:29:25.525864,Aragão,Teixeira,44.16,CANCELLED,MOTORCYCLE,32
31da62a7-038f-4fb8-8f8d-88ad5d7ced9c,2026-05-01T09:57:09.159738,Casa Grande,Dias,71.24,DELIVERED,AIRPLANE,23
625d7ce3-3ac1-4428-8842-6fd0781d252c,2026-05-01T04:14:04.965827,Freitas,da Rocha Alegre,55.76,IN_TRANSIT,MOTORCYCLE,33
330a44ef-111d-483b-9f58-31e99376f958,2026-05-01T11:38:45.519709,da Rosa Verde,Peixoto de Goiás,42.5,DELIVERED,AIRPLANE,2
d425bef8-9d39-4a6f-9576-8a8e997127e2,2026-05-01T02:35:41.776719,Rodrigues,Camargo da Mata,83.91,DELAYED,MOTORCYCLE,10
ddef8fe1-2ce0-41d2-ba89-74766c3bad8b,2026-05-01T09:34:16.362465,Teixeira das Pedras,Pacheco,33.43,DELIVERED,TRUCK,94
1cadeb12-144f-44b0-b761-57adaba9320a,2026-05-01T05:59:01.209497,Cirino da Praia,Azevedo da Mata,84.6,DELIVERED,TRUCK,29
9c491b07-9cc7-4d14-a592-4f023724f4a0,2026-05-01T04:40:16.501646,Caldeira do Norte,Silveira da Mata,49.65,DELAYED,TRUCK,104
7b7becea-abcf-4bc6-9e9c-9bb593fd2c42,2026-05-01T09:51:52.662039,Rios,Pinto de Peixoto,67.63,CANCELLED,TRUCK,101
43431788-f210-4564-bf53-09f3a703f184,2026-05-01T05:25:34.573208,Carvalho,Costela,92.53,CANCELLED,TRUCK,80
c61f7aeb-5b41-4ee9-818e-7a30af13e874,2026-05-01T05:54:00.807134,Pereira,Martins de Duarte,7.89,CANCELLED,AIRPLANE,28
e9f41857-d328-4c94-9c1e-3b0b59cbb76c,2026-05-01T03:08:11.621274,Barbosa do Campo,Gonçalves,32.87,DELIVERED,AIRPLANE,55
3dfe1492-a817-45b7-b9d5-300d4f89df10,2026-05-01T07:13:52.441792,da Paz da Mata,Castro das Pedras,90.5,DELIVERED,MOTORCYCLE,102
a8abf22a-4fa1-4464-ba23-4cd9950127c5,2026-05-01T09:33:00.971703,Câmara,Pires de Ramos,32.17,IN_TRANSIT,VAN,0
055d8ddb-0d4b-4563-a474-b38150ef44c2,2026-05-01T11:57:43.980083,Jesus da Praia,Campos,72.78,DELAYED,TRUCK,104
91ccd371-3386-4783-a897-dec47cf8c0cf,2026-05-01T07:34:27.191408,Peixoto,Rocha,59.01,IN_TRANSIT,AIRPLANE,45
0cf674aa-b05a-4915-8d6e-fbe04c99135c,2026-05-01T06:54:49.115886,Gomes,da Mata,64.57,DELIVERED,MOTORCYCLE,57
9f56f394-aaf6-4bfe-989d-774b8f02a870,2026-05-01T10:28:40.678011,Castro,Freitas,15.66,DELAYED,AIRPLANE,47
30475376-e3da-4918-a788-1a63e07c56bf,2026-05-01T03:19:43.199772,Montenegro de Minas,Oliveira Grande,36.06,DELAYED,AIRPLANE,68
7cf236ae-5029-4770-b700-ca7dbd128eb8,2026-05-01T07:29:44.015032,Leão,da Rosa,32.88,CANCELLED,VAN,0
ebf47ee6-40a3-4e1c-a724-fe313d63d922,2026-05-01T06:46:05.869139,Freitas de Santos,Nascimento Alegre,64.0,DELIVERED,VAN,12
ed149f01-eb3b-4dc2-848a-f663477f141c,2026-05-01T01:27:40.329549,Moraes,Castro de Fonseca,82.5,CANCELLED,MOTORCYCLE,59
1bf61c98-17c4-45e7-8bcb-60c9e7af0e36,2026-05-01T04:06:29.595312,Vasconcelos,Barros do Norte,30.88,IN_TRANSIT,VAN,101
bff67f62-326d-47f8-bd31-87ad0742d756,2026-05-01T11:33:55.339608,Cavalcante,Moreira,20.39,CANCELLED,VAN,23
9bf086bb-2051-4eed-95b5-7c0a991fc917,2026-05-01T08:30:00.070041,Garcia das Flores,Souza da Praia,58.5,DELIVERED,VAN,1
9d5ecccf-b62a-4012-a6f8-9a7d6e9ae366,2026-05-01T02:09:38.448018,Cavalcanti,Garcia da Serra,45.31,CANCELLED,AIRPLANE,14
aca53ee0-b44c-4851-9dde-736f5432e028,2026-05-01T02:51:39.967558,Gomes do Norte,Sampaio de Goiás,37.14,DELIVERED,TRUCK,53
85a57c54-377d-4c14-a0ab-d23e56003b4c,2026-05-01T11:54:31.523154,Garcia da Mata,da Conceição,19.26,DELIVERED,AIRPLANE,20
12d5fe8e-b4eb-4da4-a1a8-f867dab8bf79,2026-05-01T10:39:31.919968,Rios,Martins Alegre,26.69,CANCELLED,TRUCK,84
e0d46906-bd28-4b9b-9cd6-a46ce680bc51,2026-05-01T03:51:18.996858,Santos de Sá,da Mota da Mata,96.28,DELIVERED,AIRPLANE,112
92273d9d-da5b-48b0-8a32-6c9bac620bfa,2026-05-01T01:43:07.225871,Mendonça,Barros da Prata,24.48,CANCELLED,MOTORCYCLE,89
fab14466-daeb-43c0-b117-99d8cc75059d,2026-05-01T04:41:53.701574,da Mata dos Dourados,Caldeira do Oeste,30.33,CANCELLED,MOTORCYCLE,40
949c4aa5-f0d3-413c-b8da-778a5683b07a,2026-05-01T03:51:45.211511,Porto da Praia,Jesus do Sul,27.31,DELIVERED,MOTORCYCLE,78
28e0b376-155b-4f39-a6bc-2d7cd8ef37c1,2026-05-01T11:59:49.817297,Mendonça Alegre,Moraes de Caldeira,23.75,CANCELLED,VAN,102
4bf5bc8b-fbfe-4be5-9a94-8494a2d2dced,2026-05-01T03:44:25.024850,Rios,Cassiano,62.14,IN_TRANSIT,AIRPLANE,90
61513bea-b4fa-4c26-bc75-1a4ea54277fd,2026-05-01T01:15:53.356300,da Mata,Vieira do Galho,74.41,CANCELLED,AIRPLANE,66
8ee5c970-0211-4e26-b1d4-204d8c8e1905,2026-05-01T02:15:06.619118,Caldeira,das Neves do Amparo,43.0,IN_TRANSIT,VAN,2
d5207ed6-ad9c-41cf-bf65-be226cf72a75,2026-05-01T08:42:30.243645,Carvalho,Barbosa,34.48,CANCELLED,TRUCK,15
f5d9010a-999e-429f-abfc-439c1f1d7d61,2026-05-01T06:31:33.932842,Pastor Verde,Garcia,51.98,DELAYED,AIRPLANE,58
6adfa60e-f2f1-470a-a8cf-fa1085b1d433,2026-05-01T12:08:04.329987,Dias do Amparo,Montenegro Alegre,13.42,DELAYED,TRUCK,57
28634953-06fa-49fb-a23c-7b6aac839991,2026-05-01T07:14:46.404776,da Conceição de Minas,Fernandes,45.77,IN_TRANSIT,TRUCK,39
889c03ac-54a2-4869-8e9f-e1e8e7704165,2026-05-01T11:09:44.378372,Almeida de Camargo,Rios,30.31,DELAYED,AIRPLANE,11
03c6b4db-8554-4d27-bfd9-d382af8b3919,2026-05-01T12:05:18.446768,Nascimento,Borges de Moura,88.41,DELIVERED,VAN,107
4cbc0f8d-36b0-421f-b882-aa013a6b4be4,2026-05-01T02:48:37.222768,Mendes,Silva,73.16,IN_TRANSIT,AIRPLANE,110
42fb19e6-e490-4fcc-b91e-8446c2c3b508,2026-05-01T12:14:34.813410,Pimenta de Azevedo,Ferreira do Campo,16.23,DELIVERED,MOTORCYCLE,80
9b30b9ee-5f59-46ec-8634-72d3a78adf14,2026-05-01T03:37:19.612436,Rezende,Barbosa,81.0,DELIVERED,AIRPLANE,75
d90c1d22-78d6-4ac6-94ca-60fcc22fbf7a,2026-05-01T08:39:25.716604,das Neves,Monteiro,39.48,DELIVERED,AIRPLANE,87
7d83af22-783c-4fc3-8964-38ee29b4f014,2026-05-01T11:53:26.638206,Pires da Serra,Sousa,44.77,DELAYED,MOTORCYCLE,69
f1b14d68-becc-4387-a3d9-d659ddda5dda,2026-05-01T03:19:21.026160,da Mata,Casa Grande das Flores,47.19,IN_TRANSIT,AIRPLANE,104
da15ae3c-4e38-4cbf-9d82-381d3c941d48,2026-05-01T00:07:58.484505,Fernandes,Leão,11.09,CANCELLED,TRUCK,60
8b0a6a20-3565-4da6-a26f-a3b679e85f5e,2026-05-01T09:46:00.848310,Pereira,Oliveira,17.78,DELIVERED,MOTORCYCLE,46
ac88f5ce-90fc-40b2-9cf1-a6e4ffe912a6,2026-05-01T05:20:04.723826,Costa,Câmara de Araújo,59.52,CANCELLED,AIRPLANE,24
066570e5-f4fc-41ab-bab9-2aebd4a03d3b,2026-05-01T01:58:27.101429,Gomes,Peixoto,62.31,DELAYED,AIRPLANE,29
9e1ec845-cb0f-4ed4-9adb-81e70e4bc1e8,2026-05-01T04:38:39.031659,Casa Grande,Pacheco do Oeste,80.8,DELAYED,AIRPLANE,81
b2c1fbc1-49d0-405f-8efa-a060f33a0a85,2026-05-01T03:30:29.971792,Castro da Praia,Macedo da Mata,62.1,CANCELLED,AIRPLANE,94
b26ed5c2-abbb-4b0f-8c47-f22d0f68d51f,2026-05-01T09:04:05.879925,Borges do Norte,da Cunha,60.33,CANCELLED,VAN,71
70fb3cfb-9f46-41c5-a256-bd0f9760a26a,2026-05-01T10:52:19.507326,da Mota Paulista,Vargas Verde,72.51,DELIVERED,MOTORCYCLE,26
b1cec7db-728b-4696-a5e5-b184d6932d6d,2026-05-01T02:01:29.660009,Silveira,Andrade,85.58,IN_TRANSIT,MOTORCYCLE,54
8b0cdff5-3bee-4dec-b23c-781f6338b4a3,2026-05-01T08:49:51.936903,Mendes dos Dourados,Nunes,61.15,IN_TRANSIT,VAN,21
da601a62-2b6e-4633-b580-2fec59fbf59e,2026-05-01T09:52:06.815709,Cardoso do Amparo,Siqueira do Oeste,27.0,DELIVERED,VAN,104
63c355c0-9209-4fbc-abde-e02c65ae6f7a,2026-05-01T12:18:13.942316,Barbosa de Pires,da Mata,42.43,IN_TRANSIT,TRUCK,19
a2900a18-91cd-45b3-93ef-9055aa4ffa8d,2026-05-01T05:28:32.719573,Correia do Amparo,Jesus,10.22,CANCELLED,TRUCK,42
c3e1a198-da06-4d1c-97fb-d45e2d630fa6,2026-05-01T03:33:50.887039,da Rocha de Andrade,Lopes de Goiás,61.37,IN_TRANSIT,AIRPLANE,14
222b2055-8a88-4a52-ac22-8a810d300f4f,2026-05-01T09:14:03.419021,Moura,Melo do Campo,82.76,CANCELLED,MOTORCYCLE,72
e78c3513-a506-4ac5-9a81-a6b64ad442bf,2026-05-01T04:19:05.541330,Jesus de Santos,Lopes,43.86,CANCELLED,TRUCK,37
07b82534-3308-4e9b-af87-b3ed8262cd4d,2026-05-01T04:17:19.487448,Casa Grande,Oliveira,82.31,CANCELLED,MOTORCYCLE,63
1856ff9c-4475-499e-a36c-7b5019748ba5,2026-05-01T11:08:38.384505,Rezende da Serra,Freitas,66.49,DELIVERED,VAN,109
6bc715f2-8b65-476d-9c2b-baf8ea38ac4d,2026-05-01T01:15:24.764928,Guerra,Machado,27.61,IN_TRANSIT,MOTORCYCLE,25
c4deb931-3a98-4843-9d1f-b1f7f2ed5e2b,2026-05-01T11:54:06.621000,Freitas,Santos,75.93,DELIVERED,TRUCK,52
0fd8cb14-188a-4bda-8c85-73cbb55bf3d9,2026-05-01T09:24:34.051841,Martins das Pedras,Campos,37.1,DELAYED,MOTORCYCLE,92
113296c9-c869-444e-80d3-c60572f1bdfe,2026-05-01T03:56:54.217712,Abreu de Goiás,Alves,79.05,DELAYED,TRUCK,54
6bf6580b-6d16-4769-8d23-1441a7c9b75d,2026-05-01T00:23:13.932524,Aparecida,Jesus,26.72,IN_TRANSIT,VAN,80
52580a00-f965-4239-8408-9ee4d2fc0e36,2026-05-01T00:58:43.096144,Sampaio Grande,Câmara de Oliveira,60.27,DELAYED,MOTORCYCLE,11
3ca538eb-3986-4cf5-8fe4-f3a091154a83,2026-05-01T02:45:06.797851,Moreira de Mendes,Rezende,68.99,IN_TRANSIT,TRUCK,101
38a1506f-c7ba-4530-a197-6030810d6792,2026-05-01T02:23:46.399127,Pimenta de Barros,Brito,53.35,CANCELLED,TRUCK,83
b3a0b32b-6d63-45e1-9e41-8f6c0f9d0111,2026-05-01T04:02:39.650003,Marques de Minas,Camargo,65.18,DELIVERED,MOTORCYCLE,9
dee419db-50fa-445e-8431-59048af6920d,2026-05-01T06:04:46.764950,Guerra,Aparecida,2.21,DELAYED,VAN,43
1c0098e6-20c4-447c-898d-158125a6b2ba,2026-05-01T08:33:14.060051,Castro da Prata,Ferreira,69.35,CANCELLED,VAN,119
108e5b2c-6b27-427d-806c-af38383f7540,2026-05-01T11:40:53.065927,Pastor,Gomes,93.64,DELIVERED,MOTORCYCLE,106
965cc8d2-abc2-451e-becb-f036cf3c8ec0,2026-05-01T03:40:30.704109,Camargo do Campo,Almeida,88.33,DELIVERED,MOTORCYCLE,78
9fcaf469-77db-48b3-a08f-2c0bd23d5eb3,2026-05-01T09:59:18.338338,Nogueira,Gomes do Galho,91.89,DELIVERED,MOTORCYCLE,36
980eca48-e167-4f59-a515-542239692dd2,2026-05-01T01:09:10.729071,Pires,Fernandes,27.68,DELAYED,MOTORCYCLE,108
59747b7a-04ca-433f-8543-a942d29f8255,2026-05-01T04:48:47.251731,Vargas,Aparecida,6.51,DELIVERED,TRUCK,0
aab2c9f9-f182-4cbc-a14f-63a87a60eb06,2026-05-01T05:04:49.117294,Castro da Serra,Sampaio Grande,68.93,IN_TRANSIT,AIRPLANE,61
4ac9c95e-e8dc-4dda-88c9-e55eefc39ad2,2026-05-01T01:52:01.000871,da Conceição,Aragão,51.65,CANCELLED,AIRPLANE,6
60df3ddb-99fd-4cb2-b1c7-917086a4d375,2026-05-01T03:35:02.718952,Rios de Minas,da Cruz,32.25,IN_TRANSIT,VAN,114
2d5b2a22-bb24-4d1f-857c-b42d6d613158,2026-05-01T07:32:34.177102,Moura,Cardoso do Campo,10.1,IN_TRANSIT,VAN,17
6d86e667-ca7a-47a8-b864-1b3073725baa,2026-05-01T04:19:07.408037,Moraes de Silveira,Cunha Paulista,73.26,IN_TRANSIT,MOTORCYCLE,47
864c011b-21c8-4f85-8079-ca8ae7377a23,2026-05-01T08:16:12.894669,Melo de da Luz,Fernandes,35.51,DELIVERED,MOTORCYCLE,47
d4a6b5a5-fd95-4ce3-86f2-30b5e6e58f28,2026-05-01T10:09:59.914607,Araújo de Guerra,Fonseca do Oeste,0.66,DELAYED,MOTORCYCLE,26
364305ca-71db-46dd-b14b-4241540612b5,2026-05-01T11:06:54.665915,Cassiano,Campos,2.04,DELAYED,TRUCK,120
c69d0e4b-173e-40de-a8f5-b9ec08a34142,2026-05-01T00:54:24.212787,Aparecida,Abreu,54.53,DELIVERED,MOTORCYCLE,22
80fb14d8-c741-46e5-acba-5dafdb160c8b,2026-05-01T06:41:44.444366,Leão de Barros,Gomes de Correia,63.08,IN_TRANSIT,TRUCK,93
30f59c18-bdac-4955-98d8-69d8a1cc516d,2026-05-01T00:51:08.471150,da Cruz de Cavalcante,Duarte,71.04,IN_TRANSIT,MOTORCYCLE,1
71102a3c-f345-4bde-883e-ed72e3b4698c,2026-05-01T00:39:41.740250,Câmara,da Paz de Minas,93.68,IN_TRANSIT,MOTORCYCLE,112
46b1be08-5b0f-4da8-89f6-8f89173ad884,2026-05-01T03:18:35.257770,da Conceição Grande,Pereira,21.56,DELAYED,MOTORCYCLE,94
ade63b6f-2bcf-4cc7-b31f-adaac6114ecd,2026-05-01T09:40:27.612806,da Conceição,da Mata do Sul,59.07,DELIVERED,VAN,64
cf31afd7-4fdc-4cf7-a9ca-12f2a5b62721,2026-05-01T02:14:09.228457,Pastor,Nogueira de Cunha,15.83,CANCELLED,TRUCK,51
3b879f63-6a09-4841-b907-4bce0e830447,2026-05-01T07:51:15.188788,Ferreira de Goiás,Rocha,14.8,DELIVERED,AIRPLANE,109
05f1ff33-30aa-4442-9f82-01b295c5a322,2026-05-01T01:24:14.400910,Correia,da Mata do Sul,34.5,DELIVERED,VAN,13
f4ba5780-e729-4c2e-907d-216f2b5c5c84,2026-05-01T08:55:20.024175,Aragão de Minas,Santos,99.8,IN_TRANSIT,AIRPLANE,91
9645bfd3-a54c-4e2e-8670-608523a9c6dc,2026-05-01T03:26:01.794598,Pires,Jesus de Abreu,15.83,CANCELLED,MOTORCYCLE,8
a07d69c1-2791-43ed-b9b5-cb49cf561b90,2026-05-01T02:13:32.267984,Costa,da Rocha,95.79,DELIVERED,VAN,40
7f89b9c7-30c5-4a81-b76b-886432a06547,2026-05-01T02:02:27.672049,Nascimento de Minas,Teixeira,4.87,IN_TRANSIT,AIRPLANE,31
dc2b7c7c-545e-4a66-9c89-1c01f809ec4a,2026-05-01T00:29:53.437263,Siqueira,da Rocha,31.47,CANCELLED,AIRPLANE,97
84070fbb-55b4-4f3b-8ddc-e577ad0991b8,2026-05-01T01:47:37.897600,Nogueira,Sá do Amparo,90.11,IN_TRANSIT,TRUCK,76
a2baa1db-3463-43a5-a153-517e91d6f9bd,2026-05-01T05:25:19.249259,Câmara,Novaes do Oeste,80.2,IN_TRANSIT,AIRPLANE,65
