shipment_id,timestamp,origin,destination,weight_kg,delivery_status,vehicle_type,estimated_delay_minutes
2c052b21-b689-427c-9110-2750871d3474,2026-05-01T07:02:55.424669,Rocha,da Mota do Campo,41.34,DELIVERED,MOTORCYCLE,52
2a3c64d5-03ae-489d-af67-10c64b76943f,2026-05-01T02:34:12.462891,Camargo,Teixeira,96.86,IN_TRANSIT,VAN,41
e6b7020d-6888-4952-9f77-89a77c960d45,2026-05-01T07:26:53.393068,da Mata dos Dourados,Correia da Mata,80.86,CANCELLED,MOTORCYCLE,29
1a50a94f-d6d1-42f7-9e03-1c53b4c5cb03,2026-05-01T04:12:11.394475,Teixeira Verde,Araújo do Campo,93.53,IN_TRANSIT,VAN,97
22d44f6d-9f86-4d3c-be3f-60c9b93c3f1c,2026-05-01T09:37:42.346200,Lima,Vieira do Sul,17.61,CANCELLED,TRUCK,47
b0f6022d-6464-4533-b2ae-9a7ee8870032,2026-05-01T00:05:59.417124,Ribeiro,da Cruz,60.08,DELIVERED,MOTORCYCLE,13
fb9dd98b-c469-42de-b742-660cdba3afca,2026-05-01T06:17:39.700393,da Mata de Peixoto,Silva da Praia,77.67,IN_TRANSIT,MOTORCYCLE,56
ce7ced6c-9ced-4c3c-94ec-4b682d0e72c3,2026-05-01T10:12:08.440039,Siqueira da Mata,Costela,20.83,DELIVERED,VAN,10
36a171b5-c122-41f1-a1ca-bf6b510527d6,2026-05-01T01:38:50.973808,da Cruz de Jesus,das Neves,82.69,CANCELLED,AIRPLANE,82
a5ea0adf-aa2d-4390-8cac-4e46932b34bf,2026-05-01T06:46:33.847525,da Cunha Paulista,Vargas do Sul,78.69,IN_TRANSIT,VAN,0
00a1fe82-2167-439f-8672-217937355d4d,2026-05-01T12:43:37.504438,Sales dos Dourados,Mendonça,69.93,IN_TRANSIT,VAN,61
18ccab56-3df9-4f28-bff2-6121db40d99b,2026-05-01T05:31:22.333410,da Costa,Borges,24.29,DELAYED,TRUCK,105
9e5ef502-31e2-46e2-b4c5-956c5fc057c9,2026-05-01T06:27:51.241872,da Mota,Gonçalves Grande,68.74,CANCELLED,MOTORCYCLE,56
f97d72ee-60a4-461f-8dcd-e820c8bc5cb1,2026-05-01T02:01:55.584253,Pereira,Vieira do Oeste,93.49,DELIVERED,VAN,71
60cc7ee0-377a-4f6f-96e7-5e468f137083,2026-05-01T03:05:44.308414,Castro do Campo,Castro do Campo,95.61,IN_TRANSIT,AIRPLANE,94
bdff5ab2-1a63-42f5-bf45-9804b86118df,2026-05-01T06:54:05.061816,Leão,Marques de Garcia,76.95,DELIVERED,AIRPLANE,92
93b9ab32-f89b-4709-a1af-c664aad5482b,2026-05-01T01:22:12.097980,Pacheco,Sá,1.53,IN_TRANSIT,VAN,94
9be53bce-5101-4db7-bc3e-1ebed463bb5e,2026-05-01T05:48:14.935239,Barbosa,Araújo de da Rocha,28.94,IN_TRANSIT,AIRPLANE,106
097fc922-4470-4082-88d9-f306446e08ed,2026-05-01T12:39:10.997006,Viana do Oeste,Sales de Vieira,36.38,DELIVERED,TRUCK,11
6692d47f-4b8b-4515-be1e-39559b21638b,2026-05-01T09:43:54.213562,Moraes,Pinto de da Conceição,64.82,DELIVERED,MOTORCYCLE,70
1aae4bff-19ef-4469-bdd5-aa4805741db1,2026-05-01T06:26:00.567577,Gomes,Caldeira do Oeste,64.79,DELIVERED,AIRPLANE,21
2ba23f74-5106-45c6-9863-d97f50ca6468,2026-05-01T02:59:48.325248,Silveira,Ribeiro,62.01,DELIVERED,VAN,5
6f1a4d5c-310e-4437-890b-48371cf77675,2026-05-01T08:51:15.430093,Rodrigues Grande,Guerra Verde,59.63,CANCELLED,MOTORCYCLE,108
bfd05de8-c0af-49ad-8281-2a9523d7605a,2026-05-01T07:48:21.917305,Nunes do Sul,Cavalcante,94.57,DELIVERED,TRUCK,5
593270a1-7607-4153-b0f7-dfca695d365e,2026-05-01T09:23:44.209272,Gomes,Novaes,8.08,DELIVERED,AIRPLANE,38
8fea4d95-c33a-452a-831f-7cae26dc51d7,2026-05-01T07:54:06.664532,da Cunha de Vasconcelos,Porto de Câmara,10.1,IN_TRANSIT,VAN,70
9b3daee1-0119-44b5-94b7-3db195459e1d,2026-05-01T00:36:34.908012,da Costa do Campo,Câmara de Goiás,94.11,DELIVERED,MOTORCYCLE,85
5b9c804d-6519-4fb9-89ed-8c2b0dfe65f7,2026-05-01T08:36:43.555551,Abreu da Prata,Ramos,58.01,CANCELLED,AIRPLANE,44
9bcd832f-e984-447b-8366-c5a7b1e689aa,2026-05-01T12:37:04.190337,Oliveira do Amparo,Silva de Minas,26.8,DELAYED,MOTORCYCLE,88
d8c3f5d8-8a49-41e1-bc30-cc5cb9c80899,2026-05-01T12:45:02.860463,Andrade do Amparo,Costela,97.27,DELAYED,MOTORCYCLE,120
8c918dfa-db81-433f-873f-b81d6ca614ba,2026-05-01T04:54:33.261935,Fogaça,Mendonça do Sul,85.45,CANCELLED,VAN,85
23f2521a-660e-4771-bf4d-58cfb56038a1,2026-05-01T10:22:23.998100,Vieira,Sá,52.7,IN_TRANSIT,VAN,16
1904f999-82bc-4c6a-abfa-c5bb4dbb4f25,2026-05-01T12:09:13.591615,Siqueira,das Neves da Mata,45.35,DELAYED,AIRPLANE,66
ae21041d-f84d-4526-a4bf-0cff604cd9bb,2026-05-01T09:08:35.859670,Sales,Guerra de Montenegro,25.59,CANCELLED,MOTORCYCLE,44
991f8e15-585f-4291-bac1-109f986cbaf4,2026-05-01T00:02:25.267006,Montenegro Alegre,Dias do Sul,18.38,IN_TRANSIT,TRUCK,96
694aef1b-bce5-49de-a5da-10467ffb45e7,2026-05-01T08:06:25.587498,Costela,Cardoso,77.58,IN_TRANSIT,VAN,67
c66c62bf-2f50-4569-86f2-a152d91794e5,2026-05-01T06:25:14.365534,Gomes das Flores,Sá,0.88,CANCELLED,AIRPLANE,45
f24e6b84-a846-43b5-a64f-0cf926c85b69,2026-05-01T11:44:13.022563,Pimenta,Melo,91.42,CANCELLED,TRUCK,110
fa66644f-2a9f-42f8-a654-b125f4e0ce7e,2026-05-01T10:19:12.586253,Aparecida do Norte,Silva,77.97,CANCELLED,TRUCK,74
9af460d5-3e1c-4cae-844e-ca3f954ef4b4,2026-05-01T00:10:56.810925,Rezende de Goiás,Machado de Jesus,26.25,DELIVERED,TRUCK,80
cad7a06a-cfc9-49e5-9dea-43465c5503ba,2026-05-01T08:18:36.228017,Garcia de Caldeira,da Paz das Flores,18.52,DELIVERED,VAN,81
982758d4-ba57-4b62-9c4b-144687ec7480,2026-05-01T05:33:26.911579,Mendonça das Pedras,Duarte,82.77,DELAYED,VAN,90
27cdade7-e3da-47a8-ab86-068731ac6c1b,2026-05-01T08:31:10.955836,das Neves de Fogaça,Vargas,18.66,DELIVERED,TRUCK,62
69d5d3f4-b34e-4aab-84e2-918d8d603f99,2026-05-01T06:01:38.384361,Rodrigues,Souza,47.65,DELIVERED,MOTORCYCLE,13
596dc408-d79e-4bb6-976c-fc7a968c9d73,2026-05-01T02:55:38.009425,Santos,Monteiro das Pedras,58.46,DELIVERED,MOTORCYCLE,108
82be8a16-85d4-4683-a657-3492af1a02fb,2026-05-01T11:03:48.291126,Andrade,Pereira das Flores,15.27,CANCELLED,VAN,14
78d6948f-d32a-4b4a-bfcf-ae545f49868f,2026-05-01T00:26:32.218383,Cavalcante,Freitas,47.03,DELAYED,AIRPLANE,107
746efb3e-7596-4009-94ba-0f45281c5bb5,2026-05-01T00:18:23.224858,da Conceição Verde,Carvalho da Praia,71.7,IN_TRANSIT,MOTORCYCLE,69
1016522b-f123-45fd-9f0e-22ba24828f7d,2026-05-01T00:36:48.487468,Duarte,Guerra de Monteiro,35.41,IN_TRANSIT,VAN,92
d65879ba-1acd-4818-a960-93c555943d4f,2026-05-01T12:24:39.252951,Viana,Mendes,92.3,CANCELLED,MOTORCYCLE,16
fa34ac57-69f1-4c24-b6d1-5d36f3738692,2026-05-01T10:23:47.492146,Rodrigues,Ferreira,60.22,IN_TRANSIT,TRUCK,97
875a9e21-67c9-4869-b2d7-970ba3540d37,2026-05-01T00:18:54.945945,da Conceição do Sul,Moura,19.26,DELIVERED,AIRPLANE,74
362da4e8-b3ff-4550-b6cb-a2dcbef86c33,2026-05-01T01:38:21.202947,Cardoso,Fonseca da Mata,24.54,DELAYED,MOTORCYCLE,70
7397219e-cece-477f-a930-0f97c43a3c28,2026-05-01T00:08:07.054164,Moraes,Novaes dos Dourados,30.1,IN_TRANSIT,TRUCK,115
63e65cb7-c4fb-437a-9258-8ab4879202bb,2026-05-01T10:32:06.162174,Mendonça,Casa Grande,13.92,IN_TRANSIT,MOTORCYCLE,34
e32f1f58-33b8-42d5-a41a-56be14ca5ecd,2026-05-01T00:05:10.941380,Carvalho Alegre,Pereira de Ribeiro,50.47,CANCELLED,MOTORCYCLE,73
a3e56816-df77-4167-9ac7-2b77eefdb095,2026-05-01T07:07:06.805065,Abreu,Duarte do Sul,56.6,IN_TRANSIT,VAN,104
21aa1378-0e02-437d-9cca-e0cc4f47676e,2026-05-01T00:47:10.541951,Pastor dos Dourados,Azevedo de Rios,81.99,DELIVERED,TRUCK,117
9cafa74b-4378-404c-af0e-4ba04b5f20e4,2026-05-01T06:37:41.432081,Teixeira,Nunes,96.62,DELAYED,VAN,30
5411a10d-0453-4332-b8f1-397e567309c6,2026-05-01T05:35:01.430457,Jesus,Cavalcanti Grande,82.57,CANCELLED,MOTORCYCLE,111
e8344f5e-c56f-4af4-9815-2392e638cdee,2026-05-01T08:20:40.671132,da Cunha,Pimenta,22.62,DELIVERED,VAN,119
042ea1c3-8d08-4676-b5c9-9316835051f8,2026-05-01T06:42:33.336447,Pimenta do Campo,Câmara,40.17,IN_TRANSIT,VAN,10
0381e979-ba37-4d84-9885-4fa7e2ec7c25,2026-05-01T07:36:29.765059,da Rocha,Marques Paulista,33.02,CANCELLED,AIRPLANE,114
ab5e922a-ad61-4a46-8bf7-38fc6d7bbdf1,2026-05-01T11:27:43.555169,Teixeira do Norte,Freitas,3.44,IN_TRANSIT,VAN,46
87fa9987-9cad-4e55-9b34-b0b8e35c778e,2026-05-01T07:51:22.057276,Fogaça,Lima,3.46,CANCELLED,MOTORCYCLE,10
9d40f792-7362-4e55-ac60-71f3db62da5a,2026-05-01T05:20:22.155937,Marques,Rocha dos Dourados,27.58,IN_TRANSIT,AIRPLANE,38
3cc1c31f-16dd-4deb-9aa0-92181821149e,2026-05-01T07:09:58.305542,Nogueira,Castro,75.75,DELAYED,TRUCK,100
d81c59fc-723d-4c02-bf97-9a75f45b3e74,2026-05-01T11:16:58.299016,Moura,Almeida dos Dourados,50.3,IN_TRANSIT,VAN,86
d937d84f-375e-4b40-ae34-2b9b9b66dad2,2026-05-01T02:09:00.228867,Farias,Borges de Goiás,21.25,CANCELLED,TRUCK,9
c384ff07-c0be-4d18-bbe3-95bf72c30bc3,2026-05-01T07:00:13.570898,Ribeiro Grande,Moraes da Mata,99.81,IN_TRANSIT,AIRPLANE,62
7214556d-6e0b-43b8-b5af-2a706357b870,2026-05-01T11:11:34.093489,Santos de Goiás,Pacheco da Mata,15.5,DELIVERED,TRUCK,51
c384ed71-32df-449f-8bcb-ace16f2537b6,2026-05-01T06:59:41.698726,Pinto,Correia de Teixeira,48.45,DELAYED,VAN,111
2543ecc2-ce46-4541-8ccd-5ab458e02d69,2026-05-01T01:54:46.204513,Andrade,Freitas do Sul,19.58,CANCELLED,VAN,84
ef71e0b9-1fcf-4425-a8b1-2bc2f0235a1a,2026-05-01T00:59:17.267775,Pereira de Gonçalves,Carvalho de Azevedo,18.7,IN_TRANSIT,TRUCK,15
ad424057-cdfd-421f-8c0b-bbc94f0f8d42,2026-05-01T06:11:24.927917,Santos,Freitas de Goiás,39.31,DELAYED,VAN,7
3cada468-7e68-4088-8ed0-53c4f504ad44,2026-05-01T12:52:42.988520,Marques do Campo,Jesus,87.45,DELIVERED,AIRPLANE,95
fdbee3c2-5763-48ee-b90e-42d402ed444d,2026-05-01T03:23:42.374996,Barbosa de Rocha,Aragão do Campo,78.36,IN_TRANSIT,VAN,32
b6f6a652-7c6c-431d-8a39-3bd0fd17fe90,2026-05-01T10:22:46.256064,Machado do Sul,Lima de Mendes,12.3,DELAYED,VAN,33
c9399dff-85a3-4bb7-9c40-087f5cd431a2,2026-05-01T00:15:52.489002,Araújo,Ribeiro das Pedras,56.72,IN_TRANSIT,AIRPLANE,76
7c4eee94-2b92-4c50-b993-e0df3cb8571d,2026-05-01T11:34:49.671120,Câmara,Novais,32.05,IN_TRANSIT,AIRPLANE,73
78e32841-dd88-4417-b5a9-b28702b8c874,2026-05-01T09:02:15.127644,da Luz Alegre,Rezende dos Dourados,0.61,IN_TRANSIT,AIRPLANE,65
cc06c332-b44a-4176-8427-572ca4589d8f,2026-05-01T09:24:26.923984,Silveira,Rios do Amparo,9.39,IN_TRANSIT,TRUCK,32
6e1d3e74-b9eb-466e-b9b1-db92a352a2bd,2026-05-01T01:04:52.760293,Fonseca,Gonçalves das Flores,53.76,DELIVERED,AIRPLANE,26
c51b766c-b821-4de0-bddd-83b75307cb5d,2026-05-01T05:56:29.116578,Barros,Moura,30.25,DELIVERED,VAN,76
83598efb-b2db-44ac-9bc0-5e1827771400,2026-05-01T12:29:37.725582,Vasconcelos,Melo do Oeste,88.79,DELAYED,VAN,4
5de7cadf-6c54-4d2b-a355-ee3a4e743215,2026-05-01T01:25:07.072022,Cavalcante das Pedras,Pinto,48.1,CANCELLED,MOTORCYCLE,119
11039cdb-58b9-4c21-86ad-5f9d38d2ca0c,2026-05-01T13:00:05.207689,Porto,Sá Paulista,86.03,DELAYED,TRUCK,94
767394d4-ae5c-4846-9839-8f6d934ce82d,2026-05-01T09:06:09.916959,Nunes,Pacheco de Goiás,91.89,IN_TRANSIT,TRUCK,93
8dcfae2b-f077-4984-9d9a-3cbecb929804,2026-05-01T03:04:33.788702,Santos de Mendes,Garcia Paulista,45.31,IN_TRANSIT,TRUCK,51
f848ad58-d25a-4268-a568-150e3e21fcf4,2026-05-01T06:04:19.731131,Sousa,Sales de Sá,14.44,IN_TRANSIT,TRUCK,45
31912cd3-486a-4019-b6d2-ddd5b4c267f7,2026-05-01T08:12:43.902090,Marques das Pedras,Leão,36.98,IN_TRANSIT,TRUCK,23
8dfef42f-1cbf-4c26-98f0-9e77e63905f2,2026-05-01T09:15:25.939621,da Conceição da Mata,Caldeira de Camargo,22.01,DELAYED,TRUCK,119
5cf8fb74-269d-46db-944e-e8f37845aa7c,2026-05-01T08:47:45.532566,da Rocha de Goiás,Camargo,30.89,DELIVERED,VAN,73
639ed42a-edfe-4641-a441-f2942fd0ace5,2026-05-01T00:19:29.942524,Cavalcanti do Oeste,da Costa dos Dourados,58.99,CANCELLED,AIRPLANE,37
ade9bade-ffa4-4143-b383-f4a0def3d9a4,2026-05-01T05:07:20.349944,da Mata Paulista,Mendonça,72.18,DELAYED,VAN,1
f8ddd89d-f471-4199-9a5f-439a027b0180,2026-05-01T05:59:16.067779,da Luz,da Rocha Verde,81.89,DELAYED,TRUCK,119
6fcf6f97-847e-4e76-aef9-84710f2005ea,2026-05-01T05:31:10.881016,Cardoso do Norte,Abreu de Castro,82.99,CANCELLED,MOTORCYCLE,8
733103f7-5aab-4417-8953-2e174570bcbe,2026-05-01T11:14:11.277718,Andrade do Amparo,Nogueira Alegre,29.81,DELAYED,AIRPLANE,73
c92a9da7-37f1-4488-9535-14d5be177a1c,2026-05-01T01:19:36.753909,Brito do Amparo,Farias,58.34,DELIVERED,MOTORCYCLE,44
ade4238f-136d-43e7-a7be-7a46190ea268,2026-05-01T06:27:29.120126,Monteiro do Sul,Almeida,12.68,CANCELLED,AIRPLANE,74
db0e634c-cecc-4f2e-bc5a-cda987e1abc7,2026-05-01T00:42:41.517274,Rocha do Campo,Azevedo,21.97,DELIVERED,TRUCK,85
cf2dfdeb-7886-458e-86ef-6d1b00d1b551,2026-05-01T09:24:24.858335,Araújo,da Conceição de Moreira,37.68,DELIVERED,VAN,31
f7b78ac5-7b40-4e3b-8caf-a6ec8235fdb7,2026-05-01T03:33:15.685950,Barros da Praia,Jesus,73.41,DELIVERED,AIRPLANE,83
593fde32-1b4f-4a1e-8d01-6ac8f04f1e0a,2026-05-01T11:11:30.577167,Camargo,da Costa de Nunes,30.73,DELIVERED,AIRPLANE,77
35fa6710-ca38-45e7-ba88-e36d8e348c33,2026-05-01T07:57:41.445568,Azevedo,da Mata,33.43,CANCELLED,AIRPLANE,12
42c4db9b-c9bd-488f-9303-32bd4e751f8f,2026-05-01T01:21:18.828432,Gomes,da Paz,40.37,CANCELLED,MOTORCYCLE,8
de58257c-544f-49a6-9916-ee6254949bc7,2026-05-01T04:14:56.435017,Freitas,Nunes,9.77,IN_TRANSIT,MOTORCYCLE,44
12d5512f-0786-478d-8ab4-9c6811eb8e91,2026-05-01T06:37:48.997472,Marques,Ferreira,92.32,DELIVERED,TRUCK,21
dcd1a322-8ccc-4467-a89a-8d1c9cb887d8,2026-05-01T05:06:52.904561,Moreira Grande,da Conceição,61.68,DELAYED,VAN,28
62d3e06e-c70a-4c6e-b1a1-2752d80446ef,2026-05-01T03:51:41.700795,Cardoso,Cunha da Mata,95.8,IN_TRANSIT,VAN,39
ec2fda37-9350-4046-9bd1-8c52218f9e38,2026-05-01T11:36:32.372218,da Mota do Amparo,Azevedo da Mata,56.66,DELAYED,AIRPLANE,73
840881af-c989-4017-b303-d0b91f7de62b,2026-05-01T06:00:04.801628,Correia da Serra,Marques,30.88,CANCELLED,MOTORCYCLE,66
a3992ebe-6d15-4646-aeef-d41fd3b6e48c,2026-05-01T08:39:05.455422,Vargas de Fonseca,Peixoto de Mendonça,98.25,CANCELLED,TRUCK,1
7de59c51-2bb9-44ce-93f8-9efe6c0083e3,2026-05-01T00:17:57.069264,das Neves do Sul,Souza,75.11,IN_TRANSIT,AIRPLANE,2
9a3365ac-8710-434d-9118-192cce3d4d84,2026-05-01T07:42:32.650244,Aragão,Cardoso das Flores,57.83,CANCELLED,TRUCK,75
66f3ddd8-d9a6-480c-8a65-010a810f4308,2026-05-01T01:29:20.182587,Vargas do Galho,Gonçalves,7.23,DELIVERED,TRUCK,43
5572d02b-cea8-4933-8407-0162359c6ca0,2026-05-01T05:11:16.257829,Nascimento do Norte,Ribeiro,52.24,CANCELLED,TRUCK,70
a8b1b3be-1bc1-45ab-9a6b-ec5d3c464940,2026-05-01T03:10:23.319890,Costela,Lopes de Minas,84.89,DELIVERED,AIRPLANE,53
59a51ed3-f2a4-49a7-8aa6-450a1606a3bb,2026-05-01T01:24:09.961543,Freitas de Minas,Brito,2.67,CANCELLED,AIRPLANE,71
1efb607f-4a29-4fa2-b596-48a64b1434f5,2026-05-01T07:40:27.182441,Camargo,Nascimento de da Cruz,5.93,IN_TRANSIT,MOTORCYCLE,66
126b48ab-6497-4d37-92a6-bdb0857fd3d0,2026-05-01T06:38:14.841861,da Conceição do Galho,Martins das Pedras,37.53,DELIVERED,MOTORCYCLE,9
bfab29c3-bcce-4450-8676-c0f4590bf4ac,2026-05-01T06:31:28.369326,Barbosa do Amparo,Albuquerque,46.69,IN_TRANSIT,TRUCK,78
6784b630-711f-4672-b98f-ff15a12bab1f,2026-05-01T08:31:37.101097,Cunha da Praia,Pacheco da Serra,53.32,DELAYED,TRUCK,89
f4773e2a-5927-47dd-ad71-ab2eef25bed6,2026-05-01T05:23:43.044342,Gomes das Flores,da Cruz,94.84,CANCELLED,TRUCK,97
fceb7a56-2dcf-4e33-8e4d-77d858f6d4a0,2026-05-01T02:19:17.921101,Rezende da Prata,Sousa,14.87,DELIVERED,MOTORCYCLE,25
5c8a5b19-f844-4510-b9d6-09a1b58e2f12,2026-05-01T00:46:53.653745,Albuquerque,Fogaça,81.0,DELIVERED,VAN,20
1ddb6b34-59fc-46d7-9eb1-a6170e7011c5,2026-05-01T04:40:19.491869,Melo do Norte,Melo,46.82,CANCELLED,AIRPLANE,63
bce5496f-5f09-41e9-8a9c-0417bc4aab7f,2026-05-01T10:07:00.116773,Nunes,Monteiro Paulista,24.9,CANCELLED,TRUCK,45
f28b727b-f9a2-4391-b7d3-527b4833b10d,2026-05-01T03:15:29.135099,Mendonça do Sul,Jesus,73.41,IN_TRANSIT,TRUCK,28
209e0034-721f-4821-abf2-957027fe7b98,2026-05-01T06:17:50.753372,Monteiro,Rios,20.54,DELAYED,VAN,60
709a1739-9e4b-4e26-a7ac-1cad90f6cb1f,2026-05-01T02:17:24.577635,da Cunha,da Costa,39.78,DELIVERED,AIRPLANE,85
885ace50-a9ec-4e29-878d-e5a03a9ee0b5,2026-05-01T08:49:48.790511,Ramos,da Cunha,43.92,DELAYED,VAN,24
3a8e40e2-3e5d-41e1-821d-71649f22f0f4,2026-05-01T02:48:14.427552,Siqueira,Duarte,81.65,CANCELLED,TRUCK,100
0aa234d1-3a36-4a90-8fdd-ce5ce97f1869,2026-05-01T06:33:52.774476,das Neves Verde,Ramos de Nogueira,65.28,CANCELLED,TRUCK,70
c6027869-a3e4-46a4-85d0-566c4a43a1b3,2026-05-01T08:47:19.688726,Borges,Dias de Sousa,57.78,DELAYED,TRUCK,80
016a7254-c6c3-485c-8f87-0e3c548ac9c0,2026-05-01T02:24:52.806551,da Rosa,Machado,30.54,CANCELLED,AIRPLANE,83
85c9dc38-6b80-4527-b29d-7361859494fa,2026-05-01T02:34:18.603971,Oliveira dos Dourados,Guerra,59.88,DELAYED,AIRPLANE,20
56d02a3f-00a8-4650-9f47-428ec2fcc33e,2026-05-01T06:09:59.834087,da Cruz,Souza do Oeste,86.38,DELIVERED,TRUCK,1
d773729a-77c8-491c-b1a7-7f3893f22a0b,2026-05-01T10:20:24.351485,Fernandes da Praia,Costela da Praia,73.67,DELAYED,VAN,116
dd4f53d9-dfd9-4d00-a36b-6b73b64c6560,2026-05-01T12:13:05.890004,Ramos de Martins,Duarte de Minas,16.41,IN_TRANSIT,MOTORCYCLE,27
ec06cf53-a477-437a-8349-6558f56787a6,2026-05-01T10:44:32.407949,Borges das Pedras,Novais de da Mata,66.3,IN_TRANSIT,MOTORCYCLE,86
d0b2c943-7025-4c52-9642-889038ca87c9,2026-05-01T12:42:36.923234,Souza de Freitas,Aragão,47.85,CANCELLED,MOTORCYCLE,11
e3da0483-35d1-482a-8185-12c0cf1fb9b0,2026-05-01T03:31:35.842606,Cardoso Grande,Pacheco da Serra,64.01,IN_TRANSIT,AIRPLANE,87
9f4564be-a246-48c2-9eac-77e0fa6d2372,2026-05-01T02:39:30.766393,Novais do Norte,Mendonça,44.09,IN_TRANSIT,VAN,9
7eb0304d-b869-45b6-ab2f-8b006bb93f0f,2026-05-01T07:01:14.878739,Sousa de Montenegro,Araújo da Prata,55.98,DELAYED,AIRPLANE,70
40987463-d4b2-4882-9fa8-716cad2e9b11,2026-05-01T01:25:46.764600,Santos,Farias de Marques,15.55,DELAYED,AIRPLANE,5
6359552a-f21d-4846-8636-32fa52984a1e,2026-05-01T00:09:12.341713,Jesus de Rios,Garcia de Montenegro,12.91,DELIVERED,TRUCK,73
01cf59bc-3c7e-4376-bb3f-21ee472999a2,2026-05-01T01:02:18.566999,Campos das Pedras,Machado,29.89,DELIVERED,VAN,94
116ab840-413d-4834-a02d-819471d43194,2026-05-01T04:00:54.205599,Barros do Norte,da Rocha,68.84,DELAYED,TRUCK,112
ce342a9a-e955-48f6-b1ac-3ec15cd84d0d,2026-05-01T01:02:49.578108,Barros,Macedo,51.21,IN_TRANSIT,TRUCK,100
9b1aa907-f8a9-4cea-bf2c-837c0c6d5b20,2026-05-01T06:11:18.156546,Fogaça das Pedras,Moura,33.37,IN_TRANSIT,VAN,7
0d86d92c-dda0-4aea-8381-a1d9730364b4,2026-05-01T06:06:09.435225,Gomes,Novaes Paulista,92.83,CANCELLED,TRUCK,8
3309f988-a688-4fba-ba21-a16fb23b0af6,2026-05-01T05:49:04.157000,Fernandes,Lima,60.75,IN_TRANSIT,VAN,62
cf16b83c-1a18-41b1-aedc-4506cd815274,2026-05-01T09:30:02.550034,Lopes,Novaes do Norte,20.98,CANCELLED,AIRPLANE,96
e1321ba5-7369-4c43-8eb5-5c681f53327e,2026-05-01T06:03:21.913990,Siqueira,Oliveira Grande,0.97,DELIVERED,VAN,81
9907838d-4cc5-4023-8a32-c38927e7a95e,2026-05-01T06:41:40.742353,Vieira,Jesus do Campo,33.17,IN_TRANSIT,VAN,6
1a36b8f7-b653-43fd-ace8-98ee159b3a9a,2026-05-01T04:57:53.326323,Ramos,Azevedo,80.91,IN_TRANSIT,VAN,78
69ed904e-f34d-4532-ac31-b2a1fab61e0e,2026-05-01T07:23:34.337839,Aparecida,Fogaça das Flores,50.35,DELAYED,TRUCK,103
f4cb6e79-72c6-4a46-90a1-fc13751d0d8f,2026-05-01T09:01:05.240323,Fernandes,Cavalcante do Galho,46.01,DELIVERED,AIRPLANE,104
bc08e2c0-3470-4f01-b30b-1030e05f6636,2026-05-01T07:35:24.457995,Rios,Fogaça,63.42,DELAYED,AIRPLANE,71
80da6b35-ced5-4528-97ab-30e856ff378f,2026-05-01T05:07:58.236461,Gonçalves de Rezende,Castro do Galho,29.99,DELIVERED,AIRPLANE,70
a59e8d9f-4b27-4bf3-8788-ce6ca28c16f0,2026-05-01T12:26:38.284405,Vieira da Serra,Alves,61.8,CANCELLED,MOTORCYCLE,86
8ed5f215-0fb6-480a-9f77-5aca7de4f3fa,2026-05-01T03:28:09.610415,Alves,Duarte de Sales,34.16,DELAYED,TRUCK,53
7c502853-8492-4842-8425-b6499a0e4f69,2026-05-01T03:03:39.012772,Guerra da Praia,Aparecida de da Cruz,43.96,IN_TRANSIT,AIRPLANE,77
d15cf31f-c0fb-47d4-a82e-9810eb2da0a4,2026-05-01T09:56:00.845854,Peixoto,Sousa Paulista,81.44,DELIVERED,MOTORCYCLE,38
99cfc6da-866d-431f-b266-f5735a8b22ba,2026-05-01T04:28:56.710384,Cavalcante de Goiás,Leão da Serra,20.86,CANCELLED,MOTORCYCLE,43
801746ba-5a1c-4aaa-93b7-653ce4906de7,2026-05-01T03:12:27.730288,Novaes Paulista,Farias de Azevedo,80.0,IN_TRANSIT,VAN,43
134a5b19-688c-41af-b362-1660f9b1f8de,2026-05-01T11:29:38.820840,Fogaça,Aragão,54.23,DELAYED,AIRPLANE,28
872c8719-8a19-45e2-812c-f3012c5a338e,2026-05-01T08:50:41.752114,Cassiano,Jesus de Teixeira,19.49,CANCELLED,AIRPLANE,83
60512373-f281-4157-9bb2-0764ca96a414,2026-05-01T12:25:45.276154,Ferreira dos Dourados,Pacheco,80.1,DELIVERED,MOTORCYCLE,101
d7d8455e-5011-4dee-95dc-eae744a5c0ce,2026-05-01T01:41:49.732701,Aragão,Siqueira,79.26,DELAYED,VAN,107
a043a80b-5188-4885-8475-f5b750b39f2c,2026-05-01T05:49:56.328518,Silveira,Nogueira da Mata,95.84,IN_TRANSIT,VAN,87
db910f3c-081f-47b8-a01d-dca75a951903,2026-05-01T10:32:38.821403,Souza de Minas,Sá,32.64,DELAYED,VAN,41
bd6a92c0-2d59-4283-b8e8-b145b09a32fd,2026-05-01T04:28:49.380975,Vieira,Camargo do Sul,43.04,IN_TRANSIT,MOTORCYCLE,19
7eae90f6-2c9f-47e5-8b3e-632aa121462e,2026-05-01T03:05:46.509410,Costa do Campo,Cavalcante de Jesus,65.27,IN_TRANSIT,MOTORCYCLE,27
883bde57-6d3e-4e12-982e-d3c4caf9be41,2026-05-01T10:10:06.363147,Duarte,Nascimento de Minas,53.3,DELIVERED,TRUCK,119
1a18551d-2f45-4361-b508-7b5068e916af,2026-05-01T07:40:44.221541,Garcia Paulista,Teixeira,16.97,CANCELLED,MOTORCYCLE,53
7cb1298a-2fe5-420e-84a8-783aeddc662a,2026-05-01T00:18:41.381956,Sá,Carvalho da Mata,47.06,DELIVERED,AIRPLANE,62
58804bf4-1d9a-484f-8ed1-4485083479c8,2026-05-01T06:34:22.155475,Nunes,Casa Grande de Minas,83.4,IN_TRANSIT,AIRPLANE,7
1496eb0c-2e1e-4425-85e4-d5a57285cc31,2026-05-01T03:14:32.904599,das Neves,Carvalho,22.58,IN_TRANSIT,TRUCK,115
cc8c064b-2d3d-484f-927b-01d0790f7a9e,2026-05-01T04:39:51.697694,das Neves da Serra,das Neves,42.67,DELIVERED,AIRPLANE,66
5985e0b0-4bac-40cd-bc26-0951066b480c,2026-05-01T11:01:32.257289,Viana da Prata,Castro,5.5,IN_TRANSIT,TRUCK,91
2483ea05-213a-4dcb-a405-21877d67b527,2026-05-01T11:57:51.048832,Sá dos Dourados,Sampaio das Pedras,75.39,CANCELLED,VAN,119
09f6fd10-06d3-4824-9c91-4fc6228d9c3f,2026-05-01T11:46:33.954622,Almeida,Azevedo,69.84,DELIVERED,VAN,59
c097190d-6338-456d-a70d-bdaba03c8bbf,2026-05-01T08:05:32.593745,Novais,Macedo das Flores,28.89,DELAYED,MOTORCYCLE,106
fdc008e1-7d19-43f6-9143-edb70b48a21d,2026-05-01T05:05:18.323902,Barros das Pedras,Cirino,35.06,DELAYED,MOTORCYCLE,27
d3645e78-933a-4a6e-98fb-4063830bf495,2026-05-01T08:42:29.781158,Siqueira,Ramos das Flores,64.66,IN_TRANSIT,AIRPLANE,64
4a93beb2-ea6f-4c6c-9ebf-246ce64288f2,2026-05-01T06:51:29.768410,Andrade,Monteiro,29.68,IN_TRANSIT,AIRPLANE,24
7788c504-ca7c-4175-a688-505086c3a60d,2026-05-01T09:38:46.182818,Monteiro,Rodrigues,44.99,IN_TRANSIT,MOTORCYCLE,53
063d0db6-0398-4175-8dd5-3608e1eb9391,2026-05-01T05:34:44.752757,Araújo,Fernandes,51.97,CANCELLED,TRUCK,68
cde4f8df-5bf1-40fd-b80c-b3f510475630,2026-05-01T01:22:48.647654,da Paz,Sampaio das Pedras,34.45,CANCELLED,MOTORCYCLE,13
e01cbcd5-325e-463b-94b8-a7b9a488f2dd,2026-05-01T11:50:12.905566,Vargas das Pedras,Sales,59.15,DELAYED,MOTORCYCLE,72
71890986-8db3-4772-99ba-8c7c05df4cd0,2026-05-01T10:57:00.645728,Rodrigues,Lima,55.04,DELIVERED,VAN,92
a932aa39-d40a-4b2c-804c-81cc4505df5a,2026-05-01T11:05:11.760065,Gonçalves do Oeste,Ribeiro,56.79,IN_TRANSIT,TRUCK,34
b23dcba1-9b02-4775-a414-7cab9d66626f,2026-05-01T06:07:50.135139,Silveira,Vieira do Galho,46.95,CANCELLED,VAN,70
0b8a5d0b-783e-4368-b314-774a570caf82,2026-05-01T11:44:30.626382,Cardoso,Martins de Casa Grande,45.95,DELIVERED,MOTORCYCLE,21
3b43e011-01a0-4b1b-b433-3c2749ca9f32,2026-05-01T07:23:50.526078,Souza,Caldeira de Cavalcanti,12.69,DELIVERED,AIRPLANE,109
8ee34d22-193c-4466-847a-b76340423acc,2026-05-01T09:54:10.314805,Leão das Flores,Pinto de Goiás,46.3,DELAYED,TRUCK,82
8303214a-867a-42ba-92b2-f83e57e3604a,2026-05-01T11:51:23.790983,Pimenta,da Rosa Paulista,93.01,DELIVERED,MOTORCYCLE,57
2c9f4a34-cdc9-40e6-b92b-891e8fb619e9,2026-05-01T10:35:34.992963,Sá de Novais,Leão,52.73,DELAYED,VAN,97
ac375c9e-eec6-48ff-828e-8d6cc97feb94,2026-05-01T08:06:53.829094,Costa,Ribeiro da Prata,28.41,DELIVERED,TRUCK,109
1b3691f7-8510-42df-b07b-54b3ee3ec589,2026-05-01T08:58:37.400997,Andrade do Norte,Cirino,8.58,DELAYED,VAN,3
bdf7d3df-abf1-4347-811a-9018ed084a61,2026-05-01T01:27:10.661570,Pinto,Correia de Mendonça,53.5,CANCELLED,TRUCK,27
6219680e-f5d9-4a8a-9b56-23e22723c0c5,2026-05-01T11:28:37.736368,Nunes,Fonseca,75.21,DELIVERED,TRUCK,97
11f8383b-4745-4e8c-8951-716dfb6f840f,2026-05-01T12:27:54.585247,Vieira de Santos,da Mata de Ribeiro,85.19,DELIVERED,TRUCK,62
196a10c4-36f6-4fd8-a244-a7a4700d179a,2026-05-01T12:24:03.413644,da Conceição,Costela,37.0,DELAYED,TRUCK,84
e0786e34-1d9a-4053-a04d-6f3ecf84817e,2026-05-01T05:46:47.839534,Teixeira,Moraes de Minas,49.79,DELAYED,VAN,18
bae718d2-999b-4701-9131-df4190cb0ea8,2026-05-01T02:55:39.679927,Oliveira,Araújo,98.87,CANCELLED,AIRPLANE,111
cf63616b-5b3f-4e72-babe-0372d9579c37,2026-05-01T11:20:28.448338,Montenegro da Prata,Gomes,48.85,DELIVERED,TRUCK,0
7fe0e3b6-5a72-4571-81ab-2c12ab69c632,2026-05-01T03:49:17.193368,da Luz,Vieira,44.34,IN_TRANSIT,AIRPLANE,39
9edf55d1-301a-4781-a87c-56917df4021e,2026-05-01T12:02:17.190132,Pinto Paulista,Castro do Amparo,41.86,CANCELLED,TRUCK,118
66564752-bc38-4ec8-a2a2-776ce9e891cc,2026-05-01T04:18:49.482792,Pimenta,Mendes de Minas,24.3,DELIVERED,MOTORCYCLE,38
fe9fe1e1-9b7e-427c-82f3-b241137b87e6,2026-05-01T12:11:08.461540,Rodrigues,da Mota dos Dourados,64.51,DELIVERED,MOTORCYCLE,28
761d339e-6ee2-4a83-b9d5-5a5292198844,2026-05-01T04:56:06.426208,Moraes da Prata,da Mata Alegre,89.38,IN_TRANSIT,TRUCK,85
e55bceee-4bb3-465f-a4f8-6bb94c37cdcc,2026-05-01T03:13:57.411251,Nogueira de Goiás,Farias Verde,20.68,CANCELLED,VAN,51
844a8816-bd0c-47ce-85e5-d23a865ae34a,2026-05-01T00:47:49.625544,Mendes,Casa Grande das Flores,5.86,DELAYED,MOTORCYCLE,59
951c7684-5a66-4af1-8095-b210c77fee97,2026-05-01T01:18:38.523158,Fogaça do Norte,Machado da Serra,91.54,CANCELLED,AIRPLANE,55
72a09a67-1fae-4f3e-b25e-dd160b0ef588,2026-05-01T10:12:42.591211,Barros Paulista,Silveira da Praia,32.15,IN_TRANSIT,TRUCK,96
caf3414d-4228-41ec-b98b-4243c26936b0,2026-05-01T04:47:12.503299,Farias,Azevedo,26.84,DELIVERED,MOTORCYCLE,111
8add14ed-6fd3-4758-90ee-2b29d74ef3b9,2026-05-01T08:21:43.197256,Vasconcelos Alegre,Barros,81.58,DELIVERED,TRUCK,97
1030101c-1a34-4410-8b84-d52f3bad28f3,2026-05-01T07:40:05.519233,Camargo,Santos,54.92,CANCELLED,MOTORCYCLE,84
fdbad295-3fbd-4cf0-87ea-dbc33dfba81f,2026-05-01T06:27:09.260908,Marques dos Dourados,Gonçalves Paulista,2.29,CANCELLED,MOTORCYCLE,81
4e81c1b7-dd60-4e9b-9842-c10831a496fb,2026-05-01T08:53:25.350489,Câmara Grande,Correia de Barros,24.34,CANCELLED,TRUCK,41
9a67e8c8-d78f-420e-8f7b-0e55d8780646,2026-05-01T12:56:18.794931,Barros,da Mota,56.47,DELIVERED,AIRPLANE,79
d5c2bc8e-a663-4800-8b46-32ed1b33c943,2026-05-01T08:26:14.398227,Duarte,Machado do Campo,88.96,DELIVERED,AIRPLANE,71
52e30526-c95f-41bc-919d-eb6cb4748b01,2026-05-01T06:12:32.546839,Cavalcante,Abreu do Sul,93.82,IN_TRANSIT,TRUCK,115
5b763cb2-5803-49f3-b733-b4e1b3314e61,2026-05-01T04:38:05.056093,da Luz,Teixeira,45.12,CANCELLED,TRUCK,109
07e7e1f9-fc46-4cd2-809d-fd29b2c9b7fa,2026-05-01T11:10:49.311697,Azevedo,Vargas,5.92,DELAYED,MOTORCYCLE,57
e7461024-7ff7-410b-9b4e-5ad61f3c47a9,2026-05-01T10:42:59.657279,Araújo,Araújo,98.0,DELIVERED,AIRPLANE,92
397b36c5-de12-43f4-a99d-446ad7d1a23d,2026-05-01T05:35:29.854809,Cirino,Castro,50.84,IN_TRANSIT,AIRPLANE,18
68491b8b-e653-492b-af8f-66cdb014ef0b,2026-05-01T00:55:03.434497,Macedo da Praia,Vargas Verde,50.77,DELAYED,AIRPLANE,48
ca053bd1-7979-42b0-af34-b306968b88ef,2026-05-01T07:49:40.083264,Casa Grande,Rodrigues do Sul,58.6,IN_TRANSIT,VAN,38
8fd80fce-ae26-464c-9d00-644fc6386b6f,2026-05-01T04:32:02.750147,Marques de Farias,Moura,33.02,IN_TRANSIT,TRUCK,72
e869fde9-95ea-47e7-8131-ef5ed32bf4a9,2026-05-01T06:53:40.387420,Oliveira do Campo,da Rocha,8.08,DELIVERED,TRUCK,61
3a208651-7ee7-43ea-a3bb-b906e412b92d,2026-05-01T03:39:44.590309,Cassiano,Rezende Paulista,8.12,IN_TRANSIT,TRUCK,9
58826c5d-a9e7-4050-9053-e538a2e42382,2026-05-01T05:51:32.607212,Moraes Alegre,Casa Grande de Minas,20.89,IN_TRANSIT,AIRPLANE,73
bfe356ac-54c4-48a5-882c-e6f3ee508444,2026-05-01T11:50:35.087262,Leão,Rodrigues,95.17,CANCELLED,TRUCK,80
e6bb0c2e-c245-448b-afd0-b69e87bc16e6,2026-05-01T10:35:52.558441,Gomes das Flores,Souza,24.79,DELIVERED,TRUCK,116
5cb85acd-8e2b-4130-ad82-aef440db1cbe,2026-05-01T10:50:08.103798,Rocha das Flores,Pastor das Flores,56.49,IN_TRANSIT,VAN,51
4bce4ff4-9047-4b8b-9136-726e7cc2b22a,2026-05-01T11:51:00.908833,Porto de Minas,da Conceição,63.87,CANCELLED,VAN,112
d4f870ac-6f47-467c-b70e-795ad8b5fc8e,2026-05-01T10:26:23.375066,Azevedo de Nunes,Castro,41.02,DELAYED,TRUCK,14
2450743d-6126-458f-9e67-1f3cd81b684a,2026-05-01T07:50:42.315590,Peixoto,Guerra de Carvalho,18.3,DELIVERED,VAN,91
2c3921ef-fbef-4026-a64e-f80dd1acb489,2026-05-01T06:01:38.013287,Siqueira,Aparecida do Oeste,50.28,IN_TRANSIT,VAN,67
c36895ac-6c86-4e32-934e-b64ee9bffa73,2026-05-01T02:21:50.909316,Cirino,Siqueira,40.03,DELAYED,VAN,89
b6063556-df9c-4999-a2e9-a05051072201,2026-05-01T12:42:44.220852,Nascimento,da Cunha,60.29,IN_TRANSIT,MOTORCYCLE,29
8b5a50a1-7207-413b-be34-e7b7bdfbb216,2026-05-01T11:31:24.739466,da Paz de da Cruz,Rios de Mendonça,3.58,CANCELLED,AIRPLANE,76
c33d60df-0fda-4e68-a4c1-62ba7ec483ae,2026-05-01T00:23:42.171948,Leão de Barros,Aragão,50.9,DELAYED,VAN,97
7a5bcca8-bb55-4ba9-8a86-8acc192ed2db,2026-05-01T06:37:20.199205,Castro da Serra,Jesus Grande,99.76,DELIVERED,TRUCK,102
8832d58d-da20-4901-9622-ab57ae27e0d2,2026-05-01T11:59:38.190819,da Cruz,da Cruz,0.56,IN_TRANSIT,VAN,117
0c25673c-030d-4faa-82fc-612f76bfdb95,2026-05-01T09:05:27.732716,Fogaça,Vieira de Montenegro,85.77,CANCELLED,TRUCK,56
360ffbc8-7658-4cd3-8d21-bb718b762a24,2026-05-01T10:42:20.139775,Rocha dos Dourados,Aparecida,75.06,DELIVERED,VAN,114
094ff925-4f74-4b7f-8799-dff1c77d8656,2026-05-01T02:41:34.624717,Rios de Farias,Melo,15.51,DELIVERED,VAN,63
6ca3d593-3e9b-4f8e-a928-b286b9853101,2026-05-01T10:48:22.074227,da Rosa,da Mata,96.74,IN_TRANSIT,MOTORCYCLE,5
adc69434-e568-478f-9e1f-517467f0d201,2026-05-01T12:35:28.656772,Macedo do Oeste,Oliveira,97.91,CANCELLED,AIRPLANE,43
f94bea5a-25e8-415a-a402-815ceb96ac04,2026-05-01T02:42:19.409697,Araújo de Nogueira,Dias da Prata,79.49,DELIVERED,TRUCK,57
256d02c7-6715-4dc8-936f-3845331d8f4b,2026-05-01T09:31:12.019301,da Cruz,Novais do Galho,36.76,CANCELLED,VAN,13
06d4b7b7-fc40-45f8-9934-935731385247,2026-05-01T04:49:04.006889,Cavalcante,Siqueira das Pedras,44.31,DELAYED,VAN,83
331d588a-b2d9-4eb9-bd78-b9cf98cf8ced,2026-05-01T07:26:43.893572,Correia,Mendonça,70.43,DELAYED,TRUCK,81
6e4821fd-f8df-460c-b1e8-ec5dc5683724,2026-05-01T10:16:21.687147,Costela de Barbosa,Camargo do Norte,99.72,CANCELLED,AIRPLANE,101
705a97f5-912e-4f4d-a7eb-559fb973c8d1,2026-05-01T04:32:59.534398,Albuquerque de Pacheco,Brito,95.88,DELAYED,AIRPLANE,18
3f3cd19c-740f-420c-a5f2-b17da796af55,2026-05-01T09:24:45.375559,Aparecida de Porto,da Rosa da Serra,84.58,CANCELLED,MOTORCYCLE,70
4a3a62cf-c107-439e-aeb6-0164c1bae6c1,2026-05-01T04:26:43.247164,Ferreira Paulista,Cirino,33.69,IN_TRANSIT,AIRPLANE,105
4880ac6a-0c7c-49dc-aca8-8fd6f048196e,2026-05-01T02:41:05.893247,Guerra,Gomes de Pinto,69.14,DELAYED,MOTORCYCLE,52
d315a8a1-7382-4e97-bf82-cb7ab7eaf875,2026-05-01T06:03:04.330391,Teixeira da Praia,da Rosa,88.8,DELAYED,MOTORCYCLE,2
86ec4dfd-846a-46be-99d7-f7d25421b3d9,2026-05-01T03:50:38.209739,da Costa,Castro do Sul,50.08,DELAYED,VAN,26
f422df4d-1ac6-45fe-aeb8-3dd6ff009e1d,2026-05-01T11:13:37.847451,Ribeiro,Costa,3.75,DELIVERED,TRUCK,36
0a6d5456-57fe-487b-96c6-242e82c4db96,2026-05-01T05:10:40.019368,da Cruz,Gomes Paulista,57.93,DELIVERED,MOTORCYCLE,59
25acfcaf-4980-4f04-904e-01f291eaf21e,2026-05-01T08:48:43.814485,Moreira Paulista,Siqueira,99.02,DELIVERED,TRUCK,92
02886b35-648a-4b80-bff9-4c0da656765f,2026-05-01T03:33:34.603947,Camargo,Correia das Pedras,36.81,DELIVERED,TRUCK,9
3863dbdb-901d-4db0-b194-6444c4a95743,2026-05-01T02:04:58.854923,Viana do Galho,Melo Verde,93.26,DELAYED,MOTORCYCLE,32
9bad4a20-208a-40be-8e90-7295ca064276,2026-05-01T03:28:42.563050,Farias,Gonçalves de Casa Grande,69.35,DELAYED,TRUCK,1
6439c0e2-4c8b-4051-a7b4-97232995e0f1,2026-05-01T08:03:23.313773,Vasconcelos,Fogaça,72.48,DELIVERED,TRUCK,68
82a64159-4f09-4df7-b4b8-da34b39dbfc3,2026-05-01T07:48:51.399342,Peixoto de da Costa,da Mata,23.95,CANCELLED,AIRPLANE,57
868039b9-c5a1-42d6-85ad-0907c3acd18b,2026-05-01T00:01:01.982034,Cavalcante de Oliveira,Sampaio do Oeste,50.4,DELAYED,TRUCK,74
c734e97d-5ee0-48d7-b7d4-b597911d58e4,2026-05-01T05:41:32.594565,Ribeiro,Correia de Dias,78.24,DELIVERED,TRUCK,105
85a2a662-98a6-46b6-8952-3a13df0f9d67,2026-05-01T10:24:38.420018,Garcia,da Rosa,59.18,CANCELLED,AIRPLANE,112
5abdece8-ff98-4bd7-a30e-2d9c9cde3472,2026-05-01T01:03:38.416482,Correia,Duarte,84.43,CANCELLED,TRUCK,74
14bf7c64-745e-4b2b-86fd-849bf9378933,2026-05-01T06:43:27.652866,Moura,Vasconcelos Alegre,53.23,CANCELLED,TRUCK,101
36cfd02c-e4d5-451b-b2e4-3ddde105ab63,2026-05-01T06:06:46.460464,Barbosa,da Cunha,16.1,IN_TRANSIT,VAN,118
02996d47-7806-42e7-93e4-00a3ad9bdd07,2026-05-01T02:44:13.271867,Camargo do Galho,Oliveira,26.25,CANCELLED,AIRPLANE,18
2e95048b-0f6d-4692-b473-d6d3cf898d28,2026-05-01T12:17:12.750640,Cavalcanti,Melo,54.49,DELIVERED,MOTORCYCLE,93
a434e4c1-1512-4b1a-955a-58bad7fe8975,2026-05-01T03:25:28.975303,da Rocha da Mata,Machado das Flores,13.24,CANCELLED,AIRPLANE,64
5152925f-2960-44af-9338-924229e0f51d,2026-05-01T08:25:51.065387,Nascimento do Norte,Cunha,27.84,IN_TRANSIT,VAN,107
c3cc3031-b692-41e9-b6fb-7aaa97b7284e,2026-05-01T08:14:05.755656,Jesus,Viana do Norte,47.88,DELIVERED,MOTORCYCLE,48
7e4aee26-aeb4-4c79-ad5f-9aa8a8104055,2026-05-01T05:19:49.869064,Marques Verde,Caldeira,44.95,CANCELLED,VAN,91
6e54bba4-4a0d-4d8e-8521-ae8634104422,2026-05-01T11:52:44.823214,Sampaio,Cirino de Pastor,79.59,IN_TRANSIT,MOTORCYCLE,26
f0ed1bbd-56f9-4f2d-a438-0c3e26806090,2026-05-01T11:40:44.109018,Sampaio,da Cruz,25.96,IN_TRANSIT,VAN,75
297df086-602b-4ce9-b8aa-9ddfa8f6a635,2026-05-01T12:44:11.948149,Gomes da Prata,Fernandes de Duarte,32.82,CANCELLED,MOTORCYCLE,34
728acfc9-95ba-4613-bbbd-e3e8352a48d5,2026-05-01T10:21:21.566558,Ramos das Pedras,Moreira,14.72,CANCELLED,VAN,118
a739dfd4-0948-4613-9d32-9a71e9cbefae,2026-05-01T04:58:57.956534,Leão da Prata,Oliveira da Mata,26.94,DELIVERED,VAN,29
ddebf7a9-641c-4d2b-9ef5-f7b8e2755d4d,2026-05-01T01:03:32.631654,Nogueira,Montenegro,73.62,DELIVERED,TRUCK,34
42f76190-6ab9-45e4-b163-358d7c835803,2026-05-01T02:32:26.288538,Sampaio de Carvalho,Carvalho,5.57,DELIVERED,AIRPLANE,3
9d3c2ba5-28e9-4b43-8408-91a071f195d6,2026-05-01T09:42:15.558679,Pacheco,Dias,43.71,CANCELLED,TRUCK,11
7edb2a5c-a015-4d20-bec8-61e8570b844b,2026-05-01T03:52:54.975519,Rios,Pimenta da Praia,10.53,DELIVERED,TRUCK,68
9ce9b12c-0c3e-451c-bb65-135b9acd7f06,2026-05-01T07:54:29.849925,Carvalho do Campo,Rezende de Goiás,73.37,DELIVERED,AIRPLANE,8
f4f2f902-f071-40a9-98e1-9c9f640b2db7,2026-05-01T11:53:30.305899,Fernandes,da Cruz da Praia,86.23,CANCELLED,VAN,22
d7bbadc0-245d-4668-a46d-8f6225225b66,2026-05-01T12:38:24.853577,Melo de Moreira,Cassiano de Moura,70.5,DELAYED,MOTORCYCLE,60
e8265f6c-8b1d-44ee-bdf8-37ff317df552,2026-05-01T03:04:02.672546,Gomes de Minas,Ferreira,54.74,DELIVERED,TRUCK,61
514525ca-3101-4caa-848b-7e6b2ce322c3,2026-05-01T04:05:15.842248,Silveira Grande,Jesus,8.19,IN_TRANSIT,TRUCK,116
f8def0c9-c90c-44da-8cac-d8cc8b44cf37,2026-05-01T00:30:37.109870,Nunes Paulista,Nunes,55.24,IN_TRANSIT,MOTORCYCLE,9
4f3de3a8-86b0-4e01-92ba-cf27973eb567,2026-05-01T08:05:09.188243,Abreu,Siqueira,12.23,DELIVERED,TRUCK,108
fc9d5897-f4ca-445d-bc7a-a88930401e43,2026-05-01T02:13:12.901077,Rocha,Aragão,0.54,IN_TRANSIT,MOTORCYCLE,78
e3c16921-3703-4832-a660-c752a16ee78c,2026-05-01T05:30:19.500866,Viana de Carvalho,Cirino de Lopes,50.67,DELAYED,MOTORCYCLE,8
b8475ea5-cf28-4cdf-9107-670f20595858,2026-05-01T03:34:19.453737,Sousa do Galho,Nunes de Aparecida,65.45,IN_TRANSIT,VAN,70
aed4290c-5ce7-47c4-b981-04f9cfea21e1,2026-05-01T07:18:40.199360,da Rocha,Macedo,8.49,IN_TRANSIT,AIRPLANE,73
ab800a7b-eb96-4094-a9ea-5d3d5c51266b,2026-05-01T01:19:09.719396,Cirino do Norte,Mendes de Gomes,83.51,IN_TRANSIT,MOTORCYCLE,70
2a9d7647-d855-407b-b7cf-9b4605b082ba,2026-05-01T06:11:11.988658,Nascimento,Correia,1.96,CANCELLED,VAN,56
d6b9b612-faf0-4291-958c-907cc75f72cc,2026-05-01T03:13:01.561539,Peixoto de Carvalho,Nogueira do Sul,42.85,IN_TRANSIT,MOTORCYCLE,41
32a39038-7d38-4016-a772-96caa19417e2,2026-05-01T00:50:02.340257,Silva,Pinto,10.68,IN_TRANSIT,AIRPLANE,58
66f48c75-9cd2-4b68-bbca-ce1c4c092ace,2026-05-01T10:01:16.010035,Lima,Santos de Siqueira,97.54,IN_TRANSIT,MOTORCYCLE,1
0bcac401-c3df-4a0c-b1eb-b8f71bdf08e8,2026-05-01T11:15:31.772828,Nunes,Sousa do Galho,42.8,IN_TRANSIT,AIRPLANE,59
b876df82-db89-42cf-8b6e-9f931af26580,2026-05-01T08:47:34.779083,Souza do Galho,Souza,13.84,DELIVERED,MOTORCYCLE,9
8a04c460-3bd7-453d-85cd-5144163d5f46,2026-05-01T07:56:20.850297,Siqueira,Gomes Grande,17.5,IN_TRANSIT,TRUCK,106
85c54d6f-bfbc-401a-b8d3-b0f9da7dee6b,2026-05-01T07:23:11.222898,Oliveira das Flores,Sousa,99.64,CANCELLED,TRUCK,108
5c6b7fba-a80d-429d-8957-77f522a44e7e,2026-05-01T06:26:16.131468,Pires,Nunes do Norte,79.82,DELAYED,TRUCK,0
01773b76-aba6-479a-b0ba-9eeadcf080f0,2026-05-01T01:50:07.268248,da Conceição de Viana,Leão,10.47,DELAYED,MOTORCYCLE,68
cb5ac3dd-74de-41b6-bbf1-0cb6dcd962b9,2026-05-01T05:59:59.308868,Pereira Grande,Lima,2.43,IN_TRANSIT,MOTORCYCLE,119
e37267f3-368f-4ca8-bf31-c77b3df9c790,2026-05-01T04:49:05.727867,Leão,Fonseca de Moraes,37.96,IN_TRANSIT,VAN,113
d9023950-20fa-4d16-8255-082ce373c7dc,2026-05-01T01:40:24.579423,Pereira,Fernandes de Santos,55.26,DELIVERED,AIRPLANE,21
328dcc3f-10af-4680-ab09-ad49f5a53212,2026-05-01T05:52:02.266472,Sá de Pereira,Caldeira dos Dourados,17.53,IN_TRANSIT,AIRPLANE,107
e8ae1362-b897-4043-a49f-04fc70ebe968,2026-05-01T05:28:23.184761,Alves,Caldeira,93.45,CANCELLED,TRUCK,65
58f09b97-8e38-42ba-b31e-c9d5f08a44ed,2026-05-01T12:12:37.258145,Aragão Verde,Cavalcante do Amparo,88.32,DELIVERED,AIRPLANE,29
91f1c6a3-45d7-498b-9442-31eec197b896,2026-05-01T04:22:09.274575,Martins de Garcia,Aragão,11.91,IN_TRANSIT,MOTORCYCLE,24
769b1bf3-e632-4c13-832d-61d491db03ce,2026-05-01T04:22:44.735843,Cassiano de Correia,Macedo de Câmara,61.58,CANCELLED,TRUCK,52
4e48474e-aae5-4f70-9f20-823a9e2acffa,2026-05-01T11:35:09.244726,Alves de da Rocha,Gomes do Norte,96.27,IN_TRANSIT,VAN,65
19871ffd-bb81-4e2a-ae1b-05cf9364c47d,2026-05-01T08:00:38.232742,Rios de Lopes,Cirino,51.0,DELAYED,TRUCK,96
446babe6-ede7-4d37-8848-965051dc3901,2026-05-01T00:41:41.844892,Lima,Montenegro de Goiás,25.05,CANCELLED,AIRPLANE,29
41e82059-0615-49f4-b24f-1e1ed6aae53e,2026-05-01T03:38:22.209805,Nunes da Prata,Freitas,45.59,CANCELLED,TRUCK,96
94e41032-97b3-4e25-b6c7-e1cbf1347649,2026-05-01T10:30:34.072690,Pires do Norte,Rios do Sul,23.5,DELIVERED,TRUCK,1
2c61591b-1666-4dfe-8db5-b998ad46137d,2026-05-01T01:06:22.172195,Ribeiro Paulista,Sales da Serra,18.36,DELIVERED,VAN,70
e181ea83-92a8-4280-8fea-992905485aac,2026-05-01T04:59:14.428633,Castro,Nogueira de Andrade,92.05,DELIVERED,AIRPLANE,111
9c3b87df-91da-4a76-b679-68c0653f9553,2026-05-01T12:21:19.637962,Lima de Macedo,Câmara da Prata,46.38,DELIVERED,MOTORCYCLE,22
c8a3cb92-065a-45b5-8f64-8b6be4a01308,2026-05-01T03:02:11.795757,Fonseca,Andrade,16.42,CANCELLED,TRUCK,63
99426cb6-7828-404f-876d-306b944e8b37,2026-05-01T03:32:46.563198,Vasconcelos de Carvalho,Vasconcelos da Prata,93.03,DELIVERED,VAN,109
1f14d76b-92c0-4d3d-adcf-70543e303766,2026-05-01T02:27:04.208666,Costela,da Cruz,60.06,DELIVERED,VAN,95
198237e4-0904-47e1-a639-3d6f34d64ad1,2026-05-01T04:50:41.521546,Pacheco de Fonseca,Marques da Serra,58.34,DELIVERED,TRUCK,36
70b7d99d-6b21-445f-baf0-7364f4ac3820,2026-05-01T10:55:02.619962,Rios de Melo,Freitas do Campo,24.37,DELAYED,AIRPLANE,99
7a6224f1-c044-4896-b8c1-07fe3ab8e78e,2026-05-01T11:40:50.088553,Cavalcante de Barbosa,Cavalcante,15.79,DELAYED,MOTORCYCLE,1
c13e7342-8e39-4208-a078-d775cfba0b3f,2026-05-01T01:22:06.459635,Nascimento de Rios,Viana,41.64,IN_TRANSIT,TRUCK,86
7efcc4b7-8b69-48af-b243-4e1dbcdce50a,2026-05-01T05:46:14.100812,da Mata,Rocha,63.41,DELIVERED,MOTORCYCLE,105
f4a57ba4-6654-4393-8332-e5ce034883bb,2026-05-01T05:35:12.304031,Rocha,Costa de Ribeiro,87.81,CANCELLED,VAN,88
80f5564d-fe2b-4307-bf41-46f3f0442dd0,2026-05-01T04:49:00.824156,Fonseca do Campo,Aragão,55.27,DELAYED,AIRPLANE,54
d342b2a0-94a1-42d7-a16a-157b0c555196,2026-05-01T06:54:43.771422,Campos de Goiás,Vieira,69.16,DELAYED,MOTORCYCLE,71
7d85e29d-2e03-4190-9628-cd89adabe21e,2026-05-01T10:23:12.822492,Campos de Goiás,Sampaio da Mata,92.3,CANCELLED,MOTORCYCLE,73
64704ad5-2a15-498a-b6b6-0f19f705fe6a,2026-05-01T03:14:53.720175,Abreu de Minas,Borges do Norte,21.22,DELIVERED,MOTORCYCLE,71
c1dee25c-67a8-47d5-bf86-cb8e60daae1a,2026-05-01T10:19:00.886508,Fernandes do Oeste,da Rosa,13.51,DELAYED,MOTORCYCLE,47
9fc8cf10-b0d2-4a96-8292-042ccf5c02a5,2026-05-01T11:11:34.423482,Abreu da Praia,Alves,42.91,IN_TRANSIT,TRUCK,32
14cdc165-003f-43db-8071-6f9c738ff782,2026-05-01T08:25:42.639472,Lopes,Aragão do Sul,62.63,IN_TRANSIT,VAN,69
c8598482-2dc5-4a44-9393-43ac98cf0555,2026-05-01T12:21:26.676718,Pacheco,Peixoto Grande,94.04,CANCELLED,VAN,111
52a41837-b694-4b12-88b0-831a18d726c7,2026-05-01T02:59:16.163746,Aparecida,Sales de Novais,97.93,DELIVERED,VAN,47
dbcb9d62-0954-438b-8c6a-4228f2e27558,2026-05-01T11:26:12.826170,Pacheco,Montenegro de Minas,45.09,DELAYED,AIRPLANE,68
41a1f590-75ca-4343-9a0c-ad6a19b5ee07,2026-05-01T10:18:11.353456,Peixoto,Farias de Goiás,81.6,CANCELLED,MOTORCYCLE,78
91738f50-d73b-4309-b60e-83f5f7f875dd,2026-05-01T05:05:40.054416,Ferreira,Correia da Praia,22.99,IN_TRANSIT,MOTORCYCLE,105
8f2a045e-3ee4-4b1c-a316-664191ff9fb2,2026-05-01T00:29:41.102020,Pimenta do Norte,Fernandes,79.86,IN_TRANSIT,VAN,28
fff3c0c1-906a-4613-ab4c-3b4aa4ce934c,2026-05-01T11:26:31.972358,Machado,Barbosa de Peixoto,0.75,IN_TRANSIT,TRUCK,60
93fc7e1d-8ecc-411d-b4a7-686aad7fbeb0,2026-05-01T02:27:02.004914,Sales,Moreira,99.07,IN_TRANSIT,TRUCK,85
133f6371-4677-420d-9310-531a8560e728,2026-05-01T12:25:00.987680,Ferreira da Prata,Rios da Mata,91.05,IN_TRANSIT,MOTORCYCLE,107
3bc82c41-4bb5-45bb-8893-67a75bfcd2c6,2026-05-01T09:02:22.685019,Sampaio,Sousa,91.99,DELAYED,TRUCK,31
38af6638-49ff-4dda-980d-2b4f68b2f4ce,2026-05-01T01:16:41.683312,das Neves,Martins de Costa,44.11,DELAYED,MOTORCYCLE,112
203e9c2c-002f-407f-aa49-3b8f817d4ba3,2026-05-01T06:06:49.220265,Camargo das Pedras,Cassiano de Garcia,67.04,DELAYED,MOTORCYCLE,6
0125eb78-26ed-4fca-ae51-b022547c6cdf,2026-05-01T03:32:43.731887,da Costa Paulista,Camargo do Galho,72.14,CANCELLED,VAN,48
54b5feb0-2a73-49cf-8ad2-18ab27f86a4e,2026-05-01T07:29:17.726657,Pinto,Lima,99.27,DELAYED,AIRPLANE,67
b09cfabd-0d17-4079-983c-f69fdd31e144,2026-05-01T06:40:32.081789,Lopes,Costa dos Dourados,20.22,DELIVERED,MOTORCYCLE,46
c2a4f876-7491-4cf5-9f56-e018b9049feb,2026-05-01T08:35:43.767648,Nascimento do Amparo,Pereira do Oeste,52.87,DELIVERED,VAN,88
c46c8579-232f-4417-ac3c-8af54f778b35,2026-05-01T00:53:01.724169,da Cunha,Sampaio,27.69,DELIVERED,TRUCK,109
686befbc-c900-49ae-8bf0-efd3537c636e,2026-05-01T01:27:04.177192,Gomes,Rezende da Serra,42.73,CANCELLED,MOTORCYCLE,40
1159f10f-48f9-4627-9ca8-f1ed336219ce,2026-05-01T06:38:51.085481,Pereira,Araújo Verde,63.33,DELAYED,MOTORCYCLE,18
d8bd4252-0b3a-423a-8469-3e5f3e541ba7,2026-05-01T07:53:42.979892,Sales,Aragão Grande,94.52,IN_TRANSIT,MOTORCYCLE,108
c03361eb-b297-4fa1-b4e1-21641f643ab3,2026-05-01T06:38:23.606318,Farias de Ribeiro,Vieira das Flores,40.85,CANCELLED,VAN,54
a15989eb-804e-4cd9-b5ef-c14e5e885d33,2026-05-01T03:20:43.296561,Moraes do Campo,Teixeira,52.05,DELIVERED,VAN,108
f6411808-aabe-4d7e-8ded-d4bca4286af0,2026-05-01T12:00:57.770847,Duarte,Dias de Vargas,22.72,IN_TRANSIT,MOTORCYCLE,33
14f5fc08-639f-423e-924c-bede19432c97,2026-05-01T04:45:25.483834,Borges de Minas,Azevedo,98.12,IN_TRANSIT,AIRPLANE,77
2914316b-52a1-46b5-a2db-c9ee746ad776,2026-05-01T00:21:22.197232,Araújo Verde,Aparecida,39.81,DELIVERED,VAN,28
1ec5dc40-bace-4806-aaae-604e4df1b2f3,2026-05-01T11:53:26.138255,Casa Grande do Campo,Cunha,88.99,DELIVERED,VAN,50
4fea3671-d956-4f61-8c80-6bb097cdf1c2,2026-05-01T00:26:06.822506,Freitas das Flores,Rios,66.5,DELAYED,AIRPLANE,119
815e5011-002f-4412-8f66-a702c5cdfbe4,2026-05-01T08:09:57.652288,da Mota,Andrade do Amparo,39.92,CANCELLED,MOTORCYCLE,70
0300bb01-8b60-412a-b5ed-7eabd0d10d0d,2026-05-01T08:46:51.579017,Rios,Rios da Praia,45.74,CANCELLED,TRUCK,52
471f313d-3490-4b83-aa13-3465251d3746,2026-05-01T08:07:12.884338,Gomes de Moraes,Ribeiro de Castro,53.66,DELAYED,MOTORCYCLE,16
0bc6214b-83c2-45d0-82e6-bbb20a68da49,2026-05-01T05:48:22.566356,Porto,Nascimento,58.48,DELIVERED,VAN,26
337747ff-e1ae-4b33-a572-22a02fb0a372,2026-05-01T09:29:49.433793,Brito de Goiás,Sousa,91.9,DELAYED,AIRPLANE,56
4afdbd7a-1f8b-4cd0-a094-98ba29bf57d6,2026-05-01T07:15:23.021996,Farias,Camargo dos Dourados,57.6,DELAYED,AIRPLANE,102
a33ed992-ee07-4d5e-93ab-a94a967266ba,2026-05-01T10:14:38.023885,Farias Paulista,Lima,99.0,DELAYED,MOTORCYCLE,18
64d5ce76-1cde-4f3e-aa92-56cb11fe91d2,2026-05-01T01:07:47.133190,Ramos,Cavalcanti,93.23,CANCELLED,MOTORCYCLE,92
a535f9ce-980f-41bb-82bd-af9dae709814,2026-05-01T01:07:24.135083,da Cruz,Freitas de Teixeira,95.35,CANCELLED,VAN,68
1b57575c-88f8-42a8-8f83-15a50a08ad2b,2026-05-01T05:30:13.199003,Brito de Minas,Sousa,86.26,IN_TRANSIT,MOTORCYCLE,120
f81c5778-0efa-4fc2-a204-b71330027989,2026-05-01T04:34:52.734903,da Luz de Mendonça,da Luz de Minas,99.68,DELIVERED,AIRPLANE,76
3b01ccaf-7da5-4de7-93f1-2e830c05ae7b,2026-05-01T02:47:09.835872,Freitas,Nunes,74.39,IN_TRANSIT,TRUCK,68
48ce4b87-421a-4a49-84fe-882afe2b3ee3,2026-05-01T06:28:58.054151,Teixeira,Pereira,71.54,DELAYED,MOTORCYCLE,91
9031755e-e6ef-4a9f-be33-0b459fea0386,2026-05-01T04:38:02.288319,Andrade do Galho,Guerra,61.76,DELIVERED,VAN,6
30ac522e-7aa2-4bf8-a142-e15986186972,2026-05-01T01:27:52.989356,Duarte,Pimenta da Mata,50.88,CANCELLED,AIRPLANE,78
c455e5f8-e3ee-4e21-9096-6a49e2d96429,2026-05-01T07:14:59.147338,Pastor da Mata,Mendonça de Lima,86.63,DELIVERED,VAN,7
0082e27a-0466-4905-9963-5af8f3ed2cb5,2026-05-01T06:04:30.433349,Santos de Minas,Nogueira,17.36,DELIVERED,TRUCK,50
833a074c-b587-4017-bd90-ec3ea60b5a3b,2026-05-01T06:16:39.962611,Freitas de Nogueira,Farias,6.73,IN_TRANSIT,AIRPLANE,48
73b80335-d087-46e1-8e7a-4c271d655fed,2026-05-01T12:30:04.213942,Fernandes,Porto,27.26,CANCELLED,TRUCK,35
e25c653e-a21b-430a-bdb8-45ce68466325,2026-05-01T03:30:30.096287,Guerra das Pedras,Correia,80.32,CANCELLED,MOTORCYCLE,17
3f286700-46ab-4bb9-9623-efedb0da29f2,2026-05-01T04:02:53.633298,Vasconcelos,Melo do Campo,50.96,IN_TRANSIT,TRUCK,69
b28b2a08-571f-4b4f-98ac-104e461f5a01,2026-05-01T07:23:39.975426,Nogueira,Pacheco,98.1,DELAYED,AIRPLANE,96
545ce437-41f1-4553-8ffd-19d35c2bd1ec,2026-05-01T10:06:11.479960,da Paz do Amparo,Ferreira de Rodrigues,85.03,DELIVERED,VAN,59
2af87404-717b-4e21-b5e7-8683ea0675af,2026-05-01T03:11:33.275183,Correia,Sá,72.75,CANCELLED,TRUCK,75
22666b7a-315c-477c-a6cb-b132418a7f23,2026-05-01T10:54:53.883798,Mendes Alegre,Santos,56.44,CANCELLED,MOTORCYCLE,46
b6c4f693-21bd-48da-8fc9-fd946607179c,2026-05-01T00:30:10.225269,Viana,Martins de Monteiro,86.44,DELAYED,TRUCK,110
24f647f1-0036-4ec8-a9c1-9eb51560c7bd,2026-05-01T01:55:35.389809,Carvalho,Sales de Minas,32.66,DELAYED,MOTORCYCLE,14
999dfad6-eaaa-4e0a-b74c-600e94c288d2,2026-05-01T10:13:44.548716,Fernandes do Oeste,Cavalcante Grande,82.43,DELIVERED,TRUCK,42
d601f54c-5361-4594-a64e-75180bab6f89,2026-05-01T02:20:19.274634,Albuquerque dos Dourados,da Luz,89.95,DELAYED,AIRPLANE,12
dcb50938-b8d7-4752-9f3a-2c455229cf69,2026-05-01T07:39:30.998067,Rezende Paulista,Vasconcelos,3.37,CANCELLED,VAN,101
884d94e4-1a99-4e0e-b26e-b94423edde0a,2026-05-01T02:00:01.311903,Abreu,Viana,35.91,IN_TRANSIT,AIRPLANE,27
af4999d6-1907-4879-9b3e-a4aff5367698,2026-05-01T04:21:30.066841,Campos do Galho,Cardoso das Flores,3.17,CANCELLED,VAN,64
1ebc32fe-acb2-4fc4-80b6-9e9420f23276,2026-05-01T10:16:35.160947,Alves da Serra,Souza de Minas,20.68,CANCELLED,MOTORCYCLE,29
42761a48-89aa-412c-b926-1380d36ee87b,2026-05-01T11:20:25.519936,Mendes,Casa Grande,9.0,DELIVERED,TRUCK,4
fe3a3ff5-b9fb-4a33-bdde-68d60bd0d9a1,2026-05-01T11:28:04.327605,Fogaça de Dias,Melo Grande,12.26,DELIVERED,MOTORCYCLE,89
ecae848c-188a-4941-9c0b-0cb4b327e020,2026-05-01T04:54:21.145096,Monteiro dos Dourados,Oliveira da Mata,78.7,DELIVERED,VAN,118
ddc98231-b930-4f36-99cd-56e09775392b,2026-05-01T10:47:05.424223,Pimenta do Oeste,Araújo,58.94,DELAYED,TRUCK,4
9b786c47-7e90-4c64-b8f3-ffdef58aa9a1,2026-05-01T04:30:54.820225,Guerra,da Rosa da Praia,89.18,DELAYED,VAN,14
e5430ba8-c215-43d7-ba05-49bff9446e80,2026-05-01T07:02:57.308956,Sampaio do Sul,Cavalcante da Prata,68.9,CANCELLED,AIRPLANE,86
5ccc337c-d1c6-4c1e-9df4-641c9e0020a8,2026-05-01T05:49:46.094933,Lopes Grande,Ferreira,40.0,CANCELLED,TRUCK,74
2a19e400-3093-4049-9bad-26e1fae0f119,2026-05-01T00:08:38.206207,Cavalcante das Pedras,Caldeira da Prata,52.9,CANCELLED,VAN,88
f06e577c-689c-45ff-9205-6b15f5ecc4a3,2026-05-01T09:21:35.951232,Carvalho do Norte,Vasconcelos,90.04,DELAYED,VAN,42
1d5794f7-fe63-45e3-a3f5-0b3f1bdf7d3e,2026-05-01T12:01:26.501108,Monteiro de Fonseca,Rodrigues,79.37,CANCELLED,VAN,43
582b7c30-5820-42d4-a099-95b450279309,2026-05-01T08:35:30.407721,Rios de Borges,Fogaça,51.07,IN_TRANSIT,TRUCK,74
5a7b1128-e965-4f61-a4ed-a1029e3581cb,2026-05-01T12:26:18.136398,Fonseca das Flores,Fernandes,74.02,CANCELLED,TRUCK,27
4603ea7e-3bfc-4ab8-b283-3f3f3ea38b23,2026-05-01T11:55:12.930019,Viana das Flores,Almeida,98.38,DELAYED,MOTORCYCLE,80
a372fb1d-3b58-465b-99e5-323f68b43b61,2026-05-01T03:47:11.236281,Peixoto do Sul,Ribeiro de da Mota,59.3,DELAYED,TRUCK,60
b0749d1a-585a-4b18-950e-22e9b698c54f,2026-05-01T07:08:32.886368,Pinto,Barbosa de Albuquerque,77.31,CANCELLED,MOTORCYCLE,19
910d9c19-009f-4b29-aaea-70ccff455b87,2026-05-01T00:58:21.665333,Cardoso de Montenegro,Cunha Paulista,43.66,CANCELLED,MOTORCYCLE,28
677e35e7-19b1-4fac-bc75-74f5bbba8d28,2026-05-01T06:07:26.114413,Vasconcelos,Campos,99.06,DELIVERED,VAN,93
63f723ba-db4e-43de-a762-cec1874a9f94,2026-05-01T05:03:12.897710,Novaes,da Paz,83.78,DELIVERED,MOTORCYCLE,95
a68c40de-8320-43a7-aa7e-610811a23e38,2026-05-01T12:02:56.511566,Fernandes,da Mota Grande,98.08,IN_TRANSIT,TRUCK,51
9b26ba2f-72f6-4e20-9b4f-b512cd965ef9,2026-05-01T12:02:04.938968,Sousa do Sul,Duarte de Vasconcelos,62.36,DELIVERED,AIRPLANE,75
313300a5-e04d-411f-9db7-8e4babda1e43,2026-05-01T04:12:55.355248,Gonçalves,Guerra,94.59,DELIVERED,MOTORCYCLE,18
99012561-2fe0-4f21-a0cd-b2ed49bd9902,2026-05-01T05:40:38.931141,da Rosa de Rodrigues,Brito,72.44,IN_TRANSIT,VAN,25
21f45fa6-ac1b-43cd-a5fa-4af10a353d7d,2026-05-01T07:23:58.257979,Caldeira,Farias,41.5,DELAYED,VAN,84
58d252b1-22cc-4710-9b5f-7c9a5edbb3ea,2026-05-01T06:11:46.002003,Abreu das Flores,Nascimento,94.94,CANCELLED,AIRPLANE,102
cbe68b08-90fb-440d-9f65-b1f29a324660,2026-05-01T08:58:18.129828,Duarte de Casa Grande,Siqueira,22.42,IN_TRANSIT,VAN,78
88bdfe29-e5f9-44e9-b59c-7689babe0e97,2026-05-01T04:02:22.303780,Barros do Campo,da Rocha do Sul,20.33,DELAYED,TRUCK,11
bc74f01a-2831-4e40-8667-51d84af446c9,2026-05-01T04:23:46.555123,Caldeira,Silveira de da Mota,45.45,DELIVERED,VAN,79
1fb37367-a9f1-45ab-9535-85e871913a83,2026-05-01T00:42:11.852519,Rocha,Pires do Norte,95.25,DELAYED,MOTORCYCLE,98
838519c2-806b-4c97-9df6-2a3a266b3cb2,2026-05-01T12:00:23.719058,da Costa Grande,Rocha,70.97,CANCELLED,MOTORCYCLE,57
5bde0a71-911c-4214-8b61-34b4b91f10f5,2026-05-01T02:02:04.290460,Cavalcante do Amparo,Carvalho,78.18,IN_TRANSIT,MOTORCYCLE,15
31076323-f7b6-4911-a5da-414179ddfc37,2026-05-01T02:12:37.628067,Rocha do Oeste,Jesus,25.47,DELAYED,AIRPLANE,7
c2e426aa-c8d9-4a20-983e-8011d2e130ae,2026-05-01T08:34:27.147731,Ferreira,Silva de Novais,18.56,DELAYED,TRUCK,1
e9ea384a-64b5-4cf7-a632-3a95932ce3db,2026-05-01T06:23:43.639963,Sousa,Cavalcanti,23.76,DELAYED,MOTORCYCLE,46
445fe4b5-87d1-47ab-81b5-931c128ff609,2026-05-01T00:30:48.478951,da Cunha,Fonseca da Mata,84.39,IN_TRANSIT,VAN,89
b9235e16-914c-4319-89b2-65866c16ae2d,2026-05-01T09:26:48.697090,Silva,Pastor,93.62,DELIVERED,MOTORCYCLE,2
34a9b6fd-eab9-4e32-8e6c-16df12b444db,2026-05-01T09:44:42.258572,Ferreira,Machado,36.03,DELIVERED,TRUCK,52
5454560c-dc6f-4c0e-94ce-d1a4f10ed820,2026-05-01T10:53:42.154213,Fogaça,Cirino,20.12,IN_TRANSIT,TRUCK,1
31a075ba-32a9-448b-a4a3-f7e943a204f1,2026-05-01T07:39:40.916436,da Cunha,Rezende de Minas,17.36,IN_TRANSIT,AIRPLANE,84
84d5672d-fbc1-4870-bb5f-f4c8180c1593,2026-05-01T09:05:39.790702,Barros,Fogaça,65.1,DELIVERED,TRUCK,14
bfec336c-be5f-4877-8175-d96a549d40da,2026-05-01T09:38:15.096603,Casa Grande de Silva,Carvalho,14.35,CANCELLED,VAN,15
195db68b-894a-445a-b275-9d611eb770d8,2026-05-01T03:57:01.669694,Vieira,Brito,16.82,DELAYED,TRUCK,43
e11c15d7-b561-492f-86e9-41e01fea26c8,2026-05-01T10:30:27.590907,Porto,Guerra de Cavalcante,54.02,DELIVERED,MOTORCYCLE,116
b414a7dd-0e0c-4e17-a7cc-dd5576218f11,2026-05-01T08:17:56.289791,Porto,da Rosa,0.16,DELIVERED,AIRPLANE,83
dbe00c7c-516d-4812-98fc-b5e72d2a33d2,2026-05-01T05:22:09.591798,da Cunha de Minas,Peixoto,90.22,CANCELLED,TRUCK,61
b5efdbbb-7052-4f0f-9393-fbe522fed837,2026-05-01T04:49:07.610169,Cunha das Pedras,Moraes,85.74,CANCELLED,MOTORCYCLE,46
f686e29a-7f74-412b-a530-ad6236615782,2026-05-01T02:04:43.185707,Santos,Viana de da Mata,29.72,DELAYED,MOTORCYCLE,9
d2610815-33b4-4ce5-b050-3ec5921b0945,2026-05-01T01:53:59.969977,Pimenta,Vargas,72.78,DELIVERED,AIRPLANE,110
a232a07f-6aca-42aa-bb8a-1bad93e4607f,2026-05-01T01:34:58.465947,Peixoto,Nogueira,97.08,DELIVERED,AIRPLANE,59
9f960d7a-ede7-4524-85cf-aeac6a2fd2ae,2026-05-01T00:32:50.123140,da Costa,Aparecida,78.09,IN_TRANSIT,TRUCK,107
7ebefd4d-4a84-41d1-a1a5-95ac9842847f,2026-05-01T12:59:15.094260,da Costa,Sales das Pedras,80.3,CANCELLED,TRUCK,21
27942c58-4c73-4b14-8758-d2a54b77873a,2026-05-01T11:38:10.652224,Guerra,Machado,32.82,DELIVERED,VAN,59
e08d401f-7dfc-4d61-b4fe-57789505d774,2026-05-01T07:22:53.128819,Costa de Costa,Vieira do Sul,34.78,IN_TRANSIT,AIRPLANE,26
b2513055-093c-4cd8-bb6a-c3467d99cf43,2026-05-01T11:20:45.894948,Ribeiro da Mata,Cavalcanti,62.29,DELIVERED,MOTORCYCLE,13
56844266-e28b-4169-a341-258cc5ea17e6,2026-05-01T06:15:21.651079,Ferreira,Pires,27.61,DELIVERED,MOTORCYCLE,99
8d9f043e-6f41-487f-81e3-977184f61126,2026-05-01T01:18:50.300956,Guerra,Caldeira,22.57,CANCELLED,MOTORCYCLE,23
c83156e7-7e0b-4536-9fb0-064440b3767b,2026-05-01T05:18:22.485881,Porto da Prata,da Costa,10.34,DELIVERED,AIRPLANE,35
a889cdbd-41e2-404c-b4fe-6f1019cefcca,2026-05-01T06:25:42.873031,da Luz de Goiás,da Conceição,95.65,CANCELLED,MOTORCYCLE,76
72e1196f-7c4d-46ec-8e1a-6a07af2ea50b,2026-05-01T07:13:23.040598,Dias do Sul,Ramos,74.06,DELAYED,VAN,7
8263c794-a98b-4ef2-b74e-8572ff6919a9,2026-05-01T10:53:32.492876,Rodrigues,Cavalcante de da Luz,62.58,CANCELLED,AIRPLANE,50
33fa0104-cd72-4cac-a919-ece23b750961,2026-05-01T11:33:13.065723,Carvalho da Mata,Cirino,71.18,CANCELLED,MOTORCYCLE,96
625672d2-43fb-4f49-be7a-b49ca0241a50,2026-05-01T12:05:39.229696,Leão,Lima,35.52,DELAYED,TRUCK,87
f8bf9038-6b3a-4fb1-b900-beebda3f42e9,2026-05-01T11:00:47.737510,Pires do Norte,Pereira de da Rosa,62.71,CANCELLED,MOTORCYCLE,54
d8157ad1-8ecf-415b-bcab-161d5e54017c,2026-05-01T07:13:47.436783,Pacheco da Praia,Machado,2.91,DELAYED,TRUCK,30
d2a1eb77-019b-40a4-ab32-e0ff391e4003,2026-05-01T03:52:58.870303,Cavalcanti do Sul,Vieira,48.6,DELIVERED,VAN,115
226d59df-0e9f-40a7-bb51-3c2d8705586c,2026-05-01T04:10:46.889215,da Conceição dos Dourados,Jesus do Sul,34.92,DELIVERED,MOTORCYCLE,52
ee410508-6e68-4d0b-b676-d6b1ac614824,2026-05-01T02:15:38.304291,Santos de Ramos,da Rocha,62.75,DELAYED,VAN,100
3f0dcb27-7aa9-4b4b-8a99-cbce11412924,2026-05-01T08:49:17.967461,Dias da Mata,Caldeira das Pedras,64.28,DELIVERED,VAN,94
3938a0c1-bcd0-48d7-adc1-844a6408b7ec,2026-05-01T04:43:50.069589,Porto do Campo,Araújo,11.95,DELAYED,VAN,37
170923fb-5f2a-4ae8-adc9-e5edb49b3d55,2026-05-01T05:52:14.901642,Pastor,Nunes,96.26,DELAYED,AIRPLANE,3
5c29f002-5b7a-48cd-a82d-0da404ec3279,2026-05-01T07:48:23.275228,Pereira,Ramos,49.47,CANCELLED,AIRPLANE,111
cd0f63bb-2d64-4b7b-89a6-78c7d55e8ba3,2026-05-01T04:51:41.331950,Barbosa,Sá do Sul,82.51,CANCELLED,AIRPLANE,65
32353a96-6455-4f07-b432-c4e7860ccbd7,2026-05-01T09:36:38.208394,Mendes da Serra,Ramos de Jesus,89.36,CANCELLED,VAN,97
15f5dd00-cbdb-4172-9baa-2c17f4f37006,2026-05-01T03:27:49.938843,Cunha,Pimenta,40.55,DELAYED,VAN,18
6ba16032-c2be-487e-a543-4b0f3d150285,2026-05-01T01:39:07.839164,Cavalcante,Costela,51.54,IN_TRANSIT,MOTORCYCLE,81
1fe99464-9ab9-4df7-8c10-49dab570becf,2026-05-01T08:30:34.447342,Jesus Alegre,Novais,46.9,DELAYED,TRUCK,63
26263cb0-ee33-42af-bd2e-bf5203cfadc1,2026-05-01T04:43:59.397921,Caldeira de Caldeira,Caldeira de Camargo,86.16,DELAYED,MOTORCYCLE,73
84915d61-5b85-4178-8334-034a3d388aac,2026-05-01T07:19:06.199287,Oliveira de Vasconcelos,Cavalcanti dos Dourados,33.65,DELIVERED,MOTORCYCLE,64
9cd94f08-2246-48bc-be52-d3a98702aa77,2026-05-01T02:42:44.181995,Rodrigues da Mata,Lima,57.54,IN_TRANSIT,VAN,78
ddcd9768-28a1-413b-b9b4-6be73075d88e,2026-05-01T05:37:38.107820,Pires,Cunha,11.15,CANCELLED,VAN,26
847e24cd-7c95-4e91-82e1-aee8b7c77be1,2026-05-01T11:06:42.795498,Pastor do Galho,Sousa Grande,56.23,IN_TRANSIT,AIRPLANE,82
96da10ef-573f-4aaf-8635-e558cf74c4af,2026-05-01T03:18:49.705313,Dias Grande,Rezende,30.61,IN_TRANSIT,VAN,97
eef338fc-6df0-4aac-ae75-f7c3ccb23b75,2026-05-01T09:02:39.917896,Siqueira,Macedo do Oeste,65.23,IN_TRANSIT,MOTORCYCLE,59
4fd44818-d3a5-4647-915f-fdf177a06e10,2026-05-01T04:00:32.799862,Montenegro,Moreira,30.74,CANCELLED,VAN,53
b5170b25-55f6-43a5-a24b-916cded76c32,2026-05-01T03:43:45.636599,Gomes do Campo,da Luz,72.77,DELIVERED,TRUCK,22
1ee83743-33c0-4e04-9610-2ca20cced630,2026-05-01T06:31:54.636702,Fernandes Alegre,da Cunha de Silveira,98.4,DELAYED,VAN,75
92e44d07-5020-4e98-a414-9f59e8ed9751,2026-05-01T01:03:29.131995,Jesus do Amparo,Barbosa do Amparo,41.43,DELIVERED,MOTORCYCLE,73
8ae1464d-7dbc-429f-90b2-1d8c70b9c9a2,2026-05-01T06:39:49.157300,da Conceição,Pastor,85.28,DELIVERED,MOTORCYCLE,111
5d556e64-6d45-4fd1-8004-33e05f1abee0,2026-05-01T01:54:40.184136,Montenegro,Sá,63.53,DELAYED,TRUCK,71
244247d5-00c8-4186-94d9-f8d8e58c0c44,2026-05-01T09:59:58.646078,Pereira,da Paz de Minas,97.84,DELAYED,TRUCK,100
9e44c771-bbc5-4bbe-b0c9-bd1cb183954a,2026-05-01T08:17:17.780511,Cunha,Teixeira,91.59,DELAYED,MOTORCYCLE,112
8462f661-9224-4368-95bc-37f5e993cddd,2026-05-01T09:37:35.206082,Cunha,da Mota Alegre,60.44,IN_TRANSIT,AIRPLANE,102
e58f4c55-f10a-442b-9c8a-eff9f2b79fe2,2026-05-01T00:50:58.709678,Pereira Verde,Lopes Paulista,57.11,DELAYED,VAN,29
ac33c664-7473-40d5-9e66-36a7289da01b,2026-05-01T10:40:38.266011,da Rosa das Pedras,Alves de da Cruz,94.33,CANCELLED,AIRPLANE,119
77c86711-cd07-4a3c-923a-432ba6eb24c5,2026-05-01T02:56:25.551552,Albuquerque,Costa,34.94,CANCELLED,VAN,7
4e527148-040c-4460-a3b8-a8b2c53e91d9,2026-05-01T10:21:11.087111,Leão,Marques,52.41,CANCELLED,MOTORCYCLE,94
282f8ca4-99f3-447f-bef8-6e73acd5e7b0,2026-05-01T08:12:27.337297,Ferreira Paulista,Santos de Duarte,58.51,CANCELLED,VAN,95
7cb462f0-666d-4114-a4f0-9956a9a5eb87,2026-05-01T09:52:38.606619,Novaes,Barros,5.78,DELAYED,VAN,30
a7a1e38e-8978-4599-855b-58956f23cbd8,2026-05-01T01:43:02.353687,Souza,Sousa das Pedras,43.51,DELIVERED,AIRPLANE,98
112a4322-e7d6-4ab2-9aaf-ef6f8d573655,2026-05-01T02:05:39.238748,Siqueira do Norte,Peixoto,27.0,CANCELLED,MOTORCYCLE,41
794ff893-df6e-47f2-b4e7-78e532961243,2026-05-01T07:52:25.833027,Borges de Gonçalves,Alves do Campo,77.79,IN_TRANSIT,VAN,63
08c9ef86-880d-4fa5-bd0f-cf33f6fd87dc,2026-05-01T12:38:51.263757,Siqueira,Fernandes Grande,29.62,IN_TRANSIT,TRUCK,106
903f61d7-f71c-4171-adea-7e5d0af245ff,2026-05-01T05:40:05.022097,Santos de das Neves,Camargo Paulista,68.55,CANCELLED,MOTORCYCLE,77
f3cd11d7-dd16-4189-a6c0-452ce6564527,2026-05-01T01:42:52.884860,Barros,da Mata de Pacheco,12.82,IN_TRANSIT,VAN,56
4254413e-ed70-4f06-bf7a-89df0ad9691c,2026-05-01T12:49:49.231226,Aragão,Araújo,68.38,DELIVERED,VAN,33
3bb1f34d-2858-4f3e-9545-86745db57544,2026-05-01T12:35:54.748675,Castro,Carvalho,17.73,DELAYED,TRUCK,105
d883a89f-ec88-4185-b4d0-c442dfcc5adf,2026-05-01T08:15:31.049834,Peixoto de Santos,Borges Paulista,65.98,IN_TRANSIT,TRUCK,67
65e3052c-4d9a-4927-975a-2332646efa62,2026-05-01T10:55:46.393041,Duarte Alegre,Albuquerque de Freitas,2.54,DELIVERED,AIRPLANE,105
c55a7dcd-c871-4b18-9f54-f2cf6ce2773f,2026-05-01T03:05:14.613725,Nunes da Mata,Nascimento,65.26,DELAYED,VAN,59
66cb76d7-77f9-4aac-a866-374f635c0db3,2026-05-01T03:28:57.788898,Almeida das Flores,Moreira,72.68,IN_TRANSIT,VAN,73
2277c0d6-f0f7-472e-8a74-e4bd80089712,2026-05-01T04:56:48.346134,Moreira,Sousa,63.37,CANCELLED,AIRPLANE,12
a217e494-e471-41b6-987b-51bef9f3c52f,2026-05-01T00:35:13.521296,Araújo do Sul,da Paz de Fonseca,64.52,IN_TRANSIT,MOTORCYCLE,45
15bbd3d2-6c6b-4ded-aba9-06e004054741,2026-05-01T01:28:50.484333,da Mota,Cardoso da Praia,92.19,DELIVERED,VAN,109
5f284bef-90d0-47e5-897b-45092e0e3912,2026-05-01T12:27:24.172495,Ferreira do Norte,Garcia Verde,62.0,CANCELLED,AIRPLANE,55
0fc35325-1875-4e2a-a56f-00d499378783,2026-05-01T05:16:28.807540,Montenegro,Pereira,90.95,IN_TRANSIT,MOTORCYCLE,94
b2984a53-2f3d-4b3e-91f3-695f2e318ff0,2026-05-01T02:26:06.421231,Jesus de Marques,da Luz,2.93,DELIVERED,AIRPLANE,43
30e3b21c-42bf-4cab-9f59-fe569567f9ad,2026-05-01T02:51:49.151067,Vasconcelos de Souza,da Mota Grande,84.47,CANCELLED,VAN,80
77c39484-5cfb-4d1f-9c63-3ab184e12c98,2026-05-01T12:09:48.813438,Duarte,Novaes do Campo,7.56,CANCELLED,AIRPLANE,109
a1019a1c-28f3-4070-8d48-cba53b4ca9c7,2026-05-01T10:57:14.622325,Cirino da Prata,Rezende,96.31,DELAYED,VAN,96
7c737d25-6d00-4051-95b9-729a02e89de8,2026-05-01T11:53:04.882214,Pastor de Goiás,Siqueira,49.19,CANCELLED,VAN,29
e0ec8494-e952-406d-b71c-01a34b5ef7cb,2026-05-01T11:44:34.154943,da Cunha dos Dourados,Nogueira,74.8,IN_TRANSIT,MOTORCYCLE,110
668383fd-7f61-4327-89d9-82e927a36840,2026-05-01T11:40:42.819288,Cunha,Andrade,9.04,IN_TRANSIT,AIRPLANE,2
9fd62ee4-3d3e-4228-9e30-7512d15a95ce,2026-05-01T09:35:39.596902,Costela de Mendes,Camargo,90.67,CANCELLED,VAN,44
f81d868f-5f31-4764-913a-9ef87c59c35a,2026-05-01T04:15:06.564982,Cassiano Paulista,Pastor de da Cunha,79.19,DELIVERED,MOTORCYCLE,108
b97d6890-4571-4ddc-89ab-b6f3fadc2941,2026-05-01T10:57:57.890108,Ramos do Norte,Cassiano do Oeste,17.66,DELAYED,TRUCK,15
198a9d86-7d67-41d2-88ac-061454ae914f,2026-05-01T00:07:12.023748,Rocha,Lima do Campo,48.19,DELIVERED,MOTORCYCLE,9
b5fe9b52-342a-4462-9586-28e77dbb6d4d,2026-05-01T06:27:32.804908,Oliveira Alegre,Peixoto,35.05,DELIVERED,TRUCK,71
52e96939-4d11-40c2-bb2d-0ee8e201bbcb,2026-05-01T03:38:55.194829,da Paz da Mata,Oliveira do Oeste,35.99,DELAYED,TRUCK,64
aa90c2a9-2ea7-4fc2-be5f-ec02aaa5a5cb,2026-05-01T03:31:04.813127,Leão do Sul,Albuquerque do Norte,85.11,DELIVERED,MOTORCYCLE,55
457c9521-d2fd-4631-8b66-1b212fecdb55,2026-05-01T12:42:23.978796,Gonçalves,Rios Verde,4.64,DELIVERED,TRUCK,6
640d0a1c-6d5f-48cf-9661-c9a5b187dad6,2026-05-01T01:06:54.826080,Dias,Ramos,59.3,DELAYED,AIRPLANE,76
75ca23c5-35e3-4738-b6e8-7f4d691b7809,2026-05-01T00:48:33.183650,Machado,das Neves da Serra,21.21,DELIVERED,MOTORCYCLE,108
33a79453-3658-403b-9c50-99b2436da1b6,2026-05-01T11:47:24.321057,Melo,Nunes,24.93,CANCELLED,MOTORCYCLE,45
1e33d10f-63ab-4aa2-8be8-ae638208468a,2026-05-01T03:25:58.750181,da Rosa,Farias do Oeste,37.01,DELAYED,VAN,32
7994a1d1-fb62-4adc-b191-dc3879fccdd5,2026-05-01T08:25:08.453639,Ferreira de da Cunha,Costa Alegre,87.0,IN_TRANSIT,MOTORCYCLE,49
c3671a96-92c0-4fab-a36b-4f5ba27de0c6,2026-05-01T04:54:32.311671,Câmara,Macedo de Dias,5.99,IN_TRANSIT,VAN,2
dc47baf0-4e89-4320-97a4-69f594c1ceb7,2026-05-01T06:35:57.248359,Novaes,da Costa,75.02,IN_TRANSIT,MOTORCYCLE,95
f2d2756d-9f8e-4d5e-b325-ed197eaa3816,2026-05-01T11:51:52.128016,Pereira de Machado,Cirino do Sul,50.22,IN_TRANSIT,TRUCK,58
27cc6b76-7d85-4fee-a3ba-9be09587c6e9,2026-05-01T07:38:37.169796,da Paz do Galho,Rocha,35.59,DELIVERED,VAN,74
69b05a38-161c-47f9-b480-8e331b01d186,2026-05-01T12:26:29.466458,Costela do Amparo,Santos,94.7,DELIVERED,VAN,2
80992507-f3d5-4a07-8ddb-e6af23b551d0,2026-05-01T04:13:01.812734,Oliveira,Fogaça de Andrade,90.28,DELIVERED,VAN,82
5c86690f-eb0a-4203-854b-21df43a8c657,2026-05-01T09:58:41.652580,Fernandes,Cassiano,94.08,CANCELLED,MOTORCYCLE,41
f5a8d713-2249-476e-b27b-f0dbbc768b6e,2026-05-01T03:19:28.928587,Aparecida do Sul,Ribeiro,51.28,IN_TRANSIT,TRUCK,117
e17e3712-e755-4a59-900a-c84ace445b90,2026-05-01T12:37:13.007354,Câmara,Duarte do Norte,89.92,DELIVERED,MOTORCYCLE,101
2ac0b7a6-bd23-4c06-9c40-fa2033446592,2026-05-01T10:39:50.481874,da Cunha,Barbosa Alegre,70.31,DELAYED,AIRPLANE,52
670f0272-3b53-4ed3-90b7-0955c00644ae,2026-05-01T04:03:30.883853,Gonçalves de Araújo,Nogueira,15.53,DELIVERED,TRUCK,9
83835f08-724b-4b71-bdd5-38650939d0ce,2026-05-01T09:44:14.226803,da Conceição,Cirino,83.65,IN_TRANSIT,VAN,1
e098e104-faca-4646-8bf2-abfa727a8fa3,2026-05-01T11:44:48.822886,Pires,da Costa,46.45,CANCELLED,MOTORCYCLE,1
7ccc859e-df47-4bdf-a7b3-34ca447c4730,2026-05-01T06:39:05.324020,Campos,Cirino,90.19,CANCELLED,MOTORCYCLE,30
dcb121b4-c204-4be5-8f36-bf6b53eb4e99,2026-05-01T00:58:34.769250,da Rocha Alegre,Carvalho,52.57,DELAYED,MOTORCYCLE,95
cbd7ab87-0de7-4143-936b-8e6af0fbb06c,2026-05-01T10:02:52.376159,Costela,Peixoto,96.39,CANCELLED,TRUCK,41
0351b560-9e8e-4d44-8ff5-d98d4eef45f8,2026-05-01T09:33:33.883758,Mendes de Nogueira,Nunes das Pedras,95.49,IN_TRANSIT,VAN,61
c251c543-0c04-47e6-b7a3-23663a0bf387,2026-05-01T10:08:07.637198,Costela,Moreira das Pedras,70.04,DELAYED,TRUCK,106
dd8c40ad-373f-4b8a-80a1-588b3dd65ad5,2026-05-01T02:35:44.566392,Caldeira,Campos da Prata,1.84,CANCELLED,AIRPLANE,10
f7605488-d02e-4aec-b539-73aec19db8be,2026-05-01T01:33:39.580059,Sá dos Dourados,Fernandes de Novaes,75.63,CANCELLED,AIRPLANE,49
a7758492-9506-41ac-b390-27058c32156b,2026-05-01T04:10:24.557500,Alves,Rodrigues de Pacheco,89.22,CANCELLED,TRUCK,8
10aef760-11db-4fad-8442-14b411868e5a,2026-05-01T04:15:03.190799,da Cruz Paulista,Oliveira de Vasconcelos,88.41,IN_TRANSIT,MOTORCYCLE,62
06c68f64-9119-4e80-b278-1a737cde94c0,2026-05-01T08:32:22.274482,da Rosa do Amparo,Almeida,21.31,IN_TRANSIT,MOTORCYCLE,117
1cedbab8-7199-4c48-b858-0b2338222d00,2026-05-01T09:41:44.736577,da Mata,Garcia,77.39,CANCELLED,TRUCK,87
589d617e-84a1-4d28-b279-5b691a1e8cf2,2026-05-01T09:49:17.466092,Carvalho,Borges,53.2,IN_TRANSIT,AIRPLANE,92
70f57a3f-3b6b-4159-99f9-5e08d2052277,2026-05-01T01:17:04.747368,Costela,Cavalcanti da Prata,4.93,DELAYED,MOTORCYCLE,92
92e9f12b-1276-443d-8309-5fd444383d57,2026-05-01T01:12:17.011451,Mendonça,Pires,10.67,DELIVERED,TRUCK,86
17516928-272b-4b5a-97e1-818bbfc057c2,2026-05-01T07:07:07.603046,Viana de Goiás,Alves do Campo,72.1,DELIVERED,MOTORCYCLE,103
8c6352f1-ef98-40e7-887a-5c8369cb945c,2026-05-01T03:18:22.801970,Jesus da Mata,Oliveira dos Dourados,91.75,CANCELLED,MOTORCYCLE,10
25ace346-8dea-4eb3-9770-71b25068d6d8,2026-05-01T02:57:27.208185,Novaes,Sales,69.96,IN_TRANSIT,TRUCK,73
1d1215ec-6405-4890-9c28-d78e04b06592,2026-05-01T09:44:19.198390,Vasconcelos,Lima,18.45,DELAYED,TRUCK,0
eeb508ef-8eb0-4878-a753-d2d57664706a,2026-05-01T08:14:36.556373,Lopes do Norte,Martins da Serra,98.87,IN_TRANSIT,VAN,83
91aad8c8-0c53-4a58-9e01-80c07ef40ab1,2026-05-01T08:22:55.286047,Correia,Farias,52.9,CANCELLED,TRUCK,82
b52fbb7f-f83b-480f-bac6-75172d601221,2026-05-01T04:49:24.508846,Ferreira,Vieira,88.94,CANCELLED,TRUCK,49
28c712ac-d6b6-42bd-89ff-e2d9b17095c9,2026-05-01T02:37:59.239778,Borges,Costela do Sul,30.75,DELIVERED,VAN,108
c9f2342a-8bc9-4446-9147-85d282174c0b,2026-05-01T12:36:55.643095,Araújo,Vieira,33.67,DELIVERED,AIRPLANE,67
ae9392ab-7da4-46fd-9aec-41d7d71f13d5,2026-05-01T00:09:45.604663,Carvalho,Borges Alegre,17.99,IN_TRANSIT,AIRPLANE,76
225a750c-e17b-4530-8517-95bc1cf34fd9,2026-05-01T07:03:07.556482,Mendonça,Vasconcelos,60.95,CANCELLED,VAN,83
9ea7d1e9-4bd1-4918-9645-fe553fc965eb,2026-05-01T09:14:47.574678,da Rosa do Galho,Caldeira de Fonseca,74.87,CANCELLED,TRUCK,113
ac46444b-5056-4a70-aa72-b6865f3faf0f,2026-05-01T06:16:25.631717,da Cunha,Sousa Verde,96.18,CANCELLED,TRUCK,63
681810fc-9851-4d8e-861e-aa4ca3788edb,2026-05-01T11:18:46.490949,Dias das Flores,Barbosa,51.79,DELIVERED,TRUCK,117
e4befb92-c1ed-42c9-9b8f-e65a439bc178,2026-05-01T11:36:21.679261,da Mata,Ramos Verde,15.01,DELIVERED,AIRPLANE,18
b30af8ce-3903-4a1e-bcb0-2bbd2f8445cc,2026-05-01T08:04:15.947101,Pinto Grande,Viana,66.24,DELAYED,VAN,60
d5dc7271-0f34-4307-9c17-b35395cb5e59,2026-05-01T02:22:41.317072,Leão da Praia,Borges,71.13,DELIVERED,AIRPLANE,22
ca8283d3-fdac-42b7-9e89-b0e44183f1bb,2026-05-01T06:32:10.409959,Macedo,Fernandes,36.95,IN_TRANSIT,VAN,14
52ce024c-d3c2-4e1b-88db-613e74044700,2026-05-01T10:37:46.459501,Correia,Sampaio da Praia,20.49,IN_TRANSIT,VAN,97
a8d3dfaf-a57c-4830-bb01-2df8937b8d05,2026-05-01T04:44:03.021432,Costa dos Dourados,Monteiro,28.39,CANCELLED,MOTORCYCLE,22
10331517-4274-4bf0-9d4c-00768c97c6b5,2026-05-01T12:48:44.305712,Farias,Farias de da Rosa,81.62,DELAYED,VAN,38
6f1b1640-bf00-4a9a-87e8-a7ce2f609c92,2026-05-01T06:46:42.521176,Oliveira de Pires,Machado do Oeste,2.8,DELAYED,MOTORCYCLE,79
7bf018fc-e6d4-4250-9472-578c7f5ce1ce,2026-05-01T08:51:21.169381,Guerra Verde,Gomes,79.11,IN_TRANSIT,AIRPLANE,51
a660b866-329f-45a9-8fbb-ef35dbbb2dca,2026-05-01T11:42:31.761338,Cavalcanti,Dias da Prata,38.67,DELAYED,TRUCK,33
d7880f6c-49d8-4eb6-928c-b458418bf608,2026-05-01T06:57:05.971538,Garcia,Cunha da Prata,1.39,DELIVERED,AIRPLANE,90
901461e9-7c55-48b7-948b-fb52ea959654,2026-05-01T04:35:37.953994,Alves de Melo,Cardoso,30.29,CANCELLED,TRUCK,22
377b2dd8-024e-4813-b711-56127c18eb88,2026-05-01T03:05:42.712334,Lopes,Martins do Oeste,17.63,DELAYED,TRUCK,6
dfaffbc7-e186-4741-846e-c16ffdd2f86b,2026-05-01T06:15:15.731637,Ferreira,Rocha da Serra,81.85,CANCELLED,VAN,22
6ede43f0-8420-4168-a167-ad6794d0582c,2026-05-01T12:19:07.528286,Montenegro,da Mota dos Dourados,89.18,DELIVERED,VAN,21
d5036340-7c42-4bb7-a1cd-ee5cc9242a80,2026-05-01T12:40:24.452401,Pires,da Conceição da Serra,11.15,CANCELLED,AIRPLANE,117
99d0b33d-554a-4c7f-ae80-52a6a5d275cb,2026-05-01T00:10:13.176001,Pereira,Cardoso da Serra,68.01,CANCELLED,VAN,7
a7e0a357-2ad2-4803-a46b-7215a01e37b8,2026-05-01T03:54:11.726334,Duarte,Siqueira do Norte,75.35,DELAYED,AIRPLANE,96
ebea96e3-d5ca-411f-98e0-cc427eb11304,2026-05-01T06:40:52.409180,Pereira do Norte,Silveira de Goiás,94.32,DELIVERED,TRUCK,118
dbf5743e-3b4a-43a8-8706-9e6f00fa7bd4,2026-05-01T11:24:31.538435,Porto,Câmara de Cirino,26.2,DELAYED,TRUCK,33
4bb6c358-c2da-4a0c-9a2e-439a0937cf0c,2026-05-01T06:43:49.088459,Silva,Andrade de Lima,54.48,DELIVERED,VAN,49
8b3fdf6d-e2d4-430b-a3c5-4dd4f9de8388,2026-05-01T02:40:42.499066,Araújo,Moraes do Campo,12.29,CANCELLED,MOTORCYCLE,20
3828cf5b-09a0-4f4b-a685-f2c9dd93a96b,2026-05-01T02:05:55.385186,Macedo de Costela,Cassiano da Prata,60.85,DELAYED,VAN,120
dbd614f5-0019-4ae1-a76e-11847d5e39d7,2026-05-01T11:19:15.304051,Porto das Pedras,das Neves,10.96,DELAYED,VAN,72
8e7ba175-939a-47d2-a613-be03ce3e08e1,2026-05-01T00:40:43.382707,da Luz,da Conceição,3.05,DELIVERED,MOTORCYCLE,5
832a4cda-73b3-4492-b750-019e86a85d84,2026-05-01T06:09:41.330019,Correia do Oeste,Pimenta,5.39,DELAYED,MOTORCYCLE,89
dfada0ab-231d-4141-a0d1-da5dcf459e6c,2026-05-01T11:49:56.055413,Montenegro da Praia,Cunha,22.88,IN_TRANSIT,VAN,72
eec54699-04bf-4d8f-9cac-bc0fd89e9a3c,2026-05-01T07:46:53.984002,Santos Alegre,Fonseca,28.39,DELAYED,AIRPLANE,86
af662a0d-70d2-4791-beb7-20faba6ed712,2026-05-01T00:33:26.526629,Abreu,Gonçalves,40.63,IN_TRANSIT,VAN,113
2ea69647-fe7f-42b6-b575-b3cd1c3efa8d,2026-05-01T10:55:55.411563,Mendonça do Sul,Peixoto de Goiás,33.83,DELIVERED,AIRPLANE,33
2f581c4c-512e-4e30-b220-01692c39f541,2026-05-01T04:55:54.167474,Aparecida,Ribeiro,91.26,DELIVERED,VAN,38
efaae7d6-bcb3-4518-804b-c523ef3f1512,2026-05-01T03:50:51.452580,Novaes,Alves,7.27,DELIVERED,AIRPLANE,13
ceb67f2a-8c70-47ee-86ca-1fa820a6ec9b,2026-05-01T03:38:13.945505,Albuquerque,Ramos Grande,9.33,DELIVERED,MOTORCYCLE,24
ede7ccd7-be7c-413c-add3-c256e3cfe6d7,2026-05-01T08:44:13.608817,Cirino,Pinto de Freitas,56.65,IN_TRANSIT,MOTORCYCLE,44
2a020b04-c739-496b-9eec-3aaf47f51d1a,2026-05-01T04:49:26.220971,Lopes,Rios de Moura,54.24,CANCELLED,VAN,101
eda6f06e-911b-4dd2-bc37-972b38be5762,2026-05-01T12:23:49.517617,da Costa,Macedo do Norte,27.6,CANCELLED,VAN,83
4ae19e6d-cc12-44b1-8405-a36d269093f5,2026-05-01T09:52:53.071662,Rios do Amparo,Carvalho do Galho,19.33,CANCELLED,VAN,15
7871dd5f-2e67-4883-a358-c1335376d2cf,2026-05-01T09:34:30.224526,Pires de Alves,Almeida de Vasconcelos,99.57,DELIVERED,AIRPLANE,77
0cac5530-ab00-4b14-a8b3-abdfb785be40,2026-05-01T12:38:42.848372,Monteiro,Novaes,57.86,DELIVERED,TRUCK,7
12fdf694-b7f3-4778-a030-8ba2faa7bc58,2026-05-01T01:06:31.932548,Jesus,Machado da Praia,25.77,IN_TRANSIT,VAN,56
a6e998ce-28f7-4664-82ca-8589899b6d74,2026-05-01T12:56:45.240761,da Paz,Cardoso,42.04,IN_TRANSIT,VAN,110
88954f11-41e3-4ac1-a452-37524cfdf3cd,2026-05-01T02:08:48.799100,Vasconcelos,Pinto Verde,57.1,DELIVERED,AIRPLANE,118
b3ff4ee1-4df6-4268-8fb7-c5e5105ae659,2026-05-01T11:22:38.542235,Oliveira,Gonçalves do Norte,93.88,DELIVERED,AIRPLANE,26
04524135-745b-4ded-ae61-dcffd3a6694d,2026-05-01T02:05:58.170790,Melo da Mata,Macedo,34.14,CANCELLED,AIRPLANE,115
449aed5c-9ace-47e2-bec3-d7db3abf46ae,2026-05-01T05:33:07.221126,Garcia do Oeste,Peixoto,3.42,DELIVERED,MOTORCYCLE,110
6dbf2cdd-129e-4270-a0ed-a7de639b76b3,2026-05-01T03:45:12.605339,Pimenta,Vieira,0.27,IN_TRANSIT,VAN,114
6f299184-3328-44ba-9456-9a1774cbfb04,2026-05-01T09:38:45.249640,Câmara,Cavalcante de Cunha,24.98,DELIVERED,MOTORCYCLE,68
10be0741-8af7-4df7-9f5f-805f96363a17,2026-05-01T11:32:29.936101,Vieira,Brito de Pimenta,47.72,DELAYED,VAN,64
e9018537-5375-45c4-8a0b-af17f4cb889e,2026-05-01T04:55:20.325692,Jesus,Albuquerque,85.7,CANCELLED,AIRPLANE,27
8442a64e-2b16-45bd-88ca-62ec111912c1,2026-05-01T03:52:20.066837,Vargas da Praia,Freitas,7.0,IN_TRANSIT,TRUCK,1
d2244a32-e5a8-447e-872b-ef69295ce9b2,2026-05-01T09:52:21.142593,das Neves,Oliveira do Sul,96.61,DELIVERED,MOTORCYCLE,22
e3d8d85f-ce01-403d-bc27-8930fe601575,2026-05-01T02:01:15.157156,Ramos do Galho,Brito,16.56,CANCELLED,VAN,101
afadb6ff-a8c0-4fb0-8a7f-000e47bdfea9,2026-05-01T01:12:21.774588,Câmara de da Mota,Cirino de Moreira,7.94,DELAYED,MOTORCYCLE,94
40a745f3-4c6b-4291-8c91-ebd809ff3bfb,2026-05-01T02:48:08.197629,Gomes de Melo,Andrade,86.89,IN_TRANSIT,AIRPLANE,66
11a9eaf7-e951-4b56-8532-9901a726833c,2026-05-01T12:45:14.580190,Camargo do Galho,da Cunha da Mata,99.37,DELAYED,AIRPLANE,71
ad848254-b5b5-4165-b79d-66ec030462ce,2026-05-01T08:49:06.144293,Rodrigues,Sousa,46.03,DELIVERED,TRUCK,42
94495bf4-7b5f-48ca-9422-888c4e763955,2026-05-01T08:27:15.761901,Moraes do Galho,Porto,34.51,IN_TRANSIT,AIRPLANE,83
3df16fdc-25ae-4860-80bb-976b0293999f,2026-05-01T09:38:26.073103,Camargo,Pastor Alegre,62.98,DELAYED,VAN,13
c43984e6-7144-47d5-bd90-8054490c74e4,2026-05-01T02:20:30.071659,Nascimento,Ribeiro Paulista,56.13,CANCELLED,MOTORCYCLE,56
32fef59a-c5b8-4f92-86d2-91bc2409d960,2026-05-01T01:30:21.141791,Pacheco,Cassiano Grande,2.99,CANCELLED,MOTORCYCLE,104
fb0f55ad-2ed2-4b58-b784-47ff5f3f30d3,2026-05-01T01:42:47.939916,Lopes,Fogaça de Goiás,52.87,IN_TRANSIT,AIRPLANE,35
9f182f68-d59c-4edf-b196-3badd64719ad,2026-05-01T03:19:54.233642,Duarte dos Dourados,Gonçalves,2.3,DELIVERED,AIRPLANE,114
d65a78a7-faa9-436e-85b7-457e1fc37fe3,2026-05-01T09:02:03.297680,Câmara,Nunes de Goiás,4.1,CANCELLED,MOTORCYCLE,14
62f68282-b6b4-4014-8db4-ff0435e97a4b,2026-05-01T02:35:55.666106,da Conceição Grande,Moura Alegre,49.92,DELAYED,AIRPLANE,77
0256f41e-fffb-482d-9c7d-d4662ff3aeca,2026-05-01T11:09:24.173929,Costa,Cirino de Fogaça,59.89,DELIVERED,VAN,42
e1b89f10-8fa1-401d-80ff-5a654338e180,2026-05-01T01:04:36.595191,Machado de Campos,Freitas de Dias,60.58,DELIVERED,AIRPLANE,65
fd4c7813-220d-47ef-a115-ffabfad91bb2,2026-05-01T01:34:54.494548,Dias,Ferreira,51.36,DELAYED,AIRPLANE,110
617482ae-bff2-42d0-8e3b-676f9c331248,2026-05-01T11:55:30.048555,Teixeira,Machado,66.43,DELAYED,VAN,97
90c7db10-e959-4242-aaee-582d17cfa377,2026-05-01T09:15:27.638349,Rios,Gonçalves da Prata,84.96,CANCELLED,TRUCK,2
7e343389-48e8-4fc1-8685-e930400e7229,2026-05-01T00:00:43.152395,Campos,Machado,57.55,DELIVERED,VAN,99
57924402-8d8f-4d68-8b57-7cb96389a4c1,2026-05-01T07:59:57.708899,Campos do Campo,Rezende,95.87,IN_TRANSIT,TRUCK,90
3c0dc1b6-be9a-457a-a948-b83bf5e8158a,2026-05-01T03:30:19.574647,da Conceição,Silveira,77.8,CANCELLED,TRUCK,61
a156bef9-36ce-414f-91a8-62cda10f889f,2026-05-01T02:25:22.699559,Ramos de da Rosa,Cardoso de Rocha,37.9,DELAYED,MOTORCYCLE,2
25f7eb02-c169-40c3-90b5-19107879320c,2026-05-01T10:38:24.737281,Correia,Ribeiro,72.59,DELIVERED,AIRPLANE,15
93e7e0d7-ebe7-4d32-a1c5-a617ea921026,2026-05-01T04:19:25.228565,Montenegro,Nunes,97.42,DELAYED,AIRPLANE,106
ad5b4f7d-d0fc-411d-b1d8-09450e6be900,2026-05-01T08:50:44.138754,Sá,Azevedo,44.54,IN_TRANSIT,AIRPLANE,51
6b347204-8eeb-4514-a0a7-4ca794c2f2c9,2026-05-01T08:49:49.758530,Porto,Sales,14.65,CANCELLED,VAN,33
f3dbf4cd-01c6-496d-a3a0-1da03a384ab2,2026-05-01T09:03:57.342112,Porto do Norte,Aragão,16.36,CANCELLED,VAN,61
e49967d5-9414-4016-9d61-5ed21ca39351,2026-05-01T03:30:04.079604,Casa Grande de Goiás,da Costa de Minas,45.85,DELIVERED,AIRPLANE,17
311a96b1-75db-4b28-8483-72fb17de4ee7,2026-05-01T00:31:39.365921,da Luz,Vargas,58.09,DELIVERED,TRUCK,49
73d5352b-9331-41ee-b28e-b838b7dd6705,2026-05-01T07:43:34.211260,da Cruz Grande,Pastor da Praia,50.3,IN_TRANSIT,VAN,57
470bfd95-7bdf-4f1b-bfef-6e733d92f678,2026-05-01T00:35:29.454154,Martins Grande,Montenegro de Araújo,27.72,IN_TRANSIT,TRUCK,3
e11fb04d-b946-49be-bbd9-2e42d0bfe547,2026-05-01T11:28:40.402318,da Luz,Pereira,97.03,DELIVERED,MOTORCYCLE,114
a573e4a3-534f-4a1f-9ec7-8fdbf3add53b,2026-05-01T09:33:44.676738,das Neves,Mendes,87.75,DELAYED,TRUCK,71
1218c9d8-a457-4925-9031-a81a43e3d8b0,2026-05-01T11:19:25.294680,Aparecida,Aparecida do Oeste,82.65,DELIVERED,VAN,71
5dc7fb9e-8a97-498f-8ad5-e949c86ec616,2026-05-01T12:58:31.796757,Pastor,Peixoto do Campo,21.87,CANCELLED,VAN,78
b5eabc99-22c3-45fc-8baf-2283230df935,2026-05-01T13:00:45.519621,Pimenta Grande,Albuquerque Paulista,86.93,DELIVERED,MOTORCYCLE,6
b3a455e4-0db4-491f-9ac2-981bb99b79ef,2026-05-01T10:28:47.583850,Peixoto,Gonçalves do Sul,42.98,CANCELLED,VAN,53
5ec57981-20d1-4831-aa3d-14e6b09892e5,2026-05-01T03:32:58.635995,Guerra do Campo,Vargas de Gomes,99.67,CANCELLED,TRUCK,33
2d2d94aa-6318-4eae-a885-33419b234db7,2026-05-01T06:27:33.541581,Lopes do Galho,Barros do Oeste,48.23,DELIVERED,TRUCK,58
9009c328-9499-43f9-9269-46eb3f14b6a9,2026-05-01T07:24:27.181942,Cavalcante de Viana,Viana,62.99,DELAYED,AIRPLANE,78
5c031c1b-df6b-4121-9807-278c917ddb93,2026-05-01T01:18:26.086200,Silveira de Ribeiro,Machado do Norte,18.25,DELIVERED,TRUCK,86
c354b62d-4110-4b2d-834e-d61b9632f780,2026-05-01T07:52:32.173935,Macedo,Almeida das Pedras,27.33,IN_TRANSIT,VAN,57
4a1d78eb-3237-4041-8ab1-eeb3d44437a6,2026-05-01T10:16:25.064814,Teixeira Alegre,Aragão,86.41,IN_TRANSIT,TRUCK,82
60cc7e4e-4ff7-44b2-abbb-56c599b29f79,2026-05-01T11:53:13.556947,Macedo de Cavalcante,Vargas,62.24,DELIVERED,TRUCK,57
a0582fb0-5d07-4ba3-8365-eb0ceca75c5d,2026-05-01T08:38:38.674941,Ferreira,Cirino,97.61,CANCELLED,AIRPLANE,71
225d0aa1-4d6d-4078-baa7-a6165a8f245c,2026-05-01T00:30:22.961381,Cardoso,Pinto,3.71,DELIVERED,VAN,83
dd9de197-b327-4ff8-bcea-b6c72e62a5a7,2026-05-01T05:32:29.738716,Duarte de Goiás,Cassiano,13.32,CANCELLED,MOTORCYCLE,80
69e374ef-f7c0-4374-a2e7-e22868331b1c,2026-05-01T09:26:05.159393,Albuquerque,Pastor Alegre,46.4,CANCELLED,MOTORCYCLE,24
4d03a415-3ad7-4a80-9cdc-8c8ea5e7b8fa,2026-05-01T11:05:03.356210,Fonseca,Guerra da Mata,7.12,DELAYED,TRUCK,41
1cfdf4be-2c85-4962-bad2-ed27fa8783e5,2026-05-01T04:46:32.898516,Duarte,Pacheco Grande,86.32,DELIVERED,VAN,8
dc5148ea-4661-4955-89e2-96a1ae4ff270,2026-05-01T00:22:29.779638,Borges do Oeste,Carvalho das Flores,5.44,DELIVERED,VAN,65
5fcf15f8-5e39-4d5d-990b-6e1be89fbd9d,2026-05-01T12:20:10.420913,Rocha,Sousa Alegre,34.03,DELAYED,TRUCK,18
eee6486a-3d1b-4887-8a06-35eb2849ae98,2026-05-01T07:34:15.207697,Brito,Vieira do Amparo,4.87,DELIVERED,AIRPLANE,25
ea212246-d542-4f57-9c37-8521e40b2c14,2026-05-01T10:01:17.995242,Ribeiro Paulista,Souza do Sul,47.06,DELAYED,VAN,16
d94224ca-8a30-42fa-bbb6-8887fd1142f8,2026-05-01T08:28:05.197858,da Paz de Goiás,Martins,81.68,DELAYED,AIRPLANE,65
02823ce0-9b53-4afc-894a-bbf006da9dba,2026-05-01T01:12:22.722945,Vieira,Vasconcelos do Oeste,46.92,DELAYED,VAN,49
e8c9f49a-68b0-4952-b8bf-1e8053514a52,2026-05-01T02:32:32.429554,da Cruz de Souza,Guerra,33.38,IN_TRANSIT,MOTORCYCLE,19
ccad4d96-26e7-4c7c-87e0-f87af000feeb,2026-05-01T12:14:47.415420,da Mota,Alves,65.06,CANCELLED,TRUCK,10
dad41b6b-eee4-42d3-bf11-e98d129d7eed,2026-05-01T01:51:21.449085,Castro de Caldeira,Jesus do Sul,0.36,IN_TRANSIT,AIRPLANE,80
719d0a74-45a4-4c2b-96ba-ab0f9bbe3ec8,2026-05-01T00:34:09.155043,Sá das Pedras,da Rocha,49.28,IN_TRANSIT,AIRPLANE,100
1b36d176-fa1f-4d4e-8f3c-6e8449b188d0,2026-05-01T11:14:21.550131,Borges Grande,Araújo,51.48,CANCELLED,VAN,6
c4a21288-2be8-47b3-b27b-4059cdcaba42,2026-05-01T07:36:28.592764,Nogueira,Ribeiro,58.17,IN_TRANSIT,VAN,21
d44868cc-06f8-461a-a480-dda95e6f01f5,2026-05-01T01:00:21.521808,Moura,da Rocha,24.44,DELAYED,VAN,22
6d526eb9-d2b1-441b-9a79-b0249d231958,2026-05-01T09:15:38.331070,Albuquerque dos Dourados,das Neves,26.82,DELIVERED,VAN,22
a766c30b-d672-43d4-bc3c-064c8bd1b32e,2026-05-01T01:23:34.178622,Moraes das Pedras,das Neves da Serra,63.79,IN_TRANSIT,VAN,107
82821759-33b7-4026-b0f3-380eb0b3a93b,2026-05-01T11:52:39.675182,Moreira Grande,Guerra Paulista,10.0,CANCELLED,AIRPLANE,96
714fbb36-92a4-4a91-b49c-4d170c1e7cae,2026-05-01T11:26:16.528298,Costa do Amparo,Pires,16.31,DELIVERED,VAN,30
6c128d35-0b96-4d7a-ab3d-44aeee69a090,2026-05-01T03:14:11.302683,Costela do Amparo,Novaes do Oeste,20.22,IN_TRANSIT,TRUCK,62
6169de62-2ee1-4391-86dd-5ae56cdb1443,2026-05-01T03:59:17.580598,Castro das Flores,Aragão,31.84,IN_TRANSIT,MOTORCYCLE,115
cf73fb94-f1ac-4e80-bc5b-efc1bff8b2c1,2026-05-01T03:57:15.295283,Fernandes,Cavalcante Alegre,64.83,CANCELLED,MOTORCYCLE,79
798bf7cc-11b9-4972-9dc3-732465a6ff99,2026-05-01T07:59:47.774421,da Luz,Novais,97.2,DELAYED,MOTORCYCLE,103
7930d4a5-0d56-4fae-9ae8-2fa306c749be,2026-05-01T09:19:14.931758,Cassiano,Camargo,66.53,IN_TRANSIT,TRUCK,105
23031833-6eef-4d49-9171-7c271777a975,2026-05-01T09:23:31.120425,Aparecida,Casa Grande,51.59,DELAYED,TRUCK,25
fb5a20c9-88bc-41a8-a321-9d0890452e2d,2026-05-01T08:01:36.605149,Rocha da Serra,Vargas das Pedras,16.97,CANCELLED,TRUCK,68
2ff04147-1234-4aeb-9514-7c0b2263dc39,2026-05-01T12:30:33.706126,Marques,Costa Verde,57.16,IN_TRANSIT,VAN,52
e73463da-3594-49d8-b742-98f4c8a1de7f,2026-05-01T12:43:15.074713,Carvalho,Aragão da Praia,17.02,IN_TRANSIT,TRUCK,39
0e1e8ed4-047b-4f36-bbd3-a03697057ed3,2026-05-01T10:06:06.114623,Aragão,das Neves de Alves,78.93,CANCELLED,MOTORCYCLE,16
1537be2d-0e30-4e06-833f-47012842074d,2026-05-01T12:13:47.821887,Vasconcelos de Mendes,Moraes,90.63,IN_TRANSIT,AIRPLANE,19
05381c6d-278b-46d7-958d-de8a05890357,2026-05-01T12:27:34.956922,da Cunha,da Costa Grande,59.46,DELAYED,TRUCK,119
89aab2c1-2cab-4922-8560-75a46c981072,2026-05-01T11:52:19.330258,Ramos,Silva,51.51,DELAYED,AIRPLANE,117
6caf4d94-6ddd-4007-a963-6b9e23c7feaf,2026-05-01T06:04:22.227982,da Cunha,Aparecida,60.6,DELAYED,MOTORCYCLE,13
c8bf76c5-b8df-45ce-971a-b17403b3762b,2026-05-01T09:33:56.343553,da Rosa do Norte,da Conceição do Sul,93.45,IN_TRANSIT,AIRPLANE,55
1712596c-9265-4ce2-9e6f-b3bab19c90c0,2026-05-01T00:39:43.413135,Pacheco da Prata,Sampaio,67.52,CANCELLED,VAN,108
56579d20-0b1e-4d06-8fd0-fa7e05248df1,2026-05-01T09:17:10.845308,Novais,da Paz do Oeste,21.83,DELAYED,MOTORCYCLE,106
33609e2c-80f8-4f4d-92ad-da20015dadc4,2026-05-01T08:45:22.171904,Mendonça,Machado da Praia,22.89,DELAYED,VAN,10
abfde73e-8924-4041-90fa-adf7daf7a136,2026-05-01T00:33:26.023987,Nunes de Minas,da Mata,43.43,CANCELLED,MOTORCYCLE,56
1129d00b-d810-4e31-bf0d-10325b383cc4,2026-05-01T01:57:03.385107,da Cruz,Melo,90.44,IN_TRANSIT,VAN,48
0db1f22b-a646-474c-afd9-28418e444102,2026-05-01T10:19:56.904042,Porto do Norte,Machado,59.92,IN_TRANSIT,MOTORCYCLE,6
56cc8888-2e73-4562-bbcd-67e9d8bb8815,2026-05-01T03:08:52.243182,Freitas Grande,Sampaio,18.44,CANCELLED,TRUCK,66
d7ea2be2-1fd1-48d7-9146-960974f2411b,2026-05-01T03:36:29.781857,Cunha,das Neves de Oliveira,92.06,CANCELLED,VAN,0
2b5b7dba-503b-4924-9c2c-723e36939a75,2026-05-01T01:12:27.388875,Azevedo,Nascimento do Galho,56.49,DELAYED,MOTORCYCLE,75
8c80f263-ad6e-45ee-b961-1791be274c6e,2026-05-01T09:10:23.629512,Azevedo,Vieira do Oeste,40.7,IN_TRANSIT,VAN,101
97013713-d762-458f-86a4-12e7f456ac59,2026-05-01T01:00:28.845106,Castro do Sul,Moura de Silva,19.39,CANCELLED,MOTORCYCLE,99
660f1be3-8563-46eb-887a-841ff389b17d,2026-05-01T02:21:07.919266,Porto,Leão da Serra,83.18,IN_TRANSIT,VAN,7
1e301cd4-3701-4de0-8b07-7c19375a78f8,2026-05-01T07:24:36.257819,Caldeira de Rodrigues,Leão,40.87,DELIVERED,AIRPLANE,113
92d3f4bd-c6a8-4bd7-be51-3d79dbd4186c,2026-05-01T05:53:28.941993,Pacheco de Cassiano,Sales,30.92,IN_TRANSIT,MOTORCYCLE,113
181e4c44-74ca-4b0a-bcb9-f28f938bee4e,2026-05-01T03:24:27.422481,Pereira,Souza Verde,74.1,CANCELLED,TRUCK,113
e93ef8a7-ced3-4079-8fcc-af492d2fff3d,2026-05-01T01:14:57.408567,Pereira de Macedo,Pacheco,39.27,DELAYED,AIRPLANE,56
986e54c3-0a07-40b9-b5e6-b58ad5489f12,2026-05-01T02:13:48.143248,Cavalcante do Norte,Rocha de Sampaio,40.51,DELIVERED,VAN,92
54959ea3-2fd3-4d31-8a31-aaa3c41774d8,2026-05-01T07:19:44.521561,da Cruz,Porto de Cirino,26.42,IN_TRANSIT,MOTORCYCLE,64
4bf9ff76-578e-43bf-b07b-850e966f6ba0,2026-05-01T02:11:32.912659,Câmara das Flores,Nunes da Serra,30.03,IN_TRANSIT,AIRPLANE,57
0a0ba092-dc8c-4cbc-8b45-885b5940e59f,2026-05-01T06:40:52.210616,Costela Grande,Duarte da Praia,28.93,IN_TRANSIT,VAN,43
527f62a2-4d57-42b1-8ccf-2c8338662e37,2026-05-01T07:06:48.887795,Câmara,Gomes,4.27,DELIVERED,TRUCK,51
9be40c34-9188-488e-8537-06560df5354f,2026-05-01T04:19:16.357374,Montenegro do Oeste,Costela de Montenegro,96.81,DELIVERED,TRUCK,50
cee5b710-caf6-48ed-b929-3f4107d90ba9,2026-05-01T10:14:13.724737,Guerra,Costa,66.03,DELAYED,AIRPLANE,49
9b8ad5bd-eea0-4da7-83d6-edacd6869cfb,2026-05-01T05:43:34.098118,da Paz,Aparecida do Norte,57.13,DELIVERED,MOTORCYCLE,40
05e12581-3b72-4d5b-9749-05db96491247,2026-05-01T07:32:37.656715,Almeida da Serra,Duarte,78.96,IN_TRANSIT,MOTORCYCLE,89
9e8772e6-8421-4b54-b0a8-b6a9c8ff9af8,2026-05-01T06:24:04.311097,Melo,Rocha,80.77,DELIVERED,MOTORCYCLE,83
803e4c44-e751-45a9-a1fd-85fd21811617,2026-05-01T01:35:25.694506,Azevedo das Pedras,Machado da Mata,20.1,IN_TRANSIT,TRUCK,113
537e3f90-2888-4e69-9b11-734aba912a55,2026-05-01T07:32:46.639452,Dias,Correia,38.47,DELAYED,TRUCK,106
a2167464-ef41-4b74-a2d0-d8f7e22630a5,2026-05-01T07:40:49.979815,da Rosa da Serra,Borges,53.26,IN_TRANSIT,AIRPLANE,14
de03324e-8e26-4b30-9bb3-7c3909073056,2026-05-01T03:54:02.525123,Rocha,Duarte da Mata,49.12,CANCELLED,MOTORCYCLE,115
b94ed270-63d0-4b20-9a29-5340606752a8,2026-05-01T07:56:59.944853,Costela do Galho,Garcia do Campo,24.35,DELAYED,MOTORCYCLE,78
0cee00c2-5d33-457c-a56d-04af0aded8e0,2026-05-01T06:47:02.388840,Correia Grande,Barros do Galho,55.31,DELIVERED,MOTORCYCLE,3
8655c105-b7d9-4321-a8eb-3be7ab0160ff,2026-05-01T01:47:07.968633,Pacheco,Ferreira do Campo,24.15,CANCELLED,VAN,84
d8b3465d-a342-4b6f-9b00-cedcf66af229,2026-05-01T08:32:42.114103,Nascimento,Viana de Goiás,74.69,CANCELLED,VAN,17
6cd028b6-618b-4f93-b24e-db4e482ef7f3,2026-05-01T03:56:38.217871,Vargas,Gomes da Mata,61.62,DELAYED,VAN,3
4a981a56-f96a-417a-bd56-19dae7e19feb,2026-05-01T10:12:51.449457,Dias do Campo,Duarte,57.79,DELAYED,AIRPLANE,105
16695fd9-09c8-42ae-b85c-3b0ff89d1858,2026-05-01T02:18:02.799718,da Conceição de Sales,Garcia,96.75,IN_TRANSIT,VAN,113
74868167-87f2-4e5c-b8d6-3b2a32b87517,2026-05-01T09:22:02.654670,Rios da Praia,Garcia,31.57,DELAYED,MOTORCYCLE,11
8d1931e4-1081-4f8e-8490-635a608f9781,2026-05-01T01:07:01.406821,Duarte,Farias do Galho,67.23,IN_TRANSIT,AIRPLANE,72
1813d440-353c-48c2-9cc3-3b6bf5430bc0,2026-05-01T08:13:20.382641,Silva de Minas,Mendonça,82.0,DELIVERED,VAN,76
a751ab32-8c44-4e12-8149-2a4d01433bc6,2026-05-01T08:04:37.035243,Peixoto,Teixeira,1.78,DELAYED,MOTORCYCLE,30
aa79e01b-60c4-4c28-89d9-62ca913e468b,2026-05-01T11:14:05.652589,Cavalcanti das Pedras,Casa Grande Verde,12.49,DELAYED,AIRPLANE,48
355687bf-729c-488b-bfc6-69450e31f614,2026-05-01T01:35:30.732652,Dias da Praia,da Rosa,65.85,DELIVERED,AIRPLANE,6
f651d648-a36a-4f8d-af4b-ddb5af32f71f,2026-05-01T06:37:07.573438,Pastor,da Conceição da Praia,43.18,IN_TRANSIT,MOTORCYCLE,118
7fc0b8d4-c3bd-4542-a367-e19a4b0f323e,2026-05-01T08:46:22.781271,Mendonça da Mata,Alves de Duarte,24.64,DELIVERED,TRUCK,10
f73aab59-3376-47cc-8920-bbfa4fbcb07d,2026-05-01T05:24:57.348000,Rios Grande,Melo da Prata,93.71,DELAYED,VAN,53
3f8e7b10-9df6-4662-9b74-6c4de8719d36,2026-05-01T01:47:49.401374,Marques dos Dourados,da Mata da Praia,8.84,DELAYED,VAN,16
b956b467-e492-41f3-974c-c2943f701201,2026-05-01T02:44:45.453712,Vieira Grande,Guerra de Moraes,70.97,IN_TRANSIT,TRUCK,26
02d00279-a42a-4d2b-95aa-64d92f438286,2026-05-01T05:54:21.431744,Albuquerque do Galho,Correia Paulista,92.29,DELIVERED,TRUCK,26
3a1b54ad-c9ee-49b4-af32-fcb5949a775c,2026-05-01T10:23:10.739640,Fonseca,Marques,88.4,DELIVERED,TRUCK,43
5f7c8084-5c31-4225-9061-094d8afa77ca,2026-05-01T05:55:53.392834,Pastor de da Costa,da Mata da Serra,23.45,DELAYED,AIRPLANE,84
9c2210b8-da74-443c-9fbc-27a16ab218f9,2026-05-01T02:51:15.049297,Gomes da Serra,Sousa,54.02,CANCELLED,TRUCK,20
b99b0a6d-892b-4595-9724-60028bb8083b,2026-05-01T03:10:26.344273,Abreu,Teixeira,46.38,DELAYED,TRUCK,119
6f4ffe92-f86e-41bc-95c8-2af5d23922db,2026-05-01T10:36:54.632322,Araújo,Costela de Dias,25.22,CANCELLED,VAN,77
a9b4a77b-b573-4e34-b4d7-497c21e0cb00,2026-05-01T08:48:58.418643,Garcia da Mata,Pires,41.91,CANCELLED,TRUCK,85
af7b3bca-7796-424a-a5a7-ba9e2ce6502f,2026-05-01T02:28:43.357269,Pereira,da Costa Paulista,57.27,DELAYED,MOTORCYCLE,94
d5a1ce3a-9452-43d3-ae01-5ad6aebfc1fd,2026-05-01T01:45:42.197449,Barbosa,Melo,38.16,CANCELLED,MOTORCYCLE,32
23f483dc-a2c9-4e36-ac2f-b3947bd8ff59,2026-05-01T11:31:57.307549,Cavalcanti da Praia,Caldeira do Campo,63.8,IN_TRANSIT,TRUCK,26
e7016298-11eb-4b69-9fb0-463d328373ea,2026-05-01T01:45:45.197066,Machado,Moura da Prata,81.22,DELIVERED,MOTORCYCLE,51
b441401b-5b6b-43ca-8e0f-d45050c347d7,2026-05-01T07:16:28.848245,Machado do Campo,Moraes do Amparo,7.87,IN_TRANSIT,MOTORCYCLE,22
69012ddd-af8a-4618-b232-18653edb3f83,2026-05-01T03:19:48.624429,Teixeira,Abreu,98.44,CANCELLED,MOTORCYCLE,120
e128f70e-9a4a-4e6d-afd7-ff2a0e3b1068,2026-05-01T07:48:43.685281,Rodrigues,Marques,93.36,CANCELLED,VAN,76
734769d4-46c2-4bc6-be04-781b1d76efb3,2026-05-01T06:39:51.772672,Souza,Cirino,75.07,IN_TRANSIT,MOTORCYCLE,97
61b73706-ddef-4f1e-b155-c3393af572b2,2026-05-01T02:35:04.554325,Cavalcante Grande,Pimenta,95.74,IN_TRANSIT,MOTORCYCLE,55
74e52dfd-6593-4e11-b33c-b4bb7392fd54,2026-05-01T07:49:42.520061,Silveira da Serra,Melo,23.63,DELIVERED,AIRPLANE,15
dc481cb6-ef16-469e-ae01-ff7089d71a87,2026-05-01T02:47:14.950536,Ramos,Jesus Verde,77.23,DELIVERED,AIRPLANE,103
b02a353b-d4c1-4125-8d7a-335343786b3a,2026-05-01T00:31:44.987175,Caldeira de da Rocha,Lima de da Costa,5.69,DELAYED,MOTORCYCLE,59
2cceedd2-6d91-4547-8bfa-cc35b0036591,2026-05-01T05:02:53.799143,Aparecida,Cassiano,97.6,DELAYED,VAN,9
f8998609-0522-4bf4-a700-4602e5e96d78,2026-05-01T11:28:45.218534,Almeida do Sul,Ferreira da Serra,57.14,DELAYED,AIRPLANE,66
8506d4cc-bb36-49d4-b027-0c43e94f27ad,2026-05-01T00:06:28.625065,Camargo,Carvalho,79.14,DELAYED,TRUCK,4
af06f69e-0864-45ba-88d2-77e50d9babcc,2026-05-01T11:19:22.816079,Vasconcelos,Gonçalves da Serra,9.37,DELIVERED,AIRPLANE,67
d2778870-97d7-4cb5-a116-a1e22a5bac8b,2026-05-01T03:00:38.025692,Siqueira da Serra,Costela,63.94,DELIVERED,MOTORCYCLE,71
a589048d-10fe-4841-b908-f795f2a68641,2026-05-01T09:42:28.598733,Ramos do Galho,Caldeira do Campo,88.05,IN_TRANSIT,TRUCK,112
799ebe48-eca0-428f-af8b-4598626710bb,2026-05-01T01:40:31.200575,da Conceição,Camargo,76.52,DELIVERED,MOTORCYCLE,101
bcbbd94e-5db0-4d56-a365-2666a87aa2d3,2026-05-01T07:43:29.558805,da Mota de Castro,Guerra de Sousa,1.57,IN_TRANSIT,TRUCK,15
0d685d68-68c3-41b5-978b-e89c3d5266d1,2026-05-01T01:35:24.573534,Vargas de Freitas,Nascimento,60.16,CANCELLED,VAN,8
4ed813b7-8759-4bad-8475-bd6e217ae9f6,2026-05-01T04:19:47.710601,Moura dos Dourados,Montenegro das Pedras,89.07,DELIVERED,TRUCK,96
aae704c5-a52e-4c6b-8472-cce17ba6b499,2026-05-01T01:26:01.677140,Rezende de Caldeira,Moura,55.83,IN_TRANSIT,AIRPLANE,109
2451c48e-c6a0-4480-986f-f19e957c64a0,2026-05-01T03:56:13.832457,Montenegro,Borges,3.63,DELAYED,MOTORCYCLE,31
e9d8dec6-2d69-48e7-8701-b9fba594f902,2026-05-01T10:39:38.259193,Novais do Amparo,Macedo,10.64,IN_TRANSIT,VAN,72
83a96921-5e71-4e3d-bf75-e358cac57b0e,2026-05-01T11:23:29.164329,Sales das Flores,Sousa de Pires,54.35,DELAYED,MOTORCYCLE,58
c0e6e690-bb08-4ec9-b313-928ca0c48191,2026-05-01T00:35:06.720960,Peixoto do Galho,Santos,37.55,DELIVERED,VAN,61
8ced7653-e8e5-48c5-9243-4e00c494eaa4,2026-05-01T04:43:59.855326,Leão de Minas,Aragão do Galho,12.16,DELIVERED,VAN,56
236b4583-442a-4a92-8a76-7ba88575c67d,2026-05-01T03:15:28.155534,Araújo do Oeste,Campos Alegre,77.48,CANCELLED,VAN,26
54b4ee8d-488b-4bd1-9ea1-dea1f168e286,2026-05-01T03:52:24.073200,da Mata,Cardoso de Monteiro,43.16,DELIVERED,MOTORCYCLE,86
f74072f7-74d2-436e-bc55-76c9a45e9446,2026-05-01T08:10:32.632406,Rezende de Cardoso,Pacheco,98.01,CANCELLED,VAN,104
6477f15a-f0c3-4ba3-b44e-ca3e235dd225,2026-05-01T03:57:34.285764,Rezende do Sul,Oliveira,2.23,DELIVERED,TRUCK,70
2dc013da-fef3-4bc1-b8c6-8bf06031d8d0,2026-05-01T00:12:09.841479,da Luz,Pinto,76.56,DELAYED,MOTORCYCLE,55
98b1285a-7840-4db4-ae33-aeafe6ff62f5,2026-05-01T03:48:25.357448,Brito,Cirino Grande,35.9,IN_TRANSIT,VAN,105
538f5b33-eb93-4d7d-9331-37c76ddfd1af,2026-05-01T01:31:28.779603,Gomes,Cardoso de Goiás,51.42,IN_TRANSIT,VAN,97
6b24b075-4287-41bf-a6fa-00c02935ed8b,2026-05-01T05:26:23.440051,Fonseca de Montenegro,Marques do Sul,83.63,DELAYED,TRUCK,30
953fd3c0-c7b1-48d7-9e8f-fe23b699db21,2026-05-01T12:33:31.998315,Melo,Guerra,46.9,DELIVERED,AIRPLANE,80
cfc92f25-9e4e-450f-9beb-eb329a2a1c54,2026-05-01T07:28:26.212757,Aragão,Abreu,11.32,IN_TRANSIT,TRUCK,109
2e1dd96e-d42e-4f13-8c8d-c72bc6522bc8,2026-05-01T09:09:47.444393,Pacheco Alegre,Sampaio,38.17,DELIVERED,MOTORCYCLE,113
61c35f13-2d22-4653-9751-622067af300c,2026-05-01T11:06:07.875605,Sousa,Souza de Carvalho,22.42,DELAYED,VAN,30
742160a2-ab68-44cf-be54-1bf80bf0c7e7,2026-05-01T10:12:04.876529,Pimenta de Pimenta,Almeida de Santos,49.65,DELAYED,MOTORCYCLE,4
301b7ee5-8610-4602-8a46-4b522f5f34ee,2026-05-01T06:21:23.183929,Santos,Moreira de Souza,47.38,IN_TRANSIT,TRUCK,59
11bf4692-f333-4d39-a00d-5d346f3a54d7,2026-05-01T05:17:07.167964,Andrade,Nogueira,3.33,CANCELLED,VAN,112
b6d7d389-1a5a-4569-ba7b-fc52b3f0c15d,2026-05-01T05:06:57.600372,Guerra dos Dourados,Borges Alegre,44.38,CANCELLED,TRUCK,83
afa8f1c7-dbbe-4503-83ea-13d88545673d,2026-05-01T00:30:27.976448,Nogueira de Cardoso,Ribeiro Verde,5.0,DELIVERED,VAN,16
6fbc40a2-090e-453b-9d81-116c042a1f5e,2026-05-01T06:23:05.530240,Mendes de Goiás,Melo Grande,64.05,CANCELLED,VAN,68
372d3040-43ba-4adf-8f7e-eb51e0833f76,2026-05-01T08:19:05.897394,Costela,Costela,71.99,DELAYED,VAN,62
ca928ebd-3f3d-476d-89e9-b29e56d5eb98,2026-05-01T09:22:11.407471,Pastor,Vasconcelos,1.16,DELAYED,TRUCK,40
36781725-8ce6-4909-9bac-7d651ccc870d,2026-05-01T00:08:17.253016,Araújo,Melo,50.59,DELAYED,VAN,84
08ef9a9f-e0d2-4556-bc68-9edbbf4e9838,2026-05-01T10:07:19.802027,Campos,Cardoso,33.56,DELIVERED,VAN,9
b3446b1c-824f-4ca8-8f1d-5c290b35392d,2026-05-01T01:00:04.884783,Sampaio de Minas,Sales,74.32,CANCELLED,TRUCK,40
1446a0e0-f3dd-4d2b-987f-818d272f69cc,2026-05-01T07:10:45.922914,Santos,Fonseca,25.43,DELIVERED,VAN,60
56f9ff6e-2bbc-4832-8a05-e953dc16f0e4,2026-05-01T00:08:04.742903,Cavalcanti,Porto,41.95,IN_TRANSIT,MOTORCYCLE,54
2c2d2556-019f-498a-97ba-b31fbb2009d7,2026-05-01T12:09:10.967416,da Luz do Oeste,Machado do Amparo,86.27,CANCELLED,VAN,67
83cfaa7f-e0db-4323-9dc8-be47845f7f16,2026-05-01T12:50:05.293914,Sousa,Pires de Monteiro,43.92,DELAYED,TRUCK,32
e1a24906-f5df-485c-bd72-a615a2ffd545,2026-05-01T07:42:38.902034,Viana da Prata,Peixoto da Praia,6.22,IN_TRANSIT,VAN,2
7544f60e-9821-485f-a6a8-acba350a699e,2026-05-01T10:02:38.431474,Melo,da Luz,59.63,DELIVERED,TRUCK,67
e709195a-3c94-4ed8-bee2-ee33c5bb6c6c,2026-05-01T10:30:08.762003,Azevedo,Sales da Praia,96.68,IN_TRANSIT,AIRPLANE,103
a84f4e53-9e56-4b98-9a9a-449444dc9381,2026-05-01T09:08:59.754560,Aparecida Alegre,Cardoso,60.77,IN_TRANSIT,TRUCK,53
00e189c4-df74-42c1-a655-f5d7f0afffa7,2026-05-01T00:14:38.263680,Rios,Pimenta Alegre,43.6,DELAYED,AIRPLANE,38
f8da95ff-c436-4cfd-bb9e-fc0d9a0b5106,2026-05-01T03:29:30.017209,Pereira Alegre,Duarte do Campo,52.82,DELIVERED,MOTORCYCLE,85
78ed9630-46af-4d14-8d29-81c14f58fa55,2026-05-01T03:00:57.374670,Fonseca,Câmara,98.4,IN_TRANSIT,TRUCK,112
708db9e2-e336-44d3-b551-4e5ebfee2cc6,2026-05-01T00:53:04.188723,Marques Verde,Moreira das Pedras,6.1,CANCELLED,MOTORCYCLE,13
05d65ba3-22e1-4305-872b-9fa208e9ec95,2026-05-01T07:22:05.789364,Rios,Cunha,94.38,IN_TRANSIT,TRUCK,69
0969eb08-ed24-443f-a2f2-ea4ee62c348e,2026-05-01T00:37:06.885697,Costa,Montenegro de Nunes,64.93,DELAYED,TRUCK,5
0f14a3c8-c5e0-42ad-8cbb-751c6ab6d8f7,2026-05-01T10:51:59.782324,Santos,Jesus,78.02,CANCELLED,VAN,90
ae82d7c6-74ad-453d-91ed-54ec2462c232,2026-05-01T08:49:38.927970,Sousa da Serra,Marques,60.34,CANCELLED,AIRPLANE,87
24342e88-edcf-4850-a6ff-d35505279354,2026-05-01T07:06:27.732842,Jesus da Prata,Cavalcanti,81.14,IN_TRANSIT,MOTORCYCLE,50
06be43e3-b1e4-4e1a-9248-e44c66fb38b4,2026-05-01T09:05:28.424042,da Rocha,Almeida de Goiás,12.25,DELAYED,MOTORCYCLE,41
911237c1-f791-4665-8ba3-3f134d37fac8,2026-05-01T07:07:49.239530,Ribeiro da Mata,Alves,83.8,DELAYED,AIRPLANE,21
1345c440-ed54-42a4-82ea-8594ba75c530,2026-05-01T06:32:06.018021,da Costa do Galho,Andrade,48.34,DELAYED,TRUCK,28
d7a76341-219f-4503-a837-61d70ad2a26d,2026-05-01T09:10:04.116591,Machado,Pimenta Verde,50.91,CANCELLED,TRUCK,110
0be7d844-4f2d-48cd-bffc-172ed2979912,2026-05-01T00:38:34.143188,Lima,da Mota de Farias,78.68,CANCELLED,AIRPLANE,27
c6a1fb16-9c72-4592-8c32-0a86f6137608,2026-05-01T07:34:08.445071,Sampaio,Montenegro do Norte,73.5,IN_TRANSIT,MOTORCYCLE,67
ff18b612-2f20-4761-ac31-ea34ec638bd0,2026-05-01T05:30:26.865497,Pires,Porto,44.1,CANCELLED,AIRPLANE,92
53db9496-00c6-48b6-b4bc-8cebf82dda19,2026-05-01T04:54:57.271137,Sousa,Sousa de da Cruz,72.35,IN_TRANSIT,VAN,114
9156faa1-b354-47f2-9ca5-14e7786975c3,2026-05-01T07:55:18.634898,Marques da Mata,Cavalcante do Amparo,83.49,DELAYED,AIRPLANE,47
abeb03b6-9165-421f-a7aa-f2bd44f3903b,2026-05-01T04:39:55.217954,Albuquerque do Oeste,Viana,97.58,CANCELLED,MOTORCYCLE,23
e5dad8a1-b0d6-4c36-9b45-74f748d484d1,2026-05-01T11:42:39.264818,Silveira,Porto,64.0,IN_TRANSIT,MOTORCYCLE,31
35a63bd6-981b-49bd-a3d3-fef0f4146671,2026-05-01T11:19:17.588639,Peixoto de Goiás,Rezende de da Cruz,69.56,DELAYED,VAN,43
67688155-3c4a-42e2-889c-aba79f251ad1,2026-05-01T03:40:27.174555,Campos,Moura,37.44,DELIVERED,VAN,53
789e0e61-c06b-47d8-8e73-9ea32662f893,2026-05-01T09:21:31.392543,Machado,Machado,0.74,DELIVERED,VAN,31
bf5e3478-69ce-4713-9703-e6b798093f57,2026-05-01T01:55:37.872999,Sousa,Costela de Lopes,39.23,IN_TRANSIT,MOTORCYCLE,23
a125b49a-41d3-4a3f-8fc5-9302ebb14f7b,2026-05-01T06:23:36.095306,Macedo,Costela Paulista,0.6,IN_TRANSIT,MOTORCYCLE,13
eae544e7-4a43-4856-9eca-8cbb45fd1e51,2026-05-01T02:07:28.534540,Cirino,Pinto do Amparo,21.49,IN_TRANSIT,VAN,23
1b8c9fbf-0f5d-4414-86e9-be91412fe118,2026-05-01T01:41:52.166328,Ribeiro,Duarte das Pedras,8.31,DELAYED,AIRPLANE,19
6137b179-f63e-4d81-8b27-c5409a990103,2026-05-01T12:13:51.993793,Novais,da Rosa,28.93,DELIVERED,AIRPLANE,86
f2e62a4b-7a1a-4723-a144-38ff5d49d186,2026-05-01T02:55:40.575001,Andrade,Casa Grande de Garcia,17.42,DELAYED,VAN,41
13924555-24fd-4b84-ae24-79d507889b0f,2026-05-01T11:01:23.624723,Silveira dos Dourados,Aparecida,41.8,IN_TRANSIT,TRUCK,83
3b71ed2f-b925-441c-8dd3-4e1f80cdb08b,2026-05-01T06:43:01.654938,Alves Paulista,Fernandes,46.79,IN_TRANSIT,MOTORCYCLE,76
a519c674-bd33-4d9f-bc6e-acd10c6b5b2e,2026-05-01T05:09:33.888333,Silva,Pereira,86.4,IN_TRANSIT,VAN,56
f6d278e4-6ee6-4367-9934-f9e98bcc00d9,2026-05-01T08:42:36.948887,Vargas de Barbosa,Campos do Sul,12.09,DELAYED,TRUCK,80
c86b4bf3-5ee2-4f05-9533-3f98ff7dd249,2026-05-01T11:59:48.783227,Siqueira,Silva,80.94,DELIVERED,VAN,116
65848cec-475a-40ed-98d5-bc8488cc1b46,2026-05-01T08:45:17.980901,Freitas,Ferreira,2.3,DELIVERED,AIRPLANE,34
ea9237a5-9555-4769-bcce-3219ebc506ec,2026-05-01T10:54:12.799220,Rios de Porto,da Mota da Prata,75.28,DELAYED,AIRPLANE,45
f2aa8c8b-fab0-43a0-ad39-355660bca116,2026-05-01T11:00:10.186813,Cunha,Cavalcanti do Amparo,83.39,DELAYED,VAN,103
59b889c2-5bd3-4630-a476-69ed9a286e15,2026-05-01T02:09:52.575302,Garcia do Oeste,Pinto da Praia,19.27,CANCELLED,AIRPLANE,0
17cf4e64-7604-4319-aa85-d244c8ff0b42,2026-05-01T01:27:24.273992,Rezende do Oeste,Cunha de da Paz,16.76,DELIVERED,TRUCK,108
5bd2c925-cc63-487d-929c-43aa22904375,2026-05-01T06:20:33.990577,Moreira das Flores,Pimenta,98.24,DELIVERED,VAN,42
65231329-01f1-4af3-842c-316dbb4c15c7,2026-05-01T07:15:15.247323,Pereira,Andrade dos Dourados,61.42,DELAYED,VAN,73
a2122e7c-27af-403b-8680-08d3a852094e,2026-05-01T03:45:33.999591,Andrade de Novaes,Brito dos Dourados,41.15,DELIVERED,VAN,52
98ec4855-c1bb-4f1c-8a00-fddda34a8c3d,2026-05-01T09:56:02.049285,Cunha,Azevedo do Campo,66.46,IN_TRANSIT,AIRPLANE,116
4d6aecd4-48bf-4d0e-b7bb-642fb1f9aa91,2026-05-01T08:29:15.750499,Camargo de Duarte,da Cruz da Praia,81.91,CANCELLED,TRUCK,28
ec4323d8-a563-4f65-bf80-c8f59b834b73,2026-05-01T06:32:01.066660,Peixoto,Cavalcanti da Prata,16.4,CANCELLED,MOTORCYCLE,11
3f69a065-fa7f-49c9-81b6-dafc2b612859,2026-05-01T02:47:52.559698,Silveira Paulista,Pinto,21.69,IN_TRANSIT,VAN,45
be7593fa-e768-4c71-b202-16ba7cbfcbbf,2026-05-01T05:59:30.950139,Barros,Gonçalves,95.54,DELAYED,VAN,104
0d9606a8-466f-4a36-b69b-f20a4ab77941,2026-05-01T10:59:19.772781,Aparecida,Gonçalves,58.56,DELAYED,TRUCK,43
fc6217e3-1241-4812-b961-089a3afec34b,2026-05-01T10:11:50.488980,Moura de Goiás,Dias,39.94,DELAYED,MOTORCYCLE,2
dc436394-cc8c-4fa6-aa30-2e46f72817b1,2026-05-01T10:19:05.084866,Lopes,Mendes,36.51,IN_TRANSIT,AIRPLANE,86
bef40bd8-dc1b-45b4-81d3-8250f8ad2a04,2026-05-01T00:22:24.434107,Pires,Siqueira de Ribeiro,81.3,CANCELLED,MOTORCYCLE,105
3239c3ce-49d7-45e0-aced-be3da01949f9,2026-05-01T03:50:25.764747,Borges,da Paz,53.2,CANCELLED,TRUCK,6
368e4a26-bc25-405c-a41f-e2c1d54fdd58,2026-05-01T05:35:15.362051,Cavalcanti de Gomes,Cunha,44.62,DELIVERED,AIRPLANE,26
47fba791-0459-4c13-be61-43c26c3ec963,2026-05-01T10:16:18.291556,Pastor,Alves do Campo,22.29,IN_TRANSIT,TRUCK,47
a9a0f2dd-edf4-489a-9574-f3fbb9fca4df,2026-05-01T06:31:52.605970,Jesus,Nascimento,81.71,CANCELLED,AIRPLANE,9
fe7fe976-d602-485c-8c43-4989765a1661,2026-05-01T00:07:24.158540,Nogueira dos Dourados,Rodrigues,5.81,CANCELLED,VAN,59
d6ee23b4-e8b2-4a0b-b4ed-07404ae311f8,2026-05-01T03:35:55.788828,da Paz de Goiás,Sá,99.07,DELIVERED,TRUCK,90
7de7f721-5de6-483e-a067-9bbd335be575,2026-05-01T04:10:29.054110,Freitas,Lopes de Pereira,42.5,DELIVERED,VAN,39
69455055-58d2-4904-be32-7c95c9b8b884,2026-05-01T06:31:25.971025,Vasconcelos,Sousa do Norte,89.02,CANCELLED,MOTORCYCLE,25
aec12f8b-1d28-4ef2-b721-b076b5f7dede,2026-05-01T02:47:59.725164,Fernandes,Machado,55.32,IN_TRANSIT,MOTORCYCLE,109
6324fa1d-ddd7-41f3-a1f7-a3848b55946b,2026-05-01T12:47:30.992013,Viana de Câmara,Cavalcanti de Abreu,0.95,DELIVERED,MOTORCYCLE,16
959391bb-bddd-4cbd-bd51-289bf58fed41,2026-05-01T00:50:19.552261,Cunha do Galho,Pimenta,35.24,IN_TRANSIT,AIRPLANE,20
b6297298-0877-4ef6-97d0-9701ada9ac00,2026-05-01T05:28:29.419161,Ferreira da Serra,Campos do Campo,62.78,CANCELLED,AIRPLANE,16
99a03a6e-3994-4762-8c78-cb837087839e,2026-05-01T03:11:29.126723,Sales de Goiás,Castro das Flores,56.19,CANCELLED,VAN,3
6b3a3063-ebfa-468a-8638-a42aaa3f87ae,2026-05-01T08:40:28.900505,Rocha de Cavalcanti,Moraes do Norte,88.63,IN_TRANSIT,TRUCK,73
e22a7463-7c8a-4b65-964c-e20e79670a3b,2026-05-01T03:44:51.544501,Silveira de Leão,Melo,14.72,DELIVERED,TRUCK,15
8e36b720-d229-4556-ad36-07d0bd23883f,2026-05-01T07:45:45.506021,Cassiano Verde,Melo,77.32,IN_TRANSIT,AIRPLANE,13
fdc84e63-29b2-4cff-a04d-c4668de56268,2026-05-01T03:01:52.917973,Souza de Oliveira,Cavalcante,73.43,IN_TRANSIT,VAN,30
b13168d7-e7f4-46d4-acec-405e0d748fe4,2026-05-01T09:20:27.101654,Mendonça,Aragão da Mata,21.49,CANCELLED,TRUCK,21
1b7ad0d7-09ba-4537-a017-e5ff296af6c8,2026-05-01T02:29:02.093507,Vasconcelos,Brito,96.58,DELIVERED,VAN,1
432ddb69-6cc0-460a-9d4e-aabaf9f24a3a,2026-05-01T06:15:19.180725,Rocha Grande,Pereira,86.32,DELAYED,TRUCK,119
5483ac99-7ae9-413d-8661-8fa11d1bf61f,2026-05-01T07:11:22.553500,Monteiro,Carvalho,60.46,DELIVERED,VAN,64
29cee0e3-4823-4e96-b139-c8e07b2b6212,2026-05-01T11:19:55.428693,Monteiro,Rezende do Sul,21.1,CANCELLED,TRUCK,61
c81d1f5d-da47-4b5b-88d2-e0484f4ae301,2026-05-01T11:59:10.858492,da Conceição das Flores,Farias de Fonseca,99.74,DELIVERED,AIRPLANE,41
1c6393f4-1e36-49be-a6e7-eb9324cdc36a,2026-05-01T09:15:31.732585,da Conceição dos Dourados,Mendes,91.55,CANCELLED,TRUCK,77
7c9480b4-3086-4f91-ab22-af26c0fb4fee,2026-05-01T07:47:25.975332,Porto,Viana,47.16,DELIVERED,AIRPLANE,31
fb5efd4d-a1d0-4373-931f-b25b300fe505,2026-05-01T10:29:24.009785,Moura da Praia,Souza,35.75,CANCELLED,AIRPLANE,68
2dedb1d9-7f5d-4958-9bfb-99dc0ad48273,2026-05-01T05:31:14.564280,da Conceição,Alves,71.53,IN_TRANSIT,VAN,28
fc8c146b-c7b4-47fd-994e-3def92e7e2aa,2026-05-01T01:10:38.429372,Pereira,Cirino Paulista,61.58,DELAYED,MOTORCYCLE,69
a28b4362-73ed-4fba-b526-858ad765dbf7,2026-05-01T12:43:50.508555,Machado do Norte,Almeida de Santos,39.09,DELAYED,AIRPLANE,108
76810c52-c117-4235-b5d2-2c4571f55232,2026-05-01T10:33:38.000737,Ferreira,Casa Grande,11.81,IN_TRANSIT,AIRPLANE,63
4554c6da-a109-4fa2-af23-9824e2945fb3,2026-05-01T07:45:19.411350,Fonseca da Mata,Moura,2.22,IN_TRANSIT,AIRPLANE,7
f5fe14b8-c544-47b1-96d0-2108d8f3578e,2026-05-01T01:05:35.361437,Costela das Flores,Fogaça,18.14,DELAYED,MOTORCYCLE,70
b1b5a8e4-6ea6-48fa-862d-ba6f5db398d9,2026-05-01T08:01:24.681930,Marques dos Dourados,Barbosa,90.9,CANCELLED,TRUCK,44
2bef12e6-5a23-46be-ab10-3568eb2bb04b,2026-05-01T12:19:03.403159,Mendes do Sul,Viana,26.02,IN_TRANSIT,TRUCK,22
8f23207a-5d78-4e1b-a9ef-f83f6de5467c,2026-05-01T07:49:33.186068,Vasconcelos,Câmara do Sul,27.99,IN_TRANSIT,AIRPLANE,3
e82579f1-eb33-4217-bd2e-a4f80a75baf5,2026-05-01T02:12:33.679861,Silveira,da Mota,96.27,DELAYED,MOTORCYCLE,78
85907442-95ed-490d-bb1e-f36a1cb1cb87,2026-05-01T01:38:41.716983,Fogaça,Carvalho da Serra,93.37,CANCELLED,VAN,93
0ac37df2-431b-4173-9e94-e98d16e851b5,2026-05-01T10:14:32.233857,Cavalcanti do Norte,Sousa,19.6,DELIVERED,VAN,76
e1984c9c-2e0e-4c5e-a66c-16ac6a3491b0,2026-05-01T02:25:19.168793,da Cruz Verde,Lima,84.43,IN_TRANSIT,TRUCK,95
c6d7f2c3-27df-4731-8a5a-603f571159e9,2026-05-01T11:52:19.227538,Albuquerque,Oliveira,68.32,CANCELLED,AIRPLANE,116
85b17f96-da04-4920-816e-3d2e3f415c4b,2026-05-01T11:50:17.958145,Jesus,Pinto de Gomes,50.99,DELAYED,AIRPLANE,99
4766a1a7-21da-4e9c-a05f-c899c21443f8,2026-05-01T04:12:19.244290,Correia,Macedo dos Dourados,23.6,DELAYED,TRUCK,60
599f5de2-4dee-4a54-b0a3-2469b55e2844,2026-05-01T05:48:26.127254,da Rocha das Flores,Marques,90.3,IN_TRANSIT,MOTORCYCLE,44
cae4e9d2-e8e0-4cf9-8b65-c885a6e166e2,2026-05-01T06:31:07.817939,Leão do Oeste,Moura,74.01,DELIVERED,MOTORCYCLE,60
9759d139-66d2-450d-8835-8a44689c46bd,2026-05-01T11:01:55.796720,Cavalcanti,Machado de Rodrigues,89.87,IN_TRANSIT,TRUCK,63
1d207ee1-2473-41b4-806b-2599f5180f98,2026-05-01T12:46:08.293135,Borges do Oeste,Abreu das Flores,95.83,DELAYED,AIRPLANE,36
bd90ee6a-2ea2-4084-80ae-191217a030d0,2026-05-01T10:24:37.919168,da Costa,Rezende,10.75,DELIVERED,AIRPLANE,95
70e6eb0f-40c0-4376-a04a-f416aca01268,2026-05-01T06:30:16.472896,da Costa,Alves do Galho,23.79,IN_TRANSIT,MOTORCYCLE,4
7875a608-2d95-4826-a64c-8fe35db61d4a,2026-05-01T11:30:02.619949,Gonçalves,Cassiano,47.5,DELIVERED,AIRPLANE,31
83c78652-287a-4400-a20a-c03c1fb21560,2026-05-01T12:27:37.779059,da Mota,Teixeira do Oeste,21.51,IN_TRANSIT,MOTORCYCLE,78
cffdb4ea-6c90-4684-920e-dbe62c51020d,2026-05-01T09:29:53.296038,Brito,Correia Grande,4.04,DELAYED,MOTORCYCLE,105
06039f39-d0ab-458e-93b8-92d877b91870,2026-05-01T05:32:08.470579,das Neves de Minas,Borges,12.22,CANCELLED,AIRPLANE,46
562cf3aa-dabe-489a-ade7-e8a6af43ebdb,2026-05-01T10:18:14.693872,Vieira dos Dourados,Brito Grande,78.61,DELAYED,TRUCK,70
0c4c5b04-0c03-4929-a40a-53468f897940,2026-05-01T02:26:23.255610,Borges,Nogueira de da Cruz,73.15,IN_TRANSIT,MOTORCYCLE,92
839ae0d0-f5aa-44df-b2f0-96d1f58f7cfc,2026-05-01T06:42:22.887349,da Cruz,Pimenta Paulista,4.82,DELAYED,VAN,57
0ec74002-cf28-4a95-847b-602fd9dfa3a7,2026-05-01T04:54:51.719727,Jesus,Farias,22.59,IN_TRANSIT,AIRPLANE,1
021968cc-06ba-435b-aaae-c0cf9b073476,2026-05-01T01:19:35.027750,Cavalcanti,das Neves Paulista,84.4,IN_TRANSIT,VAN,92
9939e31d-f15a-4208-bb95-1bc8622b95d2,2026-05-01T11:06:25.529132,Leão,Campos da Serra,54.35,DELIVERED,MOTORCYCLE,58
fd06c3bb-1ff1-4a8f-94cf-2e3e429f263a,2026-05-01T04:28:08.604370,Borges,Novais,59.51,DELAYED,MOTORCYCLE,117
a2b182aa-151f-4f8b-939a-e1672433a65e,2026-05-01T04:03:47.162448,Caldeira dos Dourados,Santos,8.05,DELIVERED,VAN,20
238d1a05-7c71-4a05-b5a0-1ed75d48d4a7,2026-05-01T08:57:22.199395,Oliveira,Nunes do Sul,70.32,DELIVERED,MOTORCYCLE,47
cee448bf-b3d3-4ea9-bd74-bfd43207609d,2026-05-01T08:36:49.489568,Cardoso,Brito de Goiás,2.53,IN_TRANSIT,TRUCK,113
d55ed93f-6c5c-4866-ae5e-231f91062968,2026-05-01T09:17:13.510011,Aparecida da Serra,Vargas de da Cruz,6.28,IN_TRANSIT,AIRPLANE,6
a71bf8b9-2f9b-4939-995a-a9a1d5178f10,2026-05-01T08:04:18.790677,da Conceição de da Rosa,Machado,33.15,CANCELLED,VAN,42
31d9cf02-b089-458b-93fd-24e755cf945c,2026-05-01T02:42:35.353236,Barros,Pinto das Flores,65.35,CANCELLED,VAN,120
7de24a82-144c-400a-b82f-9943b1db522c,2026-05-01T07:22:09.603267,da Cruz,Cavalcante,56.17,CANCELLED,VAN,53
c1a4ec3d-96d5-4a08-89f8-4230315ced71,2026-05-01T07:46:37.391299,Azevedo,Gomes da Mata,5.6,IN_TRANSIT,AIRPLANE,92
ffab22e5-daa2-4b3c-ad0b-2cb01b8b5834,2026-05-01T05:25:07.788986,Vieira,Duarte Grande,66.54,CANCELLED,MOTORCYCLE,102
87249b16-5a93-4cef-a4ed-db1e0c29d515,2026-05-01T01:18:03.038404,Carvalho de Minas,Sá,89.11,DELIVERED,TRUCK,33
0889e19d-fd5b-4991-8a4c-27e5b3cc7268,2026-05-01T06:46:10.661171,Carvalho das Flores,Nunes,29.55,CANCELLED,AIRPLANE,73
d381640c-4d37-495c-8f29-287b9d5ff501,2026-05-01T03:39:20.055562,Silva de Goiás,Mendes,77.52,DELAYED,MOTORCYCLE,105
da48a7ed-21df-41ff-9b68-68c49e967d47,2026-05-01T04:58:23.062265,Vieira,Correia do Oeste,67.16,DELIVERED,MOTORCYCLE,80
9ef2dbee-56ec-4691-8495-e4d11fcc5403,2026-05-01T00:52:21.079951,Cardoso do Galho,Barros,31.98,DELAYED,VAN,98
cd43affe-9027-44f0-92e5-3a0febc8fc51,2026-05-01T07:44:48.901659,Lima do Amparo,da Cunha de Minas,89.73,CANCELLED,VAN,25
66ab70bf-fcc9-4a62-89bb-bddeb871b4f1,2026-05-01T12:02:34.865357,Pires,Sales,3.93,DELIVERED,VAN,0
9a17f9de-ae59-4443-ab72-ad0e8d0ed1fb,2026-05-01T06:02:32.525258,Duarte,Cavalcante,71.85,DELAYED,TRUCK,1
b27e7325-087c-448e-ba8f-8d8162e9ef33,2026-05-01T08:26:04.275725,Almeida,Rocha,7.97,CANCELLED,AIRPLANE,98
56022d64-18d9-4125-a34b-06211afd8c5d,2026-05-01T09:48:00.355361,da Rosa,Barbosa,47.33,CANCELLED,AIRPLANE,19
72867586-203f-4fea-810b-1b63dc17af38,2026-05-01T02:41:29.145137,da Mota,Duarte,40.75,DELIVERED,MOTORCYCLE,26
3978da40-2929-4c02-ac58-a86a9c2acd60,2026-05-01T09:09:20.441242,Silveira da Serra,Melo da Mata,41.99,CANCELLED,TRUCK,104
4e124665-79b2-4586-9dd9-b35e8f4c6eab,2026-05-01T02:09:17.345582,Barros de Albuquerque,Marques,88.8,DELAYED,VAN,89
d91edd34-c5c9-4900-811e-b9d1b7906a8c,2026-05-01T12:47:09.110149,Teixeira,Siqueira,98.72,CANCELLED,MOTORCYCLE,38
cae23d14-5237-4076-ac5b-337ada7fd5c0,2026-05-01T01:48:26.807302,Peixoto,Almeida de Carvalho,77.25,DELAYED,MOTORCYCLE,34
19cbde49-ce36-4426-aa22-c745bdf63290,2026-05-01T01:56:30.755493,Jesus de Minas,Melo,77.38,IN_TRANSIT,VAN,3
d4d40abd-4dac-4649-89c3-dcab1110ad87,2026-05-01T09:47:17.039431,Ribeiro,Azevedo,64.05,DELAYED,VAN,16
ccfef19e-5632-45f1-96b7-e49470317ab7,2026-05-01T01:21:18.814962,Monteiro de Novaes,Abreu,1.29,DELAYED,AIRPLANE,65
0fc251ae-53db-45d4-a109-1a22c56b7909,2026-05-01T03:21:44.044217,das Neves,Cavalcante,1.41,DELAYED,TRUCK,0
31a4d870-f811-429e-a616-c5bb97cba84f,2026-05-01T04:58:14.848230,Macedo Grande,Barbosa,72.04,DELAYED,MOTORCYCLE,73
6b4760c8-c8d0-4a17-8220-17f4611f0cab,2026-05-01T12:34:03.383383,Jesus de Siqueira,Rios dos Dourados,73.72,DELAYED,VAN,100
e4dbde97-dd57-4f67-9b86-e57fbf8c9fba,2026-05-01T12:09:36.295105,Borges do Sul,Barros,82.53,CANCELLED,AIRPLANE,92
12406423-e56d-4ab8-ab6d-406d3b15ebb8,2026-05-01T10:22:40.995539,Machado,das Neves,23.72,IN_TRANSIT,MOTORCYCLE,100
70934bcd-8fb5-43ab-8b69-daef2c5c2dd3,2026-05-01T01:42:46.142316,Ribeiro dos Dourados,Freitas das Pedras,7.45,DELAYED,VAN,41
f3f95762-da8d-4479-bf5b-372ce39e1322,2026-05-01T05:10:00.343077,Porto,Viana,60.39,DELIVERED,TRUCK,10
1d504407-23bb-4333-a6e8-c2235e445d71,2026-05-01T09:17:02.727116,Leão,Fogaça,82.28,IN_TRANSIT,MOTORCYCLE,19
d872a0dc-1ddb-4703-82b2-cfbf0440ec67,2026-05-01T08:38:48.215714,Moreira da Prata,Siqueira,76.41,CANCELLED,AIRPLANE,39
9817bc21-db12-449b-b0f4-8f627ea0ffd5,2026-05-01T06:05:11.533633,Cavalcante,Lopes Paulista,85.02,IN_TRANSIT,MOTORCYCLE,41
a429e2ef-b485-47da-b59f-087c133c0af5,2026-05-01T10:37:45.801334,da Mota,Câmara de Minas,65.66,DELIVERED,AIRPLANE,0
42275975-6146-4499-89f8-f5c689c07d11,2026-05-01T10:16:32.355492,Marques do Amparo,Mendes Verde,87.9,IN_TRANSIT,TRUCK,24
af862eac-6a23-4c42-b94a-29ba47d3d5e8,2026-05-01T10:00:31.203811,Silveira Verde,Cunha,78.3,DELAYED,AIRPLANE,79
699c377a-7292-48ea-bed1-5686fe861915,2026-05-01T03:27:24.344352,Guerra,Borges do Campo,23.35,DELIVERED,TRUCK,58
b6093d26-ca6e-4fcf-9481-5f7d17ca725f,2026-05-01T08:31:09.308672,Cavalcante do Amparo,Cirino,27.61,DELIVERED,AIRPLANE,15
172b72f9-a848-4698-bed1-91c08fff096a,2026-05-01T05:02:37.729109,Oliveira,Correia da Serra,32.93,DELIVERED,TRUCK,107
8bf98b5a-6c4d-4c88-8b1b-5c41476904d2,2026-05-01T10:11:03.053534,Câmara,Costela,95.58,IN_TRANSIT,AIRPLANE,81
06b51a21-50fe-4122-8565-669e8a02ced7,2026-05-01T13:00:11.489981,Fernandes,Cavalcanti,41.33,DELAYED,AIRPLANE,13
008e17fe-52e4-4d21-89b7-433167b34007,2026-05-01T09:12:31.760182,Dias dos Dourados,Rocha dos Dourados,38.06,DELIVERED,MOTORCYCLE,120
e8c29fd3-38b4-459b-8250-a630db14d359,2026-05-01T08:39:25.070960,Barros de Cunha,da Costa,70.33,DELIVERED,TRUCK,97
ce8ba10f-b03e-4dba-88a8-8a5e6add5989,2026-05-01T00:34:57.402246,Barros,Duarte,21.22,IN_TRANSIT,AIRPLANE,76
e5d3b1e8-5ec4-4912-b2ba-b0d5376991c4,2026-05-01T02:47:47.520058,Sampaio,Correia de Silva,66.52,CANCELLED,TRUCK,93
3d71cb01-0362-40d3-9589-a23a6e58a409,2026-05-01T12:34:16.870984,Abreu,Fogaça,44.69,IN_TRANSIT,VAN,47
de75142e-c7f6-4dfb-bbf9-378a7ddab622,2026-05-01T08:32:37.713412,da Mota,Duarte,16.76,IN_TRANSIT,MOTORCYCLE,91
83feb903-69c5-453a-b28c-1826906eeb75,2026-05-01T12:23:29.613631,Marques,Vieira de Castro,1.35,CANCELLED,MOTORCYCLE,0
fe596c87-2cc8-4b68-b6b9-d333bafe0a39,2026-05-01T08:08:56.434794,Sá das Pedras,da Cunha da Praia,69.16,IN_TRANSIT,MOTORCYCLE,67
c9bddee1-3a53-4492-8c17-10809f9f2113,2026-05-01T10:54:42.733435,Caldeira dos Dourados,Ferreira do Sul,99.85,DELIVERED,MOTORCYCLE,78
c42792a8-f66e-46d8-9ce1-51722adfe1d3,2026-05-01T02:19:24.306405,Cardoso das Flores,Souza,44.72,IN_TRANSIT,TRUCK,33
847a1a04-ae94-4476-b9ad-b723115b0905,2026-05-01T03:27:25.008916,Araújo do Galho,Fernandes do Galho,76.77,DELIVERED,MOTORCYCLE,23
7aee73e5-fe2a-4936-84c4-3bdfce8f7266,2026-05-01T09:10:23.146618,da Cruz,Siqueira de Cardoso,97.87,CANCELLED,TRUCK,109
33b4bf42-0ca0-4f02-8384-9c9f85733fb9,2026-05-01T04:20:55.166204,Montenegro,Barbosa,58.24,IN_TRANSIT,TRUCK,73
53b2163e-18b4-4e16-aa03-4314ba289baf,2026-05-01T03:02:38.739107,Albuquerque do Campo,Farias de da Paz,33.99,DELAYED,AIRPLANE,85
e1c5efee-a845-49df-bc19-2b485d419ae0,2026-05-01T11:10:14.014205,Sales de Goiás,Duarte de Guerra,2.45,CANCELLED,MOTORCYCLE,68
