shipment_id,timestamp,origin,destination,weight_kg,delivery_status,vehicle_type,estimated_delay_minutes
c332b6eb-44c2-4d5b-aad6-37bffa4a6904,2026-05-01T10:40:18.617879,Câmara de Azevedo,Caldeira de Costa,77.53,DELIVERED,AIRPLANE,111
01adcc4e-3224-4575-a8ac-1fd6c562cc8b,2026-05-01T11:15:05.398319,Macedo,Ribeiro das Pedras,5.18,IN_TRANSIT,AIRPLANE,114
6e1a166d-171e-4f63-83fd-405fbeca067e,2026-05-01T06:34:52.991214,da Cunha,Farias,43.86,CANCELLED,AIRPLANE,6
5f35ae6c-48b0-4fc1-89c8-79a46623d99c,2026-05-01T07:32:14.286655,Lima dos Dourados,Rios de Brito,68.8,IN_TRANSIT,MOTORCYCLE,85
f0585b96-4630-47ab-9e43-2c2759f0df53,2026-05-01T11:41:04.902472,Cunha dos Dourados,Alves Grande,95.76,DELIVERED,TRUCK,28
201e5ef6-4917-4f0c-ad48-f9a3e4029972,2026-05-01T10:44:02.391747,Marques,Novais,95.33,IN_TRANSIT,VAN,89
3c6381be-1186-4af1-97b4-34984b1da30b,2026-05-01T04:32:25.066979,Martins,Aragão das Pedras,62.58,DELIVERED,TRUCK,60
c0dd2fc4-0860-4048-a8c9-8753e7aa15b2,2026-05-01T06:36:21.696787,Freitas do Norte,Macedo,91.68,DELAYED,TRUCK,118
dd311c8b-dabb-46ea-baa8-fe361b2ce746,2026-05-01T11:16:04.659774,Rocha de Rios,Dias de da Cruz,0.12,CANCELLED,MOTORCYCLE,78
7684ad4a-6aa0-4372-a052-594279c27bae,2026-05-01T12:05:37.398868,Marques da Mata,Macedo,1.64,IN_TRANSIT,AIRPLANE,25
7aff8bbd-e123-4b7e-be28-04d4d1bd7c52,2026-05-01T11:11:18.884227,Cunha do Oeste,Gonçalves,71.64,CANCELLED,AIRPLANE,81
daeff9a9-953d-4c77-b1d9-a6302cdd19a1,2026-05-01T10:14:15.441261,da Cruz,Pacheco do Oeste,63.64,CANCELLED,VAN,108
9a69769d-3a37-4923-9a8b-a02c7af9530c,2026-05-01T02:17:47.491674,Rezende,da Paz das Pedras,40.03,DELIVERED,VAN,20
ac614c18-aa35-4e3c-9569-216f3d5c76fd,2026-05-01T01:49:51.557113,da Luz do Amparo,das Neves,24.07,DELIVERED,TRUCK,26
da10b24e-94a9-4888-b92d-d385163d718a,2026-05-01T01:58:46.917573,Siqueira de Cassiano,Almeida do Oeste,58.06,CANCELLED,MOTORCYCLE,81
6d51ddf0-c3cf-4fa5-99d7-1c1617b5493b,2026-05-01T10:31:33.397379,Pires,Sampaio,83.73,DELAYED,VAN,47
e5a39dc9-5e7e-40e0-889f-b26ce1252b37,2026-05-01T02:39:20.210718,Ribeiro,Novais de Cardoso,56.68,DELAYED,VAN,73
2f1b6539-8838-407b-8caa-71da26199ff8,2026-05-01T05:24:44.706744,Câmara de Nascimento,Dias das Pedras,38.34,CANCELLED,VAN,100
d92135ab-8f40-40e8-a034-106ecdab0e55,2026-05-01T06:10:23.708584,Sales,Brito do Norte,37.02,CANCELLED,TRUCK,74
0896f7b0-0933-4fff-af56-3a0f76e3f68b,2026-05-01T04:48:46.997515,Vieira de Goiás,Campos,62.44,CANCELLED,MOTORCYCLE,16
efbcd818-ee69-48ac-a3e3-1107920fe3d9,2026-05-01T12:12:03.978051,Leão,Cunha,73.96,CANCELLED,MOTORCYCLE,13
b565b0e8-265d-4ac0-9f28-8fe5b83249d7,2026-05-01T04:43:09.440407,Vieira,Farias,48.98,CANCELLED,VAN,55
800031e3-9b53-4ff2-af12-ad49f00d9478,2026-05-01T01:46:47.290943,Ferreira Alegre,Fogaça,5.12,DELAYED,AIRPLANE,75
b089d34e-9abd-4e79-9459-745cfb933dc0,2026-05-01T05:37:52.395121,Leão de da Cunha,Pimenta das Flores,71.29,DELIVERED,AIRPLANE,68
abe54cfb-cd88-49d4-ba20-adc71a9af356,2026-05-01T06:47:01.520226,Vieira do Amparo,da Rocha da Mata,81.12,DELIVERED,TRUCK,98
5ab3af20-0132-4be0-936a-634cc7946775,2026-05-01T01:37:44.284182,Barbosa,Mendonça,91.31,CANCELLED,TRUCK,108
29e90afb-7a86-49db-99a8-b938d925346b,2026-05-01T07:12:52.122580,Silva,Sampaio do Sul,66.1,DELAYED,VAN,44
ee6c239b-2039-4954-ad42-e73a81c5952e,2026-05-01T12:25:31.202492,Martins do Campo,Santos do Oeste,81.22,IN_TRANSIT,MOTORCYCLE,81
5a7ceb12-22d1-46fa-8edd-5aceabb185e8,2026-05-01T07:55:27.631722,Montenegro da Mata,Cirino da Mata,14.86,CANCELLED,AIRPLANE,56
181ad154-5458-42e2-b788-6ffbf8087fe3,2026-05-01T00:48:57.806095,Camargo,Correia,39.46,DELAYED,MOTORCYCLE,50
5e78bf04-972d-4225-89bf-d7524b40764d,2026-05-01T08:57:40.990439,da Cruz de Mendonça,Melo,79.81,DELIVERED,TRUCK,69
91fdb680-d2fc-4097-929b-b11501d7bb7a,2026-05-01T07:01:22.675703,Duarte de Goiás,Guerra do Amparo,7.52,DELIVERED,VAN,27
889a7828-9ef1-4903-ac58-3ad7a4c950fe,2026-05-01T02:52:05.340507,Barbosa das Flores,Teixeira,24.64,CANCELLED,TRUCK,82
3e9ffe9a-69dd-4276-abdd-c942fabdd45d,2026-05-01T11:54:30.378749,Albuquerque do Oeste,Silveira,11.74,DELAYED,MOTORCYCLE,68
75a683b1-bf08-40ad-87d6-279352bb271e,2026-05-01T11:38:50.993505,Cavalcante do Campo,Duarte do Oeste,97.51,DELIVERED,AIRPLANE,29
fa2dd260-3cbb-4857-a2e9-b778bb9e6480,2026-05-01T00:40:27.606911,Araújo,Pereira,65.73,DELIVERED,TRUCK,36
513b2adb-3f1e-4420-b076-7ac703008e74,2026-05-01T00:20:43.682064,Peixoto,Barbosa Paulista,82.76,CANCELLED,MOTORCYCLE,23
be351b08-1d26-4e24-954d-39514fa7a67e,2026-05-01T09:47:12.936567,Peixoto dos Dourados,Pinto do Norte,48.09,CANCELLED,TRUCK,60
f6b69af8-cfc7-480f-8cfc-cf195d62503f,2026-05-01T08:07:33.425098,das Neves,Araújo de Monteiro,41.81,CANCELLED,MOTORCYCLE,27
c5f32dd3-a1e5-435d-b173-c6f85599f4f0,2026-05-01T01:15:09.657942,Cavalcante da Mata,Ferreira de da Mota,30.09,IN_TRANSIT,VAN,59
6205ae40-8d72-4e4a-b3cb-183f7594c7f5,2026-05-01T04:55:26.726900,Leão,Câmara de Fogaça,2.09,DELIVERED,AIRPLANE,85
d11d6a1b-4ecc-4e14-aaec-5617469fc15c,2026-05-01T06:18:27.026083,Oliveira,da Mota,29.77,DELAYED,MOTORCYCLE,84
95e4e346-32a6-461d-8816-c00574487676,2026-05-01T03:16:10.221584,da Cunha de Borges,da Rosa,62.13,DELAYED,AIRPLANE,5
84c6f980-8a8e-42b0-ad6b-4f521e510084,2026-05-01T01:29:07.222106,Machado de Vasconcelos,Sales,26.08,IN_TRANSIT,VAN,89
0f65aedc-88b5-4dbb-be02-ffc9289e3934,2026-05-01T05:02:44.120103,Câmara,Rios,72.62,DELIVERED,MOTORCYCLE,30
824f2f7a-b013-4137-8bd3-2d159d7c087a,2026-05-01T04:10:25.197850,Câmara,Lima,29.67,CANCELLED,AIRPLANE,13
ace5a9ec-9c80-4f5f-87bb-0fc0164e20a5,2026-05-01T01:14:56.368254,Souza de Sales,Santos,31.5,DELAYED,TRUCK,54
22145035-96fc-43ab-8c8a-1b360fd38124,2026-05-01T08:06:24.048026,Rios Verde,Siqueira,86.38,IN_TRANSIT,VAN,48
fc7787ce-a271-48ae-9259-b2afae228ecc,2026-05-01T03:24:07.645449,Nascimento Verde,Fonseca Paulista,47.46,CANCELLED,MOTORCYCLE,15
3f78d53d-b091-446d-801d-9e83691faeaa,2026-05-01T11:34:53.350966,Teixeira Alegre,Viana,21.92,IN_TRANSIT,AIRPLANE,66
7512e6a9-414a-401e-9e89-bf19649421af,2026-05-01T04:38:43.123171,Vasconcelos do Galho,da Rosa,1.29,DELAYED,AIRPLANE,105
141bf685-a588-456f-998a-ef1b07a46bd5,2026-05-01T03:00:13.983488,Macedo,Viana das Pedras,50.51,IN_TRANSIT,MOTORCYCLE,3
8f13f435-20f5-4ff2-8cd6-f6ebb53c2d82,2026-05-01T11:07:27.216898,Correia,Leão,39.36,CANCELLED,MOTORCYCLE,5
4f87328c-55b6-4294-81f5-c0452772752e,2026-05-01T11:20:00.320713,Sá,Lima do Oeste,54.93,CANCELLED,VAN,19
800b6eb5-bb1f-444f-83c6-dc80d00aa4f4,2026-05-01T12:55:35.521771,Abreu,Farias,18.22,DELIVERED,AIRPLANE,108
b137bfff-fb54-4000-8ba7-451562ff4ba3,2026-05-01T07:41:57.103734,Câmara,Freitas do Oeste,69.79,IN_TRANSIT,AIRPLANE,46
f9d541c8-07bc-4ac6-b035-52bffddd37ec,2026-05-01T09:45:57.637491,Pinto,Oliveira dos Dourados,17.01,DELIVERED,AIRPLANE,61
b3757071-ff88-4e03-88a2-02812fb55256,2026-05-01T03:39:06.519660,da Rocha,Vargas,75.51,DELIVERED,AIRPLANE,87
270cf2ad-a914-4cf5-a1d3-d3d2c153c77e,2026-05-01T06:32:48.491741,da Conceição,Costa do Oeste,76.75,DELAYED,TRUCK,29
5278ae17-b80a-454f-b062-fe13688e9f78,2026-05-01T05:14:40.365276,Oliveira,Oliveira,57.8,IN_TRANSIT,VAN,15
6d55df69-e999-4b8b-856d-084d23143220,2026-05-01T11:46:45.578106,Brito de da Conceição,Martins,43.57,DELAYED,AIRPLANE,94
756a0f38-75ce-4812-a854-689e638bfc41,2026-05-01T11:13:10.125590,Mendes,Andrade,96.56,IN_TRANSIT,MOTORCYCLE,107
b20464b2-4a80-47be-a2ba-9b74337b9e7d,2026-05-01T12:42:51.081057,Campos,Abreu,0.26,DELIVERED,AIRPLANE,12
bd033e2c-f956-427d-a0a1-9d894bd3c837,2026-05-01T02:43:00.292614,Cardoso,Rocha de Nunes,24.91,IN_TRANSIT,VAN,14
5517a64f-ac05-4e3f-b88a-2e2a76f0dbc3,2026-05-01T09:06:14.063814,Brito de Vargas,Teixeira do Oeste,37.3,DELIVERED,TRUCK,96
a5f8f9b6-cc4a-4c0a-a05e-e83cd4339171,2026-05-01T05:05:27.136650,Lima,Melo das Pedras,27.2,DELIVERED,MOTORCYCLE,21
0352b5f0-8d73-4a8b-9167-78596674605c,2026-05-01T10:48:43.542361,da Cunha,Vieira,7.88,IN_TRANSIT,TRUCK,8
b04fab52-8551-498d-b905-a262838fe0c8,2026-05-01T04:50:30.553718,Mendonça,Vasconcelos,78.87,CANCELLED,VAN,48
43cd1f1e-547b-485f-9c91-ee543bac9df5,2026-05-01T09:23:04.196238,Pastor,Monteiro do Norte,35.84,IN_TRANSIT,VAN,85
afd4263c-f094-4dd0-9165-2151eaece823,2026-05-01T02:54:44.131320,Novais das Pedras,Ferreira do Oeste,41.46,DELAYED,AIRPLANE,80
9d2b7ae8-0281-48ec-99bc-90f85dd89f63,2026-05-01T03:21:35.608404,Pinto,Caldeira da Praia,50.63,DELAYED,TRUCK,8
216676d4-416e-461d-a8e4-9362bfe279bc,2026-05-01T05:41:51.752204,Guerra de Costa,Cirino,20.52,DELAYED,AIRPLANE,117
575a6dee-3388-4893-9158-5441452a54b4,2026-05-01T03:04:18.817987,Albuquerque,Costela,2.24,IN_TRANSIT,TRUCK,42
a076980d-70a8-487d-8524-caab1f18dfef,2026-05-01T09:47:54.820873,Campos,Pastor do Campo,55.58,CANCELLED,MOTORCYCLE,28
6802bf91-c810-455b-8b04-76e2e98ada1e,2026-05-01T00:39:28.334908,da Costa de Araújo,Porto,55.9,DELAYED,TRUCK,96
3a8f5a5f-d13c-4bee-90bf-231633d6a82d,2026-05-01T03:12:48.195414,Duarte,Costa,88.83,DELAYED,MOTORCYCLE,24
f6bab564-e928-4944-90d7-d251194dd519,2026-05-01T01:31:37.648840,Pimenta,Vieira,31.92,IN_TRANSIT,VAN,24
b7e46f97-c962-4f62-85d0-9fa292060fd8,2026-05-01T01:39:02.645040,Porto,Camargo de Vargas,34.18,DELIVERED,VAN,91
3ad2d245-babd-4784-8f3a-16e925c4481b,2026-05-01T07:04:06.357326,Sales,Siqueira dos Dourados,59.81,DELIVERED,AIRPLANE,44
936c947e-3606-4604-bf3c-5a1fb3b14561,2026-05-01T01:48:09.305697,Vargas,Carvalho de Lopes,3.13,CANCELLED,VAN,38
cb2382ee-75e8-498d-ab77-5c2a8e3cf616,2026-05-01T05:34:30.020250,Cirino da Prata,Souza de Abreu,42.91,IN_TRANSIT,MOTORCYCLE,53
2f240448-93aa-4f5f-a21e-60aefb3f773f,2026-05-01T02:52:31.184181,da Mata das Flores,Moraes das Pedras,21.91,DELAYED,TRUCK,95
ec1478df-cdbb-405a-8b02-d4a09aac8ce6,2026-05-01T09:24:37.401591,Moreira de Correia,Porto,83.44,DELAYED,TRUCK,72
2e8453b9-287c-4f1d-b67d-80710d0931de,2026-05-01T01:57:13.775115,Casa Grande,Siqueira da Mata,43.94,DELIVERED,VAN,15
6b3d941a-fa71-48f8-b4e0-a5fe8a16727e,2026-05-01T06:00:20.817831,da Luz,da Conceição do Norte,21.77,DELIVERED,TRUCK,76
5dffb848-eb87-42a8-8407-654513c2b8b7,2026-05-01T03:40:16.841243,Novais da Praia,Almeida,4.94,IN_TRANSIT,VAN,115
29e9d038-04cf-4a2b-af54-a15796057b59,2026-05-01T02:57:58.972909,Nascimento de Cavalcante,da Mota,16.66,IN_TRANSIT,TRUCK,71
6aecd105-692e-4c3b-9776-e3c3e9a4b6d9,2026-05-01T10:00:31.908147,Novaes,Novais de Barros,12.2,CANCELLED,AIRPLANE,6
31ec018d-16b5-47e5-b3d0-d10b67aafb55,2026-05-01T11:39:32.197515,da Mota da Serra,Pastor do Oeste,29.5,DELIVERED,AIRPLANE,32
aee06324-5885-41e0-ab0c-cb85f791ab9e,2026-05-01T00:42:51.454715,Sales do Galho,Ramos,16.88,DELIVERED,AIRPLANE,69
deec6702-975f-4bfe-9b51-418b1382a340,2026-05-01T02:59:47.556085,Nogueira Grande,Duarte,85.67,IN_TRANSIT,TRUCK,10
2e1f46fc-fff9-4009-ba6f-69e321245ed6,2026-05-01T09:49:54.802897,Pereira da Prata,Barros do Norte,67.16,DELIVERED,MOTORCYCLE,98
ca4d1819-4ed5-4a1e-8495-beed5c331a5f,2026-05-01T02:28:07.439513,Novaes de Moreira,Melo de Minas,32.41,DELAYED,TRUCK,59
bc1fd820-b087-4b6f-9051-f0176d97b911,2026-05-01T02:55:02.575313,das Neves,Abreu,99.1,IN_TRANSIT,MOTORCYCLE,62
79bb3299-eb4c-4547-8227-a7a74d577db0,2026-05-01T09:34:03.114958,Souza Alegre,Cirino da Mata,24.3,CANCELLED,VAN,54
53bdfffc-30ea-459f-9a08-1614c0115399,2026-05-01T11:09:43.440198,Barros,Silveira Alegre,11.66,IN_TRANSIT,MOTORCYCLE,64
12d70a51-ff3d-4fc8-b14d-2d97425cd1e9,2026-05-01T07:42:08.541116,Santos de da Paz,Jesus,96.21,DELAYED,AIRPLANE,26
95b7549c-6922-453a-9f91-3daa0e614a40,2026-05-01T10:55:34.185493,Gonçalves da Serra,da Costa do Norte,41.08,CANCELLED,MOTORCYCLE,116
de3a8637-9038-4e6d-800e-86619d6edc34,2026-05-01T09:37:44.785276,Gonçalves de da Luz,da Cruz,55.53,DELAYED,VAN,70
cf4b66f0-46d3-4e44-90f2-dc6eee097a6e,2026-05-01T11:30:35.635401,Rios do Amparo,Sales,52.28,DELIVERED,MOTORCYCLE,81
cef8ddf6-7a2b-4503-976b-632fc45d332e,2026-05-01T05:51:51.035073,Porto,Mendonça de Correia,87.74,CANCELLED,AIRPLANE,62
e1153438-bc9e-468d-ac3a-fc88f72e9f0c,2026-05-01T09:25:50.573739,Novais de Sampaio,Ferreira Grande,82.51,IN_TRANSIT,VAN,11
a12d541f-d67b-43c7-b302-d2006d509f92,2026-05-01T11:14:46.918736,Alves,Porto de Minas,19.26,CANCELLED,VAN,115
950161ce-cce6-41e6-8341-ef81eeae5d76,2026-05-01T09:41:39.265069,Brito,Leão do Amparo,81.33,CANCELLED,MOTORCYCLE,65
6516a3f5-78ab-4b4b-be0a-1e446fbb34cb,2026-05-01T03:23:58.174855,Araújo,Aragão do Oeste,85.33,DELIVERED,AIRPLANE,6
107a4723-120f-44c3-afc1-bbbafa9dd266,2026-05-01T12:52:47.158327,Lopes,da Mota de Minas,99.92,IN_TRANSIT,VAN,118
b28fb776-ebbb-4c51-8474-7f5a79e5f95c,2026-05-01T00:51:23.222996,Lopes,Novaes da Mata,69.45,IN_TRANSIT,AIRPLANE,9
0c2563d6-72fa-42b8-8e7a-fed0afb94e39,2026-05-01T06:43:58.035560,Monteiro,Guerra,7.69,DELIVERED,AIRPLANE,5
a336ca0d-b868-4ded-b099-d360b9d10e87,2026-05-01T07:33:02.645436,Silva da Serra,Costela do Campo,46.9,IN_TRANSIT,AIRPLANE,21
f818f258-aa72-4f3d-9df0-9e5083d64fe4,2026-05-01T10:05:33.779606,da Conceição de Silva,Souza,63.16,DELAYED,VAN,92
50461db2-c9ef-4a3a-b7b8-caa2094a5a8e,2026-05-01T11:33:08.643106,Andrade,Oliveira,46.4,CANCELLED,AIRPLANE,60
155d5506-5a57-4916-bf64-b22169eff8da,2026-05-01T06:35:42.479430,Aragão,Câmara de Goiás,31.57,CANCELLED,VAN,32
5374c2da-7ba8-4af2-a267-bf05516e329d,2026-05-01T08:53:26.671272,Costa,da Cunha dos Dourados,99.09,DELAYED,MOTORCYCLE,19
893f60f9-2853-4277-9ef1-cdd5084c9807,2026-05-01T10:16:27.670148,Novaes do Campo,Barros,55.92,IN_TRANSIT,MOTORCYCLE,26
66abe352-9f3b-4bf4-8605-92f6fbe0750a,2026-05-01T01:31:03.779235,Montenegro de Minas,Monteiro do Sul,41.17,CANCELLED,TRUCK,46
dd3ab95c-4e7b-4764-be71-54b823c6e37d,2026-05-01T08:42:01.177259,Lima,Ribeiro,60.57,DELIVERED,VAN,9
5415bc9a-9b08-47f0-bd55-91c6942ac384,2026-05-01T05:00:01.274251,Cassiano,Gonçalves,13.06,CANCELLED,AIRPLANE,73
50335aec-b99e-4e43-baa1-c016751d93ad,2026-05-01T08:34:46.601416,Cassiano,Siqueira dos Dourados,78.67,DELAYED,TRUCK,64
4d0f8866-23de-4988-895d-c8be3edc8cd7,2026-05-01T07:43:40.363612,Vasconcelos,Cavalcanti das Pedras,85.91,DELAYED,TRUCK,24
3180fb1d-7d87-4de1-9d4d-96665bc44b31,2026-05-01T09:20:19.255532,Martins dos Dourados,Caldeira,53.62,IN_TRANSIT,TRUCK,15
858ebfa0-cf94-4260-9776-ad9c78ef5c64,2026-05-01T12:05:17.951946,Cavalcanti do Norte,Lopes,63.85,IN_TRANSIT,MOTORCYCLE,52
81e9d29d-fc7f-488b-bd7f-638827c3b68e,2026-05-01T01:23:52.492792,Martins da Praia,da Rocha de Jesus,38.14,IN_TRANSIT,AIRPLANE,43
76210e97-f3a2-42bd-bc2d-1d9f00f1f982,2026-05-01T06:25:06.280271,Gonçalves,Lopes de Goiás,78.87,DELIVERED,TRUCK,21
07e71037-0d96-49f9-94b1-6adef02c4036,2026-05-01T04:29:35.241071,Gonçalves Verde,Marques,18.48,IN_TRANSIT,MOTORCYCLE,19
07735dd9-fff0-4735-baed-3efa45f1c53c,2026-05-01T10:01:33.017866,Rodrigues,Almeida,1.11,DELIVERED,AIRPLANE,45
daaa7de4-e7e8-4440-ad4f-a65250164d82,2026-05-01T11:37:41.364942,Albuquerque,Sousa,85.83,IN_TRANSIT,AIRPLANE,112
5a00cf16-e70f-4e2e-a322-ca1692e32a06,2026-05-01T11:20:26.013102,Cunha de Cirino,da Rocha da Mata,27.87,DELAYED,AIRPLANE,82
fed9034a-aa01-479d-b275-70e068a731a6,2026-05-01T00:32:31.417145,Aparecida Grande,Lopes de da Conceição,61.67,CANCELLED,TRUCK,31
7c4f1a44-ac46-445c-b4bf-97ce9ca43067,2026-05-01T03:26:01.333698,Teixeira,Gonçalves,95.18,DELIVERED,MOTORCYCLE,96
b89c0103-8c38-4c1e-9ac8-99f12f3b9930,2026-05-01T03:01:53.805028,Ferreira da Mata,Dias da Serra,55.99,DELAYED,TRUCK,76
e1503dbd-b158-46be-a059-56160fef2312,2026-05-01T07:05:52.116608,da Paz do Amparo,Fogaça,6.43,CANCELLED,AIRPLANE,36
17fea3f5-b5f5-4fcd-b0d4-77b79d2a7b2c,2026-05-01T06:34:20.466151,Cavalcanti de Leão,Campos da Serra,48.91,CANCELLED,TRUCK,19
df039a75-0c31-4541-b626-8e99c57ce11a,2026-05-01T00:26:44.558735,Marques da Prata,da Costa Alegre,12.63,DELAYED,MOTORCYCLE,66
6f864784-87fd-4168-a414-8c7546cd0c4b,2026-05-01T06:07:27.892400,Peixoto do Norte,Pacheco,22.18,DELAYED,VAN,46
e13f0be4-8a4b-4cfc-bd8d-fcc63cb07b66,2026-05-01T09:31:13.337445,Ramos de Ribeiro,Lima,23.85,CANCELLED,AIRPLANE,44
bb85f6b1-a85c-48b4-812d-c2694b150566,2026-05-01T03:48:16.896830,Pacheco de Rodrigues,Camargo,32.77,DELAYED,VAN,112
1044ec9e-c754-4743-b29f-f02aee30bedd,2026-05-01T01:13:27.834874,Melo,Duarte do Campo,14.25,CANCELLED,TRUCK,109
0f819b60-afa6-466c-a0b5-1f3f6e9bfc7f,2026-05-01T03:25:57.094087,da Luz,Rezende da Praia,79.6,DELAYED,MOTORCYCLE,19
ed1f98cf-d84f-4a0b-a165-7fcbcaad6afc,2026-05-01T07:44:19.090680,Vieira,Fernandes,1.34,DELIVERED,AIRPLANE,97
f7017a5a-279d-4f44-a5a2-0a892b2181aa,2026-05-01T04:03:33.685563,Fernandes da Prata,Rodrigues Alegre,2.59,DELIVERED,TRUCK,34
ad4c7968-013b-4af0-bff6-da9b2294c445,2026-05-01T09:04:26.846148,Moura do Amparo,Moraes,42.03,DELIVERED,AIRPLANE,42
2f812820-b8dd-4496-8657-c11909fb4cfd,2026-05-01T08:22:12.344087,Teixeira de Teixeira,Vieira,27.89,CANCELLED,AIRPLANE,23
ea105e54-3811-4f7f-8d85-259c52c0e41e,2026-05-01T03:36:10.318715,Pastor,Pastor,81.91,IN_TRANSIT,AIRPLANE,100
b06f7ae1-d750-43c3-a43e-0c790d2adade,2026-05-01T04:54:38.005873,Mendonça das Flores,da Costa Alegre,61.58,CANCELLED,TRUCK,59
2df9bb70-aef9-4821-8b8a-d27ecc64e34a,2026-05-01T09:05:47.571098,da Rocha,Andrade de Brito,27.86,CANCELLED,AIRPLANE,120
a65987ac-f067-4b47-9a0d-c1f55cd27d0d,2026-05-01T09:55:42.369580,Cassiano da Praia,Garcia de Lopes,74.93,DELIVERED,AIRPLANE,27
bdce5cc9-02ff-41e2-87c8-f002ed1aac5e,2026-05-01T09:18:09.947264,da Rocha de Goiás,Dias de Rodrigues,97.4,IN_TRANSIT,VAN,111
6609298c-579d-4213-869f-e70e55f18eb1,2026-05-01T08:47:52.127275,Pastor do Amparo,Carvalho de Sampaio,67.24,IN_TRANSIT,TRUCK,76
6892e611-3348-4548-8825-b24990263da5,2026-05-01T05:53:19.182693,Montenegro,Araújo,81.85,IN_TRANSIT,TRUCK,80
86bd2c39-fbeb-4c55-9ccc-2295b48240e9,2026-05-01T05:08:11.641207,Pastor,Câmara,35.4,DELAYED,TRUCK,106
05f88a0e-dbef-4d7a-add1-e87bee67311d,2026-05-01T00:29:04.503359,Abreu das Flores,Oliveira,47.72,DELIVERED,AIRPLANE,47
31904900-d92c-48e8-a561-b0c8ac4b4a14,2026-05-01T12:08:40.279746,da Mata,Pastor da Praia,37.1,DELAYED,VAN,100
185ed6c1-8d3a-4947-8adb-281cbe88fefb,2026-05-01T12:15:58.703490,Araújo,Cavalcanti de Minas,38.09,DELIVERED,AIRPLANE,95
9b2cfc9e-ab62-47cc-9d22-8130d21e3dc6,2026-05-01T00:20:25.469906,Cardoso das Flores,Camargo de Ribeiro,48.9,DELIVERED,TRUCK,85
31248d52-4dd7-49e2-9489-fb8043b23e2c,2026-05-01T07:46:33.996830,Sales,Dias,99.32,CANCELLED,AIRPLANE,57
28bc12ae-16e7-4fda-b2ab-06449eaad8cf,2026-05-01T06:59:20.272531,Aragão,Duarte,54.8,DELAYED,AIRPLANE,23
d3652a0c-a557-49ed-9189-8a93228bccee,2026-05-01T07:52:27.215071,Vieira,da Costa,58.11,DELIVERED,TRUCK,44
eca64d4a-fd45-4951-bf35-5e07ebd028d6,2026-05-01T08:41:29.908255,da Cunha da Serra,Andrade da Mata,45.37,IN_TRANSIT,TRUCK,40
6c231074-2599-4233-a195-3bbcae7347b6,2026-05-01T04:55:37.231432,Albuquerque,Siqueira,27.49,DELAYED,AIRPLANE,24
a29bd043-467d-4011-ba6a-40a9e81a6f0e,2026-05-01T07:09:14.499208,Albuquerque,Peixoto,91.54,DELIVERED,AIRPLANE,79
12c48e23-5426-4c38-8fc7-9098f18f3809,2026-05-01T08:18:05.307624,Moraes,Siqueira,16.82,DELAYED,VAN,73
1c7fe07b-723f-44b3-808e-109aa9a48085,2026-05-01T02:23:02.949746,Cirino,Andrade,86.19,DELIVERED,MOTORCYCLE,94
8f265bd8-e2ce-4887-a15d-d48a1ad8aba5,2026-05-01T02:25:46.198406,Teixeira,Guerra,70.99,DELIVERED,TRUCK,116
15fceda8-43ae-4c44-9c4e-788c405aef90,2026-05-01T09:00:31.464149,Santos,Silva da Praia,46.59,DELIVERED,AIRPLANE,33
4f5e3ab0-8521-4cc0-946d-a7e72ee4b8c4,2026-05-01T03:30:53.255429,Costela,Machado Grande,70.16,IN_TRANSIT,VAN,34
dc3de06f-b9c4-42c8-abb0-6e5f6605d006,2026-05-01T07:49:51.821653,Alves,Pimenta do Amparo,81.05,IN_TRANSIT,AIRPLANE,26
6a65f51b-38e2-4c92-aa27-224caf4f1ab8,2026-05-01T09:36:15.305952,Lopes de Goiás,Andrade,41.96,DELIVERED,VAN,38
cc16c983-b06d-40e2-a195-37ac7e29a33b,2026-05-01T05:24:58.279177,Vargas,Ramos,49.04,CANCELLED,TRUCK,62
da9dd6ae-da16-4461-9bf8-268b7f0803f1,2026-05-01T10:22:40.221540,Pacheco,Jesus Alegre,18.25,DELIVERED,VAN,81
c8da5509-d5c0-4da3-89be-425c684551f3,2026-05-01T03:15:17.491591,Melo,Ribeiro de Castro,27.69,CANCELLED,MOTORCYCLE,64
5501029d-010b-45b4-9571-bc87a983a290,2026-05-01T11:42:22.204197,Carvalho Alegre,Monteiro de Borges,84.01,DELAYED,VAN,34
7591dd1c-54d4-456c-a7e5-b9b6ad80f3a9,2026-05-01T03:44:07.349704,Freitas da Serra,Araújo,38.27,IN_TRANSIT,MOTORCYCLE,20
7f1e250c-faaa-42c8-94f1-a3597f7cd687,2026-05-01T01:00:37.351721,Lopes do Campo,Aragão do Oeste,38.86,DELIVERED,VAN,34
5be5205f-a120-46ef-a306-0bd6856e7bf3,2026-05-01T09:22:43.531897,da Conceição Verde,da Conceição de Vasconcelos,44.84,CANCELLED,VAN,41
e222d1b0-ef92-410c-94be-299335ffb7bc,2026-05-01T11:26:48.314485,Ramos de Pacheco,Carvalho,12.74,DELAYED,VAN,69
be65c05d-3c81-4297-8b42-53cf9f82899c,2026-05-01T03:37:43.498814,da Cruz da Praia,da Mata,35.1,DELIVERED,MOTORCYCLE,83
5a7e5491-3d74-42ec-8f9a-ed00d3a0d8ea,2026-05-01T03:00:00.589960,da Luz do Amparo,Montenegro,80.33,DELIVERED,AIRPLANE,91
aab13b3a-aa7e-4f6f-99f7-5097958a8215,2026-05-01T02:21:56.221877,Vargas,da Luz,28.54,CANCELLED,VAN,41
7a1f71e7-b9db-490b-ba25-6c2a328278f8,2026-05-01T07:48:28.482103,Farias de Garcia,Ramos,26.18,DELAYED,AIRPLANE,3
ccbaf3d4-3488-4684-a948-682e59cfcd54,2026-05-01T04:00:22.110461,Aparecida,Gomes de Marques,3.34,DELIVERED,AIRPLANE,9
dad5178d-1f86-4ed9-92bc-9ae25039189e,2026-05-01T09:52:49.877908,Câmara de Mendes,Dias de Caldeira,13.14,DELIVERED,VAN,41
75e282e5-33f1-4954-ac2a-0ed812ce7d76,2026-05-01T05:09:16.338624,Rezende,Abreu da Mata,95.76,CANCELLED,TRUCK,112
9d3e01af-35fc-4f32-bab9-a482991f97c4,2026-05-01T11:24:48.836792,Lopes,Brito da Mata,80.18,CANCELLED,MOTORCYCLE,116
dc6bf21c-196d-4705-ad93-a316ea4550f9,2026-05-01T01:19:53.979017,da Rocha,Silveira,2.22,CANCELLED,TRUCK,82
1aa888cb-4a68-4f50-8cde-d9b65892bb42,2026-05-01T10:26:28.857065,da Costa do Sul,Ferreira,82.33,DELIVERED,TRUCK,26
ddd3044a-4668-4658-8a1f-4ed28bea6449,2026-05-01T11:11:18.098596,Câmara Paulista,Montenegro do Norte,18.72,DELIVERED,AIRPLANE,101
e7b945d8-758d-4481-8c4d-82df95000ecd,2026-05-01T07:40:11.310379,Montenegro da Mata,Pires Alegre,83.46,DELIVERED,TRUCK,90
6c42c207-62e6-4dc7-9040-82250aa43813,2026-05-01T01:17:54.380427,Ferreira,da Cruz do Amparo,39.76,DELAYED,AIRPLANE,10
8698e9fa-041c-4978-8e08-68c6cba4a3c3,2026-05-01T03:19:31.229336,Câmara Verde,Fonseca,88.28,DELAYED,AIRPLANE,108
949f6112-e9fb-4e7b-b0bc-0403862ec31f,2026-05-01T00:21:57.588352,Machado de Carvalho,Caldeira Paulista,12.28,DELAYED,MOTORCYCLE,75
65417b9a-2240-446d-bbe7-253d4b9eb9cc,2026-05-01T04:45:34.144341,Silveira da Serra,Aragão do Sul,79.76,DELIVERED,MOTORCYCLE,99
e4a5d8c4-809c-4857-9512-8e8985cf934d,2026-05-01T00:22:26.167186,Abreu,Rezende,86.44,DELAYED,TRUCK,110
86c4ab9f-f002-44f7-93fe-f309c0da61a0,2026-05-01T05:00:13.468126,Souza das Flores,Pereira do Galho,4.42,DELAYED,AIRPLANE,35
8695b1cf-45ef-4d63-9dfd-f53f0f071ea9,2026-05-01T06:37:48.706241,Sales do Norte,Sampaio,5.76,DELIVERED,AIRPLANE,81
75a99937-7ae9-4104-ac61-413c15cf79f4,2026-05-01T12:58:10.615777,Pereira,Dias do Norte,31.73,CANCELLED,TRUCK,111
adc82547-a8eb-4617-a715-6f26ecdff671,2026-05-01T01:16:45.980058,Vargas dos Dourados,Lima Grande,45.02,DELIVERED,TRUCK,45
91afcc10-9010-4fc5-8b69-c196f9ee2007,2026-05-01T00:16:27.053766,Moreira,Câmara da Prata,74.44,DELIVERED,VAN,15
9d117dc8-a766-4483-beef-996788f0bc8d,2026-05-01T07:19:14.591608,Dias,Ribeiro,24.99,DELIVERED,MOTORCYCLE,107
d432c47c-1e8e-459d-9c80-631e29d00c96,2026-05-01T03:19:33.012204,Pereira,Gonçalves,92.58,IN_TRANSIT,VAN,13
b4514030-5b73-455e-84c2-77fed0f6a5e2,2026-05-01T01:13:51.073822,Pinto,Moreira do Sul,64.4,DELIVERED,VAN,85
8b090063-fc16-4aa5-8612-c4f3c35f9ab0,2026-05-01T00:07:19.104563,Teixeira,das Neves da Prata,50.13,CANCELLED,VAN,9
f3db76e1-1bdd-4a61-ad71-fb9f8a58a89d,2026-05-01T04:31:10.568318,Moura,Souza do Sul,63.62,DELIVERED,MOTORCYCLE,73
cee44c7a-f591-47e8-8e33-30a19680e2ea,2026-05-01T08:30:34.949905,da Paz Grande,Freitas Paulista,94.56,DELAYED,TRUCK,95
19567578-9f3f-413b-af50-ba5f9ba1808a,2026-05-01T05:12:20.550023,Vieira,Pires,52.08,CANCELLED,MOTORCYCLE,16
d6d9d9c3-41e4-4989-9f2e-2fa06e8e49a9,2026-05-01T03:46:07.727093,Caldeira,Alves,87.95,DELAYED,TRUCK,12
a8dcaee0-53d5-42aa-80bc-969dcd7ba84f,2026-05-01T11:40:13.609848,Albuquerque Verde,Vieira,16.42,IN_TRANSIT,VAN,88
0bbbcd3f-60c2-4135-b000-b49e1eec4456,2026-05-01T06:32:18.467960,Costa do Sul,Barros do Sul,8.48,IN_TRANSIT,VAN,83
ecc976eb-932f-4fb6-be57-8d15e67b7891,2026-05-01T05:37:34.584844,Pereira,Casa Grande,93.59,DELAYED,AIRPLANE,17
870e3a1c-e0ed-484a-9660-4faaa1decbf2,2026-05-01T04:09:51.126360,da Conceição,da Cunha do Norte,37.87,DELAYED,VAN,19
c9d16d33-6490-4ac8-a973-e1416fbb1898,2026-05-01T00:01:45.640711,Pires,Machado do Sul,33.83,DELIVERED,AIRPLANE,102
419a7a8e-7cbe-4bfa-a753-6c35378da0b5,2026-05-01T02:52:05.543253,da Rocha do Norte,Garcia do Galho,41.84,IN_TRANSIT,MOTORCYCLE,82
5782befa-05e4-40ed-82ba-ba4da4764f17,2026-05-01T00:34:49.198667,Souza de Minas,Aparecida Alegre,9.13,DELAYED,MOTORCYCLE,96
272e022e-84bc-498a-8127-033f12c29f5c,2026-05-01T00:03:33.492713,Souza,Azevedo,59.52,IN_TRANSIT,VAN,119
b203c231-b197-4f98-983c-2bb858335544,2026-05-01T06:43:23.870287,Sá,da Rosa da Praia,86.72,DELAYED,AIRPLANE,67
7fc11358-63a6-4c2f-89f0-4a3549e9ca82,2026-05-01T11:50:32.901026,Nascimento do Oeste,Siqueira,31.68,CANCELLED,MOTORCYCLE,101
985572a1-ccc6-4f13-b6a1-83cd304b1b6b,2026-05-01T10:53:18.021448,Barbosa Alegre,Câmara,49.72,DELAYED,VAN,65
a24bda75-aca6-440a-9543-aeef768d5108,2026-05-01T05:42:41.915029,Silveira,Leão,14.9,DELAYED,TRUCK,82
03763b60-5596-41c1-93cd-4cf07e891ab9,2026-05-01T08:47:57.493025,Sales,Aragão de Duarte,96.03,DELIVERED,VAN,80
ea3bf2e7-6ee5-4f0c-b765-37486e9e63b4,2026-05-01T01:56:54.935025,Pires,Castro dos Dourados,46.27,IN_TRANSIT,MOTORCYCLE,71
fecde9d3-7c41-4a89-94b5-cc9be0f5e2c7,2026-05-01T06:38:15.967522,Machado do Amparo,Rodrigues de Garcia,12.33,CANCELLED,AIRPLANE,53
d1867188-70f5-48a5-8f84-09ad2964e36a,2026-05-01T08:00:04.351311,Oliveira do Norte,da Cunha,0.79,IN_TRANSIT,AIRPLANE,117
afd437a0-043b-4e9a-be6f-2879169903b4,2026-05-01T09:43:14.041020,Guerra,Rezende Grande,17.63,IN_TRANSIT,VAN,30
01b3b8e6-2c1a-47b1-98ef-cf993e811a8a,2026-05-01T04:41:33.441398,Fogaça de Azevedo,Rocha,12.01,DELIVERED,VAN,9
d286427f-97a7-4bd4-85a6-62d21d58bdbe,2026-05-01T08:46:26.049671,Mendes,Albuquerque de Goiás,42.51,CANCELLED,TRUCK,7
15a31cc7-dbef-43c8-adda-8e4d53f71de2,2026-05-01T10:50:16.562151,da Mota,Caldeira da Mata,76.04,CANCELLED,TRUCK,78
0f858fe5-bc8d-40de-b986-c470f3e941b5,2026-05-01T04:23:17.142725,Marques da Praia,Melo do Galho,22.62,DELAYED,VAN,102
b5b77d64-8c4d-469b-ad01-cd5562180c81,2026-05-01T05:23:52.252572,Borges de Brito,Aragão de Montenegro,76.24,DELIVERED,MOTORCYCLE,85
e45a819f-8905-40dd-ab16-48270ac2d358,2026-05-01T11:43:51.059735,Aparecida do Campo,Silveira Paulista,85.21,IN_TRANSIT,AIRPLANE,106
34559032-c3e7-4628-aabe-293db1f304ab,2026-05-01T02:19:42.695593,Ramos da Mata,Sales,32.37,DELIVERED,MOTORCYCLE,10
0726067e-135a-4316-8889-e4da1b27a43f,2026-05-01T05:10:36.920948,Abreu Paulista,Barros,94.52,DELAYED,VAN,75
4617ade8-f659-42b5-a13a-e955a56e1a1c,2026-05-01T07:51:26.890021,Cunha,Campos do Oeste,69.15,DELIVERED,MOTORCYCLE,51
d3ae9385-a9a1-4571-b7a4-83afecd430aa,2026-05-01T07:20:31.867430,Farias do Campo,Câmara,16.35,IN_TRANSIT,VAN,83
ddeb1c5f-e47f-403e-8de4-48234e9891b3,2026-05-01T00:55:40.879426,Teixeira,Pacheco de Câmara,87.65,DELAYED,MOTORCYCLE,51
eb36f1a1-749e-4540-a7ab-baa08c4dd4d2,2026-05-01T09:51:10.171075,Nogueira,Lima de Martins,56.0,DELAYED,VAN,9
104fb5cd-655f-49ca-a214-fed9eae5c119,2026-05-01T09:01:12.622724,Siqueira do Campo,Pastor do Campo,28.39,DELIVERED,VAN,29
1fa5af0b-946d-42b3-a7c1-187cc2b3fbc6,2026-05-01T02:10:24.991287,Gonçalves,Montenegro Alegre,33.4,DELIVERED,TRUCK,57
99b326bf-b4dc-4cd0-8b49-35b90ba771f2,2026-05-01T06:11:22.915732,Porto de Minas,Nogueira,11.29,IN_TRANSIT,VAN,85
fe4b0e75-8471-4737-a146-9e7c80d99f7d,2026-05-01T02:30:33.988532,Casa Grande da Mata,Silveira do Galho,95.14,DELAYED,MOTORCYCLE,110
166bbe23-d00a-43bd-a354-5799b5b822e2,2026-05-01T02:04:55.893162,Porto,Campos,72.97,IN_TRANSIT,AIRPLANE,53
f3547993-27fc-4f1a-a89d-679663b09f22,2026-05-01T00:54:57.696649,Cassiano do Galho,Santos,12.7,CANCELLED,AIRPLANE,23
58c4631f-afef-4c1e-a318-43e808e7edaa,2026-05-01T00:34:52.924008,Novaes do Galho,Cirino de Pastor,18.53,CANCELLED,VAN,87
f54b963e-d572-432a-9a0d-e1e39d1a90b0,2026-05-01T10:17:02.352872,Freitas do Galho,Macedo de Cavalcante,47.2,IN_TRANSIT,MOTORCYCLE,33
3335e874-044f-47df-a1ce-7d611374c768,2026-05-01T03:49:59.930918,Nascimento do Oeste,Vieira,18.35,CANCELLED,TRUCK,105
c7270808-f24a-48b0-a0b4-142c1788a643,2026-05-01T00:52:11.996847,Freitas de Andrade,Marques das Pedras,61.39,IN_TRANSIT,MOTORCYCLE,8
5eebfb8b-c317-4349-b738-f284f92fe16e,2026-05-01T12:29:14.468407,Mendonça de Minas,Correia do Sul,18.98,IN_TRANSIT,TRUCK,15
9d88a580-db94-4d37-9046-360a89edb952,2026-05-01T01:56:32.828417,Cassiano,Castro,99.06,IN_TRANSIT,TRUCK,36
ce802e07-66c2-49d5-b23b-e7a5d541d72b,2026-05-01T00:22:13.325524,Novais da Praia,Teixeira,43.22,CANCELLED,AIRPLANE,102
90aec158-0ed2-4976-b65e-ad2b55daf7e9,2026-05-01T05:33:38.275182,Teixeira do Oeste,Castro da Mata,70.78,IN_TRANSIT,VAN,34
29ad25e2-f0e4-49d2-9ba8-94821c246b83,2026-05-01T10:05:41.276793,Lopes,Pires,36.92,DELAYED,VAN,4
ceede4bd-2613-4170-8116-dfd604a158da,2026-05-01T03:59:39.985128,Vargas da Mata,da Mota,87.27,CANCELLED,TRUCK,102
52683fe9-fcf1-4af2-a507-cc922bedfe9a,2026-05-01T02:14:49.556260,Pimenta,da Cunha da Praia,47.53,DELAYED,VAN,52
95f8ba14-c5a7-4337-bd3a-20ae0ca59d3d,2026-05-01T10:01:28.547774,Duarte de Casa Grande,da Cunha Paulista,84.74,DELAYED,VAN,114
762856a0-f8db-4578-8e22-140cc2ee7f87,2026-05-01T10:00:17.203156,Guerra,Câmara do Oeste,63.56,DELIVERED,TRUCK,62
a938af54-b9c9-47ab-bc67-cc37267cf795,2026-05-01T08:31:11.728085,Barbosa,Albuquerque de Siqueira,40.43,CANCELLED,MOTORCYCLE,90
c4d01573-c1b0-42bf-be51-ccb3aa1f8342,2026-05-01T06:06:20.903794,Viana do Norte,Jesus,81.8,IN_TRANSIT,VAN,62
9499da56-355d-4f77-9a4c-0c8ceae62667,2026-05-01T01:59:09.880615,Mendonça,Andrade de Teixeira,97.45,DELIVERED,TRUCK,68
93a3baef-be2f-43ff-aa28-69a3a4153122,2026-05-01T01:40:54.885982,Silva Grande,Viana,64.89,DELIVERED,TRUCK,49
131b54ff-faca-400a-a1bc-b1d487b45d93,2026-05-01T00:28:01.097457,Cavalcanti,Pinto,91.42,IN_TRANSIT,VAN,91
b6824297-ee37-4e6d-8c41-a1e5e56b8825,2026-05-01T00:47:59.455675,Ribeiro,Brito,10.18,DELIVERED,TRUCK,70
8e1e4435-69ee-4bf9-a4a1-be2cc067548b,2026-05-01T01:07:58.380278,Peixoto,Lopes,50.57,IN_TRANSIT,VAN,64
67f4d723-e2a4-4e3a-89a5-ec123bd39d5f,2026-05-01T12:59:25.369476,da Cunha do Sul,Sampaio,18.58,DELIVERED,VAN,35
61ace40c-34ff-4a2d-9703-1667631ea7a2,2026-05-01T11:08:40.790175,Ferreira,Cavalcante,72.84,DELAYED,MOTORCYCLE,8
4f25e3ac-3af0-485d-865e-ab3bdeb50740,2026-05-01T02:42:17.856618,Castro,Martins Alegre,59.41,DELIVERED,AIRPLANE,102
3826616f-88bb-4606-8786-28f6c14a9aa7,2026-05-01T12:59:02.911636,Pinto,Andrade do Amparo,66.04,DELAYED,AIRPLANE,64
9c7da66e-6efa-44bc-9079-afcc7e19d5a5,2026-05-01T03:10:46.267840,Vasconcelos do Amparo,Machado de Aparecida,67.52,DELAYED,AIRPLANE,108
9ff82d08-2725-4b5c-ae4f-89a9bcb8c1b4,2026-05-01T05:40:15.905558,Mendonça,Moura,90.09,DELAYED,MOTORCYCLE,86
91c945b9-2640-491a-8be5-a8ed12224a84,2026-05-01T07:20:29.125695,Brito do Campo,Correia,15.93,IN_TRANSIT,AIRPLANE,0
fcf1d10f-03eb-4387-bbca-91850684f16c,2026-05-01T03:49:01.092688,Pereira do Oeste,Martins,88.06,DELIVERED,AIRPLANE,26
a0031e1a-6519-4056-be87-1e77abd9cce9,2026-05-01T06:05:08.028233,Sales Alegre,Machado,22.93,CANCELLED,TRUCK,22
3569ec9f-b194-4be9-9e88-ea3b4b1c8cc9,2026-05-01T10:46:35.596644,Nogueira,Sá de Goiás,10.26,DELIVERED,AIRPLANE,51
c44ed1c4-5674-4a5c-92ac-9f8252e4c1f6,2026-05-01T11:26:10.841378,Pereira,Sales,60.66,IN_TRANSIT,AIRPLANE,32
23e880b8-abc9-4365-8648-f2deda018de1,2026-05-01T11:14:45.548630,Cavalcanti,Aragão,62.76,IN_TRANSIT,MOTORCYCLE,3
c39a9af1-adb8-4678-90af-bd906ffc89e9,2026-05-01T11:13:09.572953,Leão de Ribeiro,Lopes,59.04,CANCELLED,MOTORCYCLE,1
ef991197-d961-4020-8ee3-333f087b54c7,2026-05-01T10:20:38.781237,Silveira de da Mata,Fogaça de Andrade,87.63,DELIVERED,TRUCK,104
f678679a-b5d2-4fc8-be86-b60595ce65a7,2026-05-01T06:16:07.738872,Rezende das Pedras,Teixeira do Galho,39.14,DELAYED,AIRPLANE,108
957246ac-9d90-4107-a20c-07459da6b119,2026-05-01T10:22:03.974091,Alves de Costela,Pimenta do Galho,22.35,CANCELLED,VAN,18
28100180-4ada-4d76-858b-4ea55c487ac2,2026-05-01T00:11:26.923685,Machado,Azevedo,67.92,DELIVERED,VAN,1
b56c3d6b-e77c-4020-bb1e-8cdba4658f35,2026-05-01T12:05:59.279662,Fonseca,Cavalcante,74.23,IN_TRANSIT,VAN,106
09e7438f-58ab-4972-8e8d-331bcdfd2cc1,2026-05-01T09:38:26.610820,Nogueira,Silveira do Amparo,50.06,IN_TRANSIT,AIRPLANE,57
34b72d12-e076-4a9d-8103-19694b2e0270,2026-05-01T11:17:53.032563,Jesus,Rodrigues,44.04,CANCELLED,VAN,63
80551e2e-93f3-4645-8403-05ec416c1563,2026-05-01T08:27:46.381958,Azevedo da Serra,Nascimento,55.55,DELIVERED,TRUCK,23
b91178ba-40a2-4d99-88b1-3646a8ca2d56,2026-05-01T11:42:07.176009,da Luz da Mata,Melo,34.71,DELIVERED,TRUCK,82
785d4b72-4be5-4064-86b5-967d776a00ca,2026-05-01T02:45:07.273069,Santos de Minas,Macedo da Prata,17.24,DELAYED,MOTORCYCLE,28
3d2ddbe1-41ca-4625-860d-a329e57eea3f,2026-05-01T10:41:58.274831,Oliveira,Pacheco de Goiás,6.02,CANCELLED,AIRPLANE,43
e59179dd-03c4-4fde-872d-e8360f5b7c1e,2026-05-01T00:10:05.384707,Silveira de Fogaça,da Cunha dos Dourados,76.08,DELIVERED,AIRPLANE,89
c51b397f-fcf1-4715-9f0a-f91e285abdca,2026-05-01T00:19:47.827559,Macedo,Fonseca,21.99,CANCELLED,VAN,44
1e208b89-c7d1-475b-a923-959d9937ff09,2026-05-01T00:58:11.607214,Lopes de Teixeira,Andrade da Prata,29.23,DELIVERED,TRUCK,49
9f9cc5c3-e4f2-45b0-b014-9673d2a83642,2026-05-01T11:50:51.003077,Rios,Moraes do Oeste,16.23,DELIVERED,MOTORCYCLE,93
8adba58a-42fc-451b-ba9c-9213d88a3a8e,2026-05-01T10:48:03.138698,Campos,da Luz Verde,8.96,DELAYED,MOTORCYCLE,106
b10e68ea-9646-4fe0-b5dc-10fab55b5d53,2026-05-01T12:18:15.261332,Nunes do Campo,Aragão de Moura,56.48,DELIVERED,MOTORCYCLE,95
fe94c0cf-a1c4-4def-aced-2e717517907f,2026-05-01T12:28:41.139784,Abreu,Novaes de Vargas,70.83,DELIVERED,TRUCK,9
cfd1118b-1cf8-4cad-a150-10a7714842b6,2026-05-01T00:38:31.913208,Aparecida,Vargas,44.99,CANCELLED,VAN,1
46936833-e469-476e-ac68-950f2799d732,2026-05-01T10:21:41.938685,Pastor,Souza de Cavalcante,15.48,IN_TRANSIT,TRUCK,112
54201692-f8bd-41fe-8718-7e932b5ec422,2026-05-01T05:44:11.886877,Rios,Duarte das Flores,7.19,IN_TRANSIT,AIRPLANE,59
42d764f9-4ba9-41dd-acea-1aafd90f7fd0,2026-05-01T05:38:00.932253,Azevedo dos Dourados,Melo dos Dourados,39.41,DELIVERED,TRUCK,61
34f88511-a39b-4bea-aff9-40a813ee1c09,2026-05-01T06:53:00.985894,Gomes de Duarte,Caldeira,31.26,DELIVERED,VAN,78
3119936b-0fb7-465b-ab43-d05a51be7f55,2026-05-01T06:29:05.850742,Moraes Paulista,Moura do Sul,14.1,DELIVERED,TRUCK,107
5f7bf2f9-0394-4e62-87a6-25767ca9ea6c,2026-05-01T08:31:23.679516,Machado,Melo Alegre,6.04,DELAYED,VAN,53
59edfd0a-8d79-4ffd-8b65-bfbc91540706,2026-05-01T07:07:26.806984,Melo,Costela,26.3,DELAYED,MOTORCYCLE,95
90232f3b-39f4-4999-932a-d0f950ce857c,2026-05-01T04:30:11.128134,Aragão de Casa Grande,Souza do Oeste,35.04,DELIVERED,MOTORCYCLE,14
d709f8a7-f2dc-4fdd-b2c2-55a16f1067eb,2026-05-01T01:53:47.354380,Garcia de da Rocha,Cardoso,64.76,CANCELLED,VAN,40
795a970c-4424-4d4b-8e26-fb076f9c00e7,2026-05-01T01:49:15.338211,Alves de Fogaça,Siqueira,57.92,DELAYED,VAN,49
f31379cf-9430-4dfa-bc35-2eeb6fd8202c,2026-05-01T12:28:56.104661,da Cunha,Rezende de Silva,61.19,DELIVERED,MOTORCYCLE,113
82b802a9-b2c3-4e99-b7b5-391174dc6961,2026-05-01T00:22:09.990450,da Luz do Sul,Guerra Verde,82.22,DELIVERED,MOTORCYCLE,60
a0924184-ffce-4417-aac0-85db7a9d7c8d,2026-05-01T06:00:45.531401,Fonseca de da Costa,Siqueira,16.62,DELIVERED,AIRPLANE,92
df918eeb-c155-4816-a7a0-9c15787f6a7c,2026-05-01T03:47:23.769367,da Mata do Oeste,Novais,89.04,DELAYED,AIRPLANE,81
fa301648-126e-424b-b851-bf8e5c838a0d,2026-05-01T11:21:05.610822,Montenegro dos Dourados,Mendes de Ribeiro,48.48,IN_TRANSIT,TRUCK,85
b9a84190-fec9-4c2e-8fe5-91468d1fef79,2026-05-01T12:38:25.637722,Porto,Souza,11.62,IN_TRANSIT,MOTORCYCLE,81
51cd3581-7c80-4268-b712-619418bbdb45,2026-05-01T10:51:39.749556,Lopes,Araújo de Viana,86.17,CANCELLED,VAN,59
a0270fc7-7c6c-48f2-a5ad-a37294bc0dbf,2026-05-01T05:15:57.576461,Leão do Amparo,Gomes dos Dourados,52.11,IN_TRANSIT,TRUCK,114
acb16914-1e4e-49aa-a205-3921b6ebe531,2026-05-01T03:05:52.988079,Andrade,Moraes,95.8,IN_TRANSIT,VAN,106
ed1d6200-7faa-4548-b213-366affde85be,2026-05-01T01:53:59.070660,Correia,Vasconcelos da Prata,2.63,IN_TRANSIT,VAN,101
e0e3aee6-7cc4-495c-a2ef-92fc9a48ce5a,2026-05-01T11:22:04.599325,Almeida,Rocha da Mata,41.0,DELIVERED,VAN,42
ccb54cf0-a6d7-42ec-b460-2ea5868f03f6,2026-05-01T06:11:41.471567,Correia Paulista,Fonseca Grande,61.8,DELIVERED,MOTORCYCLE,51
58708436-7164-42f2-959c-0e53147838ef,2026-05-01T02:37:37.068625,Pimenta do Campo,da Mata,71.87,DELAYED,AIRPLANE,11
dc44ebe9-204c-4123-aaa1-bf4b0da2f15b,2026-05-01T07:16:42.579144,Machado,Sales,19.03,DELIVERED,TRUCK,32
72f901f7-4ceb-4c1a-a324-372c6cc73944,2026-05-01T04:51:36.198061,Teixeira dos Dourados,Cavalcanti,97.01,DELIVERED,TRUCK,83
cf0f0144-0ad3-4fcc-b7a6-aac9bdcc3bfb,2026-05-01T02:07:20.953353,Rios dos Dourados,Sá,18.71,IN_TRANSIT,MOTORCYCLE,96
5314e790-c218-49be-9c56-c33155c3cd27,2026-05-01T13:00:14.936005,Farias do Amparo,Peixoto,20.78,CANCELLED,AIRPLANE,51
7a872644-38ad-4176-a40d-61bdb67e6c35,2026-05-01T01:28:33.315048,Santos,Camargo de Minas,68.54,CANCELLED,VAN,58
86841744-aa82-44e3-a26d-dc5d9a37f972,2026-05-01T03:47:00.680372,Siqueira,Araújo,51.44,DELAYED,AIRPLANE,94
e1154172-b591-4331-85ce-9885781d1899,2026-05-01T12:39:36.561560,Cardoso,Cassiano de Sousa,81.67,CANCELLED,AIRPLANE,2
ac8af3fc-fdd4-433c-9ddb-4a6b3085ffd9,2026-05-01T02:37:44.550747,Sousa da Serra,Cunha,40.39,IN_TRANSIT,AIRPLANE,58
4b72c98a-cc6e-4649-84c7-d074e703c6dc,2026-05-01T11:56:35.550662,Sampaio,Porto,29.93,IN_TRANSIT,MOTORCYCLE,61
88414228-0a1a-4960-bc2a-fa6821bd5d5b,2026-05-01T00:41:30.582763,Ferreira do Amparo,Aparecida de Guerra,34.0,IN_TRANSIT,MOTORCYCLE,72
0e791c49-be73-439c-9f74-74a936aa52dd,2026-05-01T08:21:57.969665,Sá de Almeida,Lopes de Costela,53.29,IN_TRANSIT,AIRPLANE,30
a0f85f03-8e42-4432-80f9-eba3c9316c12,2026-05-01T05:43:29.324099,Vasconcelos,Vasconcelos,67.85,CANCELLED,TRUCK,116
aed58520-4daa-49ee-9355-9f45e4706424,2026-05-01T06:54:47.932379,Pinto,Vasconcelos,5.05,CANCELLED,AIRPLANE,18
2b460122-628f-49fd-a4c3-256f38651cb6,2026-05-01T09:20:00.210654,Campos do Galho,Camargo de Borges,38.27,IN_TRANSIT,TRUCK,77
cfc19541-654a-444d-9602-b670193dcfd7,2026-05-01T04:33:07.840094,Pinto do Sul,Abreu,57.73,DELAYED,MOTORCYCLE,99
82c4f6f5-4144-4c3c-941f-e2e0327980d6,2026-05-01T03:34:58.677808,da Rosa do Sul,Macedo do Sul,48.01,DELIVERED,AIRPLANE,27
085a0992-4f3e-4fc0-a63b-0e3bc0c44793,2026-05-01T07:08:47.381989,da Paz de Cavalcante,Monteiro do Campo,64.94,DELAYED,TRUCK,41
b962bb7d-5ecf-4542-97cb-5bc92ad60d1b,2026-05-01T06:19:21.665879,Casa Grande,Guerra de Mendes,86.14,CANCELLED,MOTORCYCLE,25
3c76fe27-684a-4b43-8931-9d9fac419387,2026-05-01T00:25:25.726822,Viana,Moura,96.34,IN_TRANSIT,MOTORCYCLE,83
de0af737-8303-4316-836f-c103a78c0e3a,2026-05-01T01:52:10.549893,Macedo,Sampaio de Pires,78.99,DELAYED,AIRPLANE,64
772a4699-ab0f-4025-82e8-538705aac36c,2026-05-01T11:11:06.585676,Nogueira de da Mota,Pacheco do Oeste,82.34,DELAYED,MOTORCYCLE,71
88378815-2cd6-4750-ab26-53a1e2561459,2026-05-01T00:15:10.698129,Gonçalves,Araújo,71.84,IN_TRANSIT,AIRPLANE,75
bcd27f2e-f329-4b70-ade9-a18de04b42fc,2026-05-01T09:41:17.936401,Novaes de Duarte,da Luz,5.65,DELAYED,MOTORCYCLE,3
dfc10a06-c8bb-4eb1-8081-70be84438916,2026-05-01T11:23:18.967700,Marques,da Costa do Amparo,43.38,IN_TRANSIT,TRUCK,7
a4ee26cf-fdc8-494f-8991-c00dcbfdf7f3,2026-05-01T10:58:44.391904,Brito da Praia,das Neves do Galho,55.71,DELAYED,AIRPLANE,90
bbbfcce9-eb6e-4b9c-8f3f-1e9ec5c47b22,2026-05-01T00:40:07.952276,Costa de Vasconcelos,Barros de Goiás,11.7,CANCELLED,AIRPLANE,99
d8caad2f-d7e5-46ed-8bbc-221188ab865e,2026-05-01T09:24:57.420149,Montenegro,da Cunha Alegre,93.35,DELAYED,AIRPLANE,96
4df51af8-59c6-4ac7-a4a1-ebffb687e386,2026-05-01T10:07:25.024512,Rezende de da Conceição,Campos,26.75,DELAYED,AIRPLANE,59
d985087d-8cc1-4c5d-bc32-809f0c5f2fe9,2026-05-01T11:11:51.604260,Cunha,Pastor,30.55,DELIVERED,AIRPLANE,43
4a1c7ea1-f069-4620-bdf6-eb36efd5d51c,2026-05-01T03:46:36.519695,da Costa,Nascimento dos Dourados,33.77,CANCELLED,VAN,17
b7e396bb-36b8-42d8-aff4-33133a8a46fd,2026-05-01T12:31:22.748225,da Cruz Grande,Campos,9.19,DELIVERED,AIRPLANE,74
f01dcc98-f1bd-4d71-b37f-351be78f3eaa,2026-05-01T05:18:43.771400,Ferreira,Gonçalves de da Conceição,18.4,DELIVERED,AIRPLANE,33
732af4bb-3033-489b-ba3d-0acfbf29921d,2026-05-01T01:49:48.408185,da Cruz,Montenegro,68.25,IN_TRANSIT,TRUCK,58
82ed9f74-519a-460b-8e3b-bf0f48d8fedf,2026-05-01T02:13:36.006493,Martins,Correia,12.15,CANCELLED,MOTORCYCLE,36
1ca80bf2-792c-411c-812c-5eba0fab5cb1,2026-05-01T00:13:19.301398,Carvalho,Gonçalves do Norte,60.99,IN_TRANSIT,TRUCK,84
c777c1df-3ea9-488d-9bcb-40ccd9a860f6,2026-05-01T05:08:02.873739,Mendonça do Norte,Mendonça,32.19,CANCELLED,VAN,116
303e9072-0ecf-4307-a1a6-8357523e9123,2026-05-01T03:31:17.676831,Andrade,Moura,56.79,IN_TRANSIT,VAN,113
7bd26ad3-5816-4f1b-bdb3-e51ffa258c5e,2026-05-01T08:51:54.479562,Pacheco,Lima,29.93,CANCELLED,TRUCK,67
2c3f8b68-a867-4968-a4a7-4f8316deafc8,2026-05-01T02:19:13.747185,Ferreira da Praia,Fonseca,5.37,DELAYED,AIRPLANE,11
9aff3963-b846-4797-991a-c9a7bdaecbb5,2026-05-01T07:28:30.948726,Costela de Lopes,Rezende de Guerra,24.45,CANCELLED,AIRPLANE,105
526c1506-7f93-4ff5-9cb9-d05afe2cea5e,2026-05-01T00:17:34.048180,Melo,Pinto,94.26,DELIVERED,AIRPLANE,13
6c7d9046-75bb-49cb-90f4-00951e0167e3,2026-05-01T01:46:33.859022,da Mata de da Paz,Pereira do Campo,47.97,DELIVERED,TRUCK,118
344deb37-cf12-4426-a3cc-8a193aeadbf9,2026-05-01T03:29:59.755118,Sá do Campo,Gonçalves Alegre,81.53,CANCELLED,MOTORCYCLE,74
cf999e44-6e61-4adb-87c3-01a907ad1013,2026-05-01T09:43:10.685084,Rocha,Alves,2.25,DELAYED,AIRPLANE,72
68faffbf-e20a-49cf-b456-6bdac492c9c7,2026-05-01T12:29:47.722296,Sales do Sul,Aragão,35.12,IN_TRANSIT,TRUCK,52
09ec8359-9502-4a0a-a435-6ec70df4d7c0,2026-05-01T07:50:34.365472,Pimenta Paulista,Nascimento,93.57,DELIVERED,AIRPLANE,99
23270a32-4fdb-4bc2-91e6-88eaa194da52,2026-05-01T06:27:16.574041,Lima,Pinto,28.12,IN_TRANSIT,VAN,19
024620b6-2897-42c6-9d5d-f4d725e2a251,2026-05-01T11:31:56.169605,Garcia,Pires da Praia,70.21,IN_TRANSIT,MOTORCYCLE,62
7fcc30c7-f812-4430-b031-ba1195a7b8b4,2026-05-01T00:29:46.321987,Souza das Pedras,Monteiro,78.98,IN_TRANSIT,MOTORCYCLE,21
66c4ecdb-f458-4838-94cc-d152e32c182c,2026-05-01T08:40:06.671659,Santos,Duarte do Norte,74.12,IN_TRANSIT,TRUCK,20
483b4c1c-72b2-42ae-8d6e-10df7e4d7051,2026-05-01T01:12:24.626566,Sampaio,Moura de Martins,20.77,CANCELLED,VAN,4
16b610f6-0e72-4362-85eb-9d2c625767dd,2026-05-01T10:32:06.940577,Alves,Siqueira,91.97,IN_TRANSIT,MOTORCYCLE,114
0f699db8-1886-467f-b70e-e54ed7a10d9c,2026-05-01T05:01:58.324390,Santos,Brito de Sousa,3.98,DELAYED,TRUCK,81
5b9244ae-08a0-4ffa-85db-f010d70ef500,2026-05-01T03:02:11.545955,Cardoso do Sul,Pimenta,79.55,CANCELLED,TRUCK,115
be6bdbd4-f059-42ef-8e92-b4e6a6fac763,2026-05-01T07:26:40.916412,Campos,Ferreira da Praia,91.6,DELAYED,MOTORCYCLE,33
72af6ca4-03dd-43b9-a54f-4d5500590527,2026-05-01T06:03:53.332543,Aragão Paulista,Ribeiro do Norte,31.48,CANCELLED,VAN,34
bdbdfec8-e751-4c33-b389-0bf99a4f4946,2026-05-01T03:20:38.843228,Moreira de Rocha,Fonseca Verde,5.62,CANCELLED,TRUCK,113
72618568-20d7-4e9c-9d7b-3531fd89f0fd,2026-05-01T10:27:30.752572,Aparecida Alegre,Lima Grande,61.87,IN_TRANSIT,VAN,25
d6eaf25a-aee9-4d98-8b9f-efc45933f0a5,2026-05-01T05:47:43.965668,Gomes do Oeste,Rodrigues da Mata,60.62,DELAYED,VAN,82
b562eca4-33dd-4ff0-9519-5162e5c4139d,2026-05-01T07:58:08.062663,Peixoto,Costela do Sul,24.1,DELAYED,AIRPLANE,32
67a3f9f0-4603-41e4-abb5-c49d1775aa08,2026-05-01T11:33:11.019887,Macedo,das Neves Paulista,77.85,DELIVERED,AIRPLANE,52
c1a36081-2255-46c4-a5f6-d1e0a8647883,2026-05-01T05:52:48.058091,Ramos,Vieira Alegre,4.88,IN_TRANSIT,TRUCK,28
2436b6e8-912c-4613-ac6c-453547151cca,2026-05-01T04:32:59.877112,Lima,Camargo da Mata,1.18,DELAYED,VAN,57
ed75826b-0952-405f-b828-ea20f237fead,2026-05-01T03:33:45.713599,da Rocha Grande,Mendonça,0.68,IN_TRANSIT,TRUCK,47
3f8cb217-9754-4390-a722-c447e092cab5,2026-05-01T04:12:52.901394,da Conceição,Costa,74.94,DELIVERED,MOTORCYCLE,41
35f84612-0e1c-47e0-ae85-d4d50f9c9f6a,2026-05-01T06:53:02.044318,Pereira,Novais,84.98,DELAYED,AIRPLANE,94
b3723444-3429-420b-8330-2d5e091d6a41,2026-05-01T03:06:28.816801,Fernandes,Siqueira de Minas,27.88,DELAYED,MOTORCYCLE,40
761e1176-4040-4b68-9529-2cdec3eb2d73,2026-05-01T07:17:28.363669,Melo,Machado,6.35,CANCELLED,MOTORCYCLE,11
5944f7b9-c8a1-4e64-9cc2-26dfd3b4f190,2026-05-01T03:35:01.607864,Câmara do Galho,Fogaça,76.84,DELAYED,TRUCK,26
0891bdb9-10de-4e4d-81dd-fc0995c65a00,2026-05-01T04:36:57.251795,Mendonça das Pedras,Nascimento de Pacheco,52.02,DELIVERED,MOTORCYCLE,55
8a490cbc-143e-4dea-be5e-5c276e4fad16,2026-05-01T05:21:12.521212,Melo Verde,Caldeira,49.73,CANCELLED,MOTORCYCLE,10
85940135-fb77-4516-af1e-31f05e862653,2026-05-01T05:46:30.287132,Aragão do Sul,Ribeiro,23.48,DELAYED,MOTORCYCLE,91
134f8cbe-cf39-4e82-83c4-358748586a80,2026-05-01T06:20:50.874478,Cunha,Lopes,47.34,CANCELLED,TRUCK,87
5620e66c-28f0-4fb7-bb2c-6f03dba058bd,2026-05-01T01:49:14.720957,Porto,Gonçalves Paulista,80.06,CANCELLED,TRUCK,68
2f51f0ef-d0e5-4d91-b197-7823a44455b3,2026-05-01T09:15:14.634386,Gomes,Pacheco de Viana,0.87,IN_TRANSIT,TRUCK,106
75a1c211-a6e8-4d81-a4be-d8c84dac2333,2026-05-01T10:05:02.764837,Ferreira das Pedras,Peixoto das Pedras,75.55,IN_TRANSIT,VAN,87
e00a9210-c250-4b6e-bee0-f4a5ab589241,2026-05-01T11:25:41.128459,da Cunha do Galho,da Cruz,7.77,DELIVERED,VAN,98
d5eb78e3-c60d-4525-921e-e81779c4f5dd,2026-05-01T04:18:04.465027,Fernandes,Pimenta das Flores,76.18,IN_TRANSIT,VAN,46
5b3667e4-ca81-4ab3-8d8d-37b4565d0471,2026-05-01T05:00:37.584965,Guerra de da Luz,Barros do Campo,36.81,CANCELLED,MOTORCYCLE,97
362707b7-dd6d-4875-a2c0-a62cd11797a0,2026-05-01T04:57:21.973257,Alves de Mendes,Vieira,97.85,DELAYED,VAN,113
c83393e2-de50-4c47-bbbc-10ce6079b717,2026-05-01T03:18:57.222480,Teixeira de Goiás,Dias do Campo,80.84,DELAYED,MOTORCYCLE,18
ca613bf3-7f9f-4097-ac69-a3db405669a7,2026-05-01T00:15:42.516786,Novais,Barbosa,93.04,DELIVERED,VAN,73
df17baf5-28b9-4cfc-94bb-85d1b8ee1e98,2026-05-01T07:56:07.661395,Albuquerque,Porto,95.68,DELIVERED,MOTORCYCLE,109
c45473f1-2fd5-4baf-894c-c73fed94552c,2026-05-01T05:33:21.933005,Azevedo,Gonçalves,76.43,DELAYED,VAN,31
27431659-0813-4078-9636-0bc9814d2c31,2026-05-01T04:02:29.080072,Pires de Abreu,da Mata,72.64,DELIVERED,VAN,54
466c615c-5614-4dbf-ae6e-95a0497a3876,2026-05-01T06:20:12.740852,Freitas de Ribeiro,Costela,63.18,CANCELLED,AIRPLANE,26
35a2c0de-fa60-49ca-9a8c-324cc9c4f1f8,2026-05-01T05:02:51.604328,Novaes,Pastor,73.77,CANCELLED,VAN,99
f0776989-942d-4e79-9c73-dcb75dbb4b5e,2026-05-01T00:34:43.671340,Guerra de Campos,Leão Alegre,12.83,CANCELLED,MOTORCYCLE,63
6fcebfd1-0e54-4647-8974-046420b4ed7c,2026-05-01T02:10:07.713682,Pires de da Rocha,Vieira,37.53,IN_TRANSIT,TRUCK,0
38045fd8-cc3b-4b3d-a341-07e6862b8fa5,2026-05-01T05:17:20.071280,Pinto,Machado,82.52,IN_TRANSIT,MOTORCYCLE,34
579fea00-4f07-4282-9370-fccd729c2b51,2026-05-01T01:22:25.717873,Rodrigues,Mendes do Amparo,78.74,DELIVERED,VAN,26
c3162aeb-dbef-4c63-a0ee-68e50a47f982,2026-05-01T09:54:28.529376,Rios,Fernandes,92.2,DELAYED,AIRPLANE,30
be0c7245-d24b-4a55-a38d-ee81980e332d,2026-05-01T03:45:12.861924,Barbosa,Rodrigues,83.67,DELIVERED,TRUCK,60
06760a9b-7edb-4d40-8eed-5861a3dd75ec,2026-05-01T06:57:08.469536,Rodrigues,Machado,85.94,DELIVERED,VAN,114
80cb813d-f29c-44b6-98a5-6d153f59c2cf,2026-05-01T06:56:01.588459,Andrade,Moraes,98.26,DELAYED,TRUCK,68
76d6ff40-5b59-4ab5-b5ec-e572d9324990,2026-05-01T07:52:48.670317,Pacheco de Sousa,Moreira,75.69,CANCELLED,VAN,43
e08383ac-5c0c-42e8-b242-628c1087cb2e,2026-05-01T08:27:06.017938,Novais de da Cunha,Moraes de Minas,23.56,DELIVERED,TRUCK,76
b6583a0c-fa35-4250-9710-94dfc3a84b17,2026-05-01T09:43:00.488479,Barbosa Alegre,Siqueira,4.46,IN_TRANSIT,MOTORCYCLE,94
f9a1f0ca-12f4-432d-b253-8223dcb84e65,2026-05-01T00:38:08.932158,Correia,Ramos de Camargo,66.34,CANCELLED,AIRPLANE,31
09f4f5d5-6ae8-493e-b7c5-e7fde9c8cb72,2026-05-01T12:29:29.510639,Cavalcanti da Serra,Vieira do Oeste,77.3,IN_TRANSIT,TRUCK,76
123362ba-14f6-4fb4-bbed-7a092cf44e43,2026-05-01T00:31:22.864560,Brito,Farias de da Paz,79.68,DELIVERED,VAN,62
1c250f3d-37b7-4d2c-8381-2cba40c4544a,2026-05-01T07:01:19.288469,Pimenta,Ribeiro,7.35,IN_TRANSIT,MOTORCYCLE,38
70b88ca0-49dc-43bd-96d3-05668d56c4f7,2026-05-01T11:44:30.706267,Marques,Cunha do Campo,25.87,CANCELLED,MOTORCYCLE,96
5fbfcdb5-b0fa-4bc8-a1a5-904626c357c5,2026-05-01T01:58:30.311983,da Costa da Prata,Rocha do Galho,46.09,CANCELLED,MOTORCYCLE,68
d79b322c-03fd-4903-8ae3-f91f0bad1d9c,2026-05-01T05:02:30.122748,Alves,Câmara Verde,59.31,CANCELLED,VAN,59
a6a98209-4a7d-438d-9bb0-1ca929219f38,2026-05-01T04:40:48.317718,Mendonça das Flores,Ramos,48.04,IN_TRANSIT,TRUCK,75
40677295-df82-40ed-9fe7-b965b0594d41,2026-05-01T11:07:25.640639,Guerra do Amparo,Viana de Goiás,63.0,IN_TRANSIT,VAN,114
8ce84100-53b2-46b5-ba49-c30b8ffed23e,2026-05-01T02:38:00.791916,Cavalcanti do Amparo,Cavalcanti do Oeste,92.77,DELIVERED,VAN,114
a97fc332-219e-477d-b4e1-512bc2846678,2026-05-01T02:13:16.497350,Câmara,Jesus,31.52,IN_TRANSIT,MOTORCYCLE,110
333cf019-434d-4807-b6ae-b67cff87fd58,2026-05-01T02:03:19.792097,Farias,Pires,90.8,CANCELLED,MOTORCYCLE,97
f08e3006-b05e-4edb-8b9b-b640666126a3,2026-05-01T09:45:32.235343,Câmara,Sousa de Moraes,78.04,DELIVERED,VAN,2
37a08d92-398e-4c07-9912-bdbb1a8563b9,2026-05-01T04:06:33.494150,Nascimento do Norte,Castro de Ferreira,83.26,IN_TRANSIT,MOTORCYCLE,47
1ecd6c93-f29c-4708-b466-e43f411ab1a2,2026-05-01T04:00:33.726665,Gonçalves,Lopes de Pires,85.1,DELIVERED,MOTORCYCLE,41
190ff01a-f6a1-4689-aa6b-f90860daa330,2026-05-01T02:04:45.338944,Cavalcante,da Cruz,41.82,DELAYED,AIRPLANE,99
752ff92c-1470-4907-9466-44ef0fe91332,2026-05-01T01:57:15.854800,Novaes,Fonseca,87.17,IN_TRANSIT,AIRPLANE,96
4c14858e-64f5-4d11-b50b-91357f9135c5,2026-05-01T01:53:05.941385,Aragão das Flores,Ramos das Flores,26.74,DELIVERED,TRUCK,36
bcff701f-4765-43c6-b957-cd0648be5f5f,2026-05-01T09:15:15.600185,Sá,Camargo,20.65,DELIVERED,TRUCK,85
fac66a1a-4ef3-4b80-9b82-bb741fe133d0,2026-05-01T08:51:44.735461,Brito,Almeida,86.32,DELAYED,MOTORCYCLE,9
e6229153-7f62-4af4-b493-dd95c4322fa4,2026-05-01T11:35:00.985775,Campos da Serra,Sales de Duarte,49.0,CANCELLED,VAN,26
6ffb41de-b35b-4fda-8a4a-9bd3d8a08739,2026-05-01T00:38:41.982807,Fernandes de Santos,Casa Grande do Campo,50.58,CANCELLED,VAN,27
3a4e8e13-c898-478a-959c-862407136f1d,2026-05-01T09:26:19.734776,Novaes,Lopes do Amparo,92.17,DELIVERED,VAN,3
fa718b64-47b4-4a01-aaa9-1ab08013e664,2026-05-01T01:35:17.956094,Rodrigues,Cavalcanti do Norte,1.73,CANCELLED,MOTORCYCLE,93
1eea238b-9d2d-4d86-a881-db514cc3f861,2026-05-01T03:08:57.455705,Macedo de Goiás,Vieira,26.97,IN_TRANSIT,AIRPLANE,114
90eda67c-9602-444a-9a58-72a17e997e33,2026-05-01T05:01:26.626194,Nunes,Santos,15.5,DELIVERED,VAN,98
2be427a5-330e-457d-883b-2f1146589071,2026-05-01T05:26:14.680724,Melo do Oeste,Santos,71.16,CANCELLED,VAN,111
de24bd8b-d87c-4176-b971-5fdaa78334a3,2026-05-01T08:44:58.647909,Melo Verde,Brito de Moura,95.07,CANCELLED,VAN,20
e68fdf30-e075-4e7d-bdf6-207be9066111,2026-05-01T00:35:19.129011,Almeida da Praia,Melo de Nogueira,29.76,CANCELLED,TRUCK,8
418b3ce7-86c6-481e-b68b-b936838be846,2026-05-01T03:00:32.507478,da Rosa,Jesus,92.62,IN_TRANSIT,AIRPLANE,35
d7dd7059-a475-47b1-b381-8bbd26989506,2026-05-01T10:38:40.274325,Farias,Pires da Praia,9.63,DELAYED,AIRPLANE,37
fd1678a3-a9e1-4f2d-97a6-bfd136de6435,2026-05-01T10:42:06.728299,Lopes da Prata,Andrade de Gonçalves,65.9,DELIVERED,AIRPLANE,113
82a4f1e9-c450-4a19-8f88-a24cfcadadb8,2026-05-01T00:02:37.997351,Marques,Nogueira,87.95,DELAYED,MOTORCYCLE,36
d399d14a-4014-409e-9e5b-7cef13563230,2026-05-01T04:33:57.495113,Sampaio,Sá,49.17,IN_TRANSIT,AIRPLANE,18
26cf802d-1bb3-4e29-a018-53bb001a9d5f,2026-05-01T12:27:10.007714,Cunha,Marques,18.02,IN_TRANSIT,VAN,3
cad6b51a-67b3-4a31-bf8d-cae144ee4008,2026-05-01T04:46:24.421235,Silva,Sales,88.03,DELAYED,AIRPLANE,7
6e329c80-5f2b-479d-9210-6bbf66bfa455,2026-05-01T04:09:55.699024,Sá de Goiás,da Cunha,30.15,CANCELLED,TRUCK,7
53a05511-1c67-4e7c-897e-4b2bbcfc2b7f,2026-05-01T00:11:08.538173,Andrade Alegre,Rezende de Goiás,31.43,DELIVERED,VAN,37
daaf0ab0-a885-4c6f-8415-fc66261d0dfa,2026-05-01T01:36:58.189903,da Mota do Campo,Garcia dos Dourados,73.08,CANCELLED,VAN,79
57811eeb-9021-4edd-bbb1-4d9cbfe4977c,2026-05-01T09:33:21.977435,Cassiano Verde,Nascimento,44.74,DELIVERED,AIRPLANE,79
81f1ece4-f0f4-493e-a418-a1023ee8b0fb,2026-05-01T02:21:41.296501,da Rosa do Amparo,Cunha das Pedras,46.05,DELAYED,TRUCK,101
796ef7a1-8546-4f6b-b308-1c391d28c395,2026-05-01T03:53:10.287037,Rezende do Norte,Correia,29.49,CANCELLED,TRUCK,105
a77aac72-1736-4f13-9c03-e6c5b6322bd4,2026-05-01T04:05:35.083869,Teixeira,Fernandes,92.98,CANCELLED,VAN,45
d025147d-e0fd-4938-a0db-e734eb21b74f,2026-05-01T07:14:07.766618,Moraes,Peixoto,85.04,CANCELLED,TRUCK,109
ce89ce9b-70e4-4628-b1ac-06734dd5b3ce,2026-05-01T08:56:59.979497,Novaes de Santos,Campos do Galho,63.94,CANCELLED,TRUCK,25
283cc66f-978d-4164-ab6c-a80cf36c4eb9,2026-05-01T09:07:29.670968,Ribeiro,Teixeira do Amparo,26.26,DELAYED,VAN,107
c5e180c9-055b-407b-87a5-e4bc8f0ce850,2026-05-01T04:54:55.750456,Campos de Castro,Melo Paulista,2.04,IN_TRANSIT,MOTORCYCLE,1
791e9ce5-56bc-423f-9907-218fb8e0df29,2026-05-01T09:28:23.996394,Vargas do Sul,Nascimento das Flores,74.75,CANCELLED,MOTORCYCLE,36
a4fc92a0-0c03-4618-bdac-8a7545b8b8d8,2026-05-01T06:07:38.975051,Camargo de Castro,Rios das Pedras,45.75,DELAYED,AIRPLANE,108
424fee23-3a9f-4717-8833-09436ac91d5a,2026-05-01T00:04:38.951124,Melo,Ferreira,69.7,IN_TRANSIT,TRUCK,98
93c7a850-7626-4412-a76e-09b83ad6b572,2026-05-01T09:40:51.239057,Cavalcanti Paulista,Pires,63.93,IN_TRANSIT,MOTORCYCLE,77
b2a0247f-4ffd-42c5-9f6d-5dfc629a3fc5,2026-05-01T03:45:59.090636,Sousa do Norte,Melo,39.06,CANCELLED,TRUCK,82
b09de1ef-ae84-4d7b-a07a-a75265f928bc,2026-05-01T11:49:42.161786,Brito,Gomes do Sul,75.75,IN_TRANSIT,TRUCK,117
39706dbf-b1b5-4359-9277-cbefe3eb51ed,2026-05-01T07:20:17.421215,Costela,da Cunha,59.59,DELIVERED,MOTORCYCLE,68
d39147dd-91a0-4fa3-9995-47d83e36950c,2026-05-01T11:57:15.994215,da Paz de da Conceição,da Cunha da Praia,32.32,DELIVERED,VAN,81
808248ff-2fd9-4234-aa02-7a486c9da780,2026-05-01T08:17:19.806304,Abreu,Azevedo,41.29,IN_TRANSIT,VAN,104
23e348c7-8cd6-421d-b55f-f0b73ffb1ee6,2026-05-01T07:33:43.842780,Aragão de Moura,Pires,95.34,DELAYED,MOTORCYCLE,91
0f85b971-10ff-4c48-99eb-575e6da89078,2026-05-01T08:02:22.378678,Pastor de Sousa,Vasconcelos,95.55,IN_TRANSIT,VAN,18
2d75547e-3a65-49af-8953-97557ff60eeb,2026-05-01T03:38:27.583100,Ribeiro de Martins,Ferreira,34.07,DELIVERED,VAN,51
0a2b48d6-b117-4ae8-9e40-dac9e59c05f2,2026-05-01T06:03:22.626054,Nascimento,Moura,73.73,DELAYED,TRUCK,63
0a7600f5-07cd-453f-ac1a-6d3649a26f01,2026-05-01T04:00:06.841618,Brito de Porto,Peixoto da Mata,78.65,DELIVERED,VAN,26
f0ea98b9-2fa4-48d3-ada2-7a235e32f456,2026-05-01T04:32:42.933539,Fogaça,Jesus do Norte,50.78,DELAYED,TRUCK,94
49cb6a44-0e70-4c52-92bd-db4de81729d8,2026-05-01T09:48:26.636513,Correia da Prata,Siqueira,72.14,CANCELLED,TRUCK,109
0274269b-82d2-45b6-a806-34d60f7478d6,2026-05-01T10:12:49.850463,Fogaça de da Luz,Araújo do Galho,35.76,DELIVERED,AIRPLANE,21
6b7b1ebc-c56e-4295-8646-c416725a4068,2026-05-01T03:49:35.482127,Machado Verde,Gomes do Oeste,4.81,CANCELLED,TRUCK,48
a7a251e0-4079-4508-a9d3-8d9f255d0c2c,2026-05-01T04:36:59.584831,Viana dos Dourados,da Cruz Verde,30.75,DELAYED,MOTORCYCLE,22
36054805-809b-47b2-9fe9-56cdc335eafc,2026-05-01T09:19:35.590040,da Cruz das Flores,Fogaça,51.38,DELAYED,AIRPLANE,28
cfab2663-567c-4c55-ae4f-6ea9e34ceb86,2026-05-01T08:03:06.482009,Fogaça Alegre,Lopes do Oeste,95.64,IN_TRANSIT,TRUCK,53
5658473e-b0e2-4f2a-8ac0-0120e845e4aa,2026-05-01T11:27:40.168746,Pastor,Montenegro de Lima,41.68,DELAYED,AIRPLANE,117
4c920886-be02-4eb1-b79e-d8a154194a3a,2026-05-01T02:45:46.795476,Vargas,Nogueira da Praia,29.37,DELAYED,MOTORCYCLE,39
5b541ff8-50b6-4ddb-9af2-964926baa105,2026-05-01T03:17:23.367980,Montenegro,Cassiano Paulista,8.25,DELAYED,MOTORCYCLE,49
05f2e92e-c8fa-43be-8739-c81612eeaad8,2026-05-01T00:37:55.729695,Abreu,Rodrigues,32.13,DELAYED,VAN,54
d689582c-70a6-4b81-a753-e7300743e115,2026-05-01T06:46:43.245862,Novaes de Lima,da Rosa do Amparo,10.42,IN_TRANSIT,VAN,68
01fbc061-9645-4a43-baec-b1f1738b586b,2026-05-01T12:10:44.716975,da Rosa,da Luz Verde,92.44,CANCELLED,VAN,79
a4979d00-e39a-48cc-bb5b-2d3d751143f6,2026-05-01T00:14:54.386929,Farias de Goiás,Pereira,82.37,CANCELLED,AIRPLANE,76
f4284670-5c9e-4014-9723-5313201ce2d8,2026-05-01T04:58:31.127686,Casa Grande de Guerra,Novaes da Mata,40.38,CANCELLED,TRUCK,83
73078976-a2c1-4158-bd0e-68db9b6fd0f6,2026-05-01T12:45:40.596668,das Neves,Costela Paulista,52.51,DELAYED,VAN,14
a44b3f55-a3e3-40ef-9482-24489baaa16b,2026-05-01T08:44:00.974632,Fonseca de Freitas,Oliveira da Mata,89.06,DELIVERED,AIRPLANE,112
d837afcb-7812-4f7e-bb0e-34b4c4e3ad69,2026-05-01T05:12:12.909130,Alves do Galho,Rios dos Dourados,96.38,IN_TRANSIT,VAN,75
d952b3c7-3ee7-472a-b8fc-b3aefadd0fc6,2026-05-01T12:40:51.074528,Pimenta,Novaes,58.98,CANCELLED,VAN,56
5b865038-4e8b-420f-9f57-7be4cbea39b5,2026-05-01T01:04:09.037171,Gonçalves de da Cunha,da Mata,91.67,DELAYED,VAN,70
47a96d32-0a74-46a8-8ef2-f207fdb46a17,2026-05-01T06:06:15.697324,Sales de Duarte,da Rocha do Norte,12.51,DELAYED,VAN,74
7de30fcb-ff20-4096-b453-3fe240646f3f,2026-05-01T08:02:07.067214,Sampaio da Praia,da Paz,98.06,DELIVERED,AIRPLANE,96
33dd2747-ce8a-4388-9bd3-9778ce38f9b8,2026-05-01T04:32:59.147681,Pinto,Freitas Grande,45.31,DELIVERED,TRUCK,51
cf98f391-1f2f-49bb-b8a3-1265082c1bca,2026-05-01T09:56:14.641472,Aparecida do Norte,Alves da Prata,12.74,CANCELLED,AIRPLANE,9
9138be6f-f0ed-423e-906f-cab483a71a4c,2026-05-01T04:42:58.476231,Silveira,Costa Grande,38.41,IN_TRANSIT,AIRPLANE,65
d775b674-ef65-4b37-97ff-eb88b5983710,2026-05-01T12:38:09.927441,Pereira dos Dourados,Lima,81.0,IN_TRANSIT,AIRPLANE,60
a0af033b-24e6-4ff5-8ae2-5cc81c78f653,2026-05-01T04:55:42.752309,Albuquerque da Prata,Jesus do Campo,99.83,DELAYED,TRUCK,40
ca66d746-6b8c-4881-b51f-7b71707968a0,2026-05-01T07:24:07.680297,Mendonça,Pereira de Sales,22.8,IN_TRANSIT,VAN,80
c7609794-17e8-475a-9283-52c2eb557656,2026-05-01T08:04:21.899081,Albuquerque do Oeste,Barros,33.0,IN_TRANSIT,VAN,58
b4ea67ce-4554-4b23-b197-04a18458d771,2026-05-01T09:20:00.295663,Jesus Verde,Albuquerque,47.55,IN_TRANSIT,TRUCK,35
c1253207-2c31-4688-a713-ff6cd6ef4af1,2026-05-01T04:45:53.795230,Pacheco de Siqueira,Moraes de Duarte,10.84,DELIVERED,TRUCK,7
494490be-2b8b-45b1-95ce-f1a734b5a1db,2026-05-01T01:00:02.482735,Machado dos Dourados,Monteiro de Leão,84.25,IN_TRANSIT,TRUCK,27
02dc4c28-1021-400b-9b38-1c15b85e330a,2026-05-01T01:53:45.078047,Carvalho das Pedras,Moura de Minas,59.26,IN_TRANSIT,TRUCK,9
49159114-33dd-4639-9d79-6e9b9a2989f5,2026-05-01T07:31:29.237360,Souza,Mendonça,6.65,IN_TRANSIT,AIRPLANE,45
93d9db44-752e-4861-8ced-0ebe98619f9f,2026-05-01T08:01:02.585764,Câmara,Pacheco,92.27,DELIVERED,MOTORCYCLE,47
2fc919c8-8b23-4303-8f39-ba95246e5ddc,2026-05-01T05:19:34.598834,Camargo dos Dourados,Nascimento de Porto,64.98,DELIVERED,MOTORCYCLE,16
67c7e41e-19d2-4b3b-aa46-efbb5b5a88ba,2026-05-01T09:23:49.294241,Sousa,Cunha do Galho,48.81,DELAYED,TRUCK,4
98edd3f0-7a5b-4364-a912-56e4f0bef985,2026-05-01T01:18:02.060157,Pereira de Fogaça,Duarte de Sales,86.77,DELAYED,VAN,95
457aa4bf-b2e0-4f9e-9bfc-d4c6bf808d07,2026-05-01T00:51:49.409734,Pereira do Norte,Araújo das Flores,85.3,CANCELLED,AIRPLANE,100
3563f857-12cf-49ce-a7e4-7e237b97cecd,2026-05-01T02:27:25.839512,Borges de Santos,da Cunha,37.92,IN_TRANSIT,VAN,55
e6214e0f-0e65-4089-b069-580b17fe07b6,2026-05-01T10:21:42.910902,Novaes Grande,Pires,37.35,CANCELLED,TRUCK,74
6659f91e-353c-44d9-baa4-439de2e47b5a,2026-05-01T10:53:19.210283,Carvalho,Cardoso,11.45,DELIVERED,MOTORCYCLE,71
741bd45f-e6d4-4f74-ace3-72791bbfec78,2026-05-01T07:54:32.277895,Fernandes de Minas,Ferreira,75.07,IN_TRANSIT,AIRPLANE,96
68f120ea-492d-4565-a6d9-99213b28756b,2026-05-01T07:52:13.928084,Cassiano,Abreu,52.4,DELAYED,AIRPLANE,30
633f7e57-e801-4b41-9fb8-5a8d36b7d18e,2026-05-01T05:46:28.231809,Cardoso,Freitas,30.52,DELAYED,AIRPLANE,11
e24c89c2-3ed1-45d1-a6dc-675a66bea76d,2026-05-01T12:11:13.058748,Teixeira,Rezende,57.4,CANCELLED,MOTORCYCLE,35
118f3ff3-8ae5-45f2-b06b-e473e61994a0,2026-05-01T05:01:29.394706,Macedo,Porto do Galho,60.94,CANCELLED,VAN,12
71e03ef9-e3e7-4cdd-b828-711ed48011a8,2026-05-01T08:54:32.179409,Cavalcante do Amparo,Andrade Alegre,70.51,CANCELLED,MOTORCYCLE,36
0f53e998-fc16-40ab-8245-8bde97ff7d53,2026-05-01T09:03:54.998964,Cardoso das Pedras,Barros de Farias,99.49,IN_TRANSIT,AIRPLANE,22
634bd206-20c3-4cff-8575-5573044adf6f,2026-05-01T12:35:20.313929,Mendonça Paulista,Gomes de Fonseca,82.97,DELAYED,AIRPLANE,0
623564f6-0cfe-4b9e-92e7-4ce9307090d8,2026-05-01T02:57:05.147115,Souza dos Dourados,Pacheco,2.11,DELIVERED,VAN,83
f4eb9471-76e7-49ac-8661-5949baa7da96,2026-05-01T02:04:36.475386,da Mata da Serra,Rocha do Sul,26.44,IN_TRANSIT,MOTORCYCLE,75
7cce570a-6d50-4ae6-ba92-3a306c24076a,2026-05-01T02:55:07.825091,da Mata,Vargas,45.94,DELAYED,MOTORCYCLE,89
4002cc04-d0de-42ef-ab8b-12d0d6fb6307,2026-05-01T08:57:09.813901,Vargas,Albuquerque,79.0,DELIVERED,VAN,74
4c474f87-7f88-47f3-b08e-12d219fed044,2026-05-01T11:35:04.456825,da Conceição,da Rocha,75.66,DELAYED,VAN,36
f6bed3a6-0d9e-491c-9860-3a5a8f381ef6,2026-05-01T08:49:19.130815,Campos,Farias de Minas,49.21,DELIVERED,VAN,86
de2fe140-2d67-4512-b9ed-7333d0d1e83f,2026-05-01T04:51:45.594403,Pacheco,Macedo,53.49,DELAYED,MOTORCYCLE,42
b31136e5-45bf-40bf-9132-7bfa04c49969,2026-05-01T07:18:40.652736,Borges de Moura,da Cruz,37.65,DELAYED,TRUCK,52
0943aa6b-df0d-4442-af21-d24cd0e1a49c,2026-05-01T12:57:36.556559,Machado,Vasconcelos da Serra,48.88,DELIVERED,TRUCK,47
3b355af4-f384-4797-96d1-ed3ed6d9e724,2026-05-01T03:33:22.877927,Ramos,Costela Verde,43.43,DELIVERED,VAN,83
18a4deb0-799f-4d71-a323-093c835b08bd,2026-05-01T08:32:16.072176,Barbosa,Cassiano do Oeste,69.65,DELAYED,MOTORCYCLE,42
8b12bd35-9474-471d-a78d-803524dded7c,2026-05-01T01:56:03.657813,Farias,Castro da Prata,42.65,DELIVERED,TRUCK,0
b7b79c41-302d-4009-887e-0aacc6ba7c71,2026-05-01T04:37:51.674384,Ferreira,Pimenta,22.54,CANCELLED,MOTORCYCLE,75
f2e9d6b9-3d6d-4bd7-a5c9-11c6baa05c8c,2026-05-01T03:04:40.862245,Sousa de da Rosa,Guerra,68.65,DELIVERED,VAN,18
9b33064b-86cf-41dc-ab27-83b1afef79f6,2026-05-01T08:10:57.335739,Rodrigues,Marques de das Neves,99.28,CANCELLED,TRUCK,65
17ddb13c-a8b4-4955-9fe1-9b46033b5905,2026-05-01T10:43:44.399568,Araújo,Sá,57.04,CANCELLED,AIRPLANE,97
bc364403-6d89-4c5e-ab4e-b417c60b2b52,2026-05-01T06:15:56.932950,da Rosa do Sul,Rodrigues Paulista,60.77,DELIVERED,VAN,106
22c4025f-100d-43f5-b26b-7686d26897fd,2026-05-01T09:19:07.940516,Marques da Serra,Aragão,56.9,IN_TRANSIT,TRUCK,41
2666dba0-05ce-40c6-b93e-d3bf33269765,2026-05-01T11:08:59.986431,Peixoto Grande,Albuquerque,19.1,IN_TRANSIT,AIRPLANE,97
f6766e08-968a-4902-9e73-d77b37a29006,2026-05-01T05:38:22.450851,Leão,Nogueira do Galho,79.4,DELIVERED,TRUCK,20
5ba6fcee-c9dc-42a2-bce6-747af0d9d961,2026-05-01T12:30:02.529929,Guerra,Pimenta,88.52,DELIVERED,MOTORCYCLE,4
01f39633-d5b2-4b34-b937-7bed4c0f955f,2026-05-01T02:15:00.877321,Correia do Amparo,Santos da Praia,26.81,DELIVERED,TRUCK,117
10788737-e765-451b-b938-526de5262073,2026-05-01T07:46:32.868110,Mendes,da Cunha,88.78,DELIVERED,VAN,50
11dc0a5c-342d-4eda-b882-4783f24db289,2026-05-01T06:18:48.431036,Sales dos Dourados,Cirino do Campo,41.5,DELIVERED,TRUCK,16
3bda7b5b-526e-4331-a7fb-0303ea70e4f9,2026-05-01T02:51:59.938150,Andrade Grande,Santos,10.72,DELIVERED,TRUCK,37
0d2d1e68-277e-4e06-9c2c-9117d497afaa,2026-05-01T10:58:24.804738,Brito da Serra,das Neves,5.48,DELIVERED,TRUCK,66
c7600623-8d96-43a7-b4df-e084748d5976,2026-05-01T05:09:14.784546,Jesus da Mata,Alves Paulista,40.27,CANCELLED,VAN,95
3671a2db-f96c-473c-94da-3c318fecde26,2026-05-01T06:28:38.803316,Lopes,da Cruz,34.74,DELIVERED,AIRPLANE,16
47a93944-2afd-428b-915e-e061570476e3,2026-05-01T06:15:08.218723,Pacheco de Goiás,Cunha do Amparo,66.41,CANCELLED,MOTORCYCLE,18
68fd97e2-378a-4342-a1c2-9bc45dd62ec7,2026-05-01T04:41:53.610422,Monteiro,Campos,47.32,DELAYED,VAN,72
4bd04eff-5b08-4c9a-9b6b-439ad9265732,2026-05-01T01:38:00.812027,Abreu de Albuquerque,Vieira do Oeste,35.31,CANCELLED,MOTORCYCLE,1
b910eea9-f300-4cd6-8898-e16fd1f1428a,2026-05-01T02:08:40.877222,Gonçalves dos Dourados,Câmara,20.36,DELAYED,MOTORCYCLE,84
eb75743a-8230-412f-91d9-7fcfc72f9c8f,2026-05-01T08:03:54.738194,da Cruz das Pedras,Sampaio,68.77,DELIVERED,MOTORCYCLE,101
9b9c3b6a-0a05-4f09-be71-0b505eac7415,2026-05-01T00:30:18.591974,Câmara da Prata,Pires,62.76,DELAYED,MOTORCYCLE,54
7cdcc6be-22d6-42d4-b39b-5e8ce076ca68,2026-05-01T11:13:17.999705,Dias,da Cunha,1.1,IN_TRANSIT,AIRPLANE,55
fc4ffa43-3cc0-46b1-b878-46894efb516d,2026-05-01T00:32:59.753350,Aparecida do Campo,Guerra do Galho,70.88,DELAYED,MOTORCYCLE,86
e53009ac-fcb4-4a86-a9ab-62e874f80f07,2026-05-01T07:13:53.372077,Barbosa,Garcia das Flores,46.81,IN_TRANSIT,MOTORCYCLE,7
19a362f9-d530-4a9b-bedc-a8793175cece,2026-05-01T07:44:34.408544,Azevedo Alegre,Farias de Montenegro,50.86,IN_TRANSIT,MOTORCYCLE,45
c8e07fee-50ea-48d5-aedf-36581d543949,2026-05-01T00:33:08.403992,Garcia,da Luz,9.15,DELAYED,TRUCK,33
a19b7d98-fe19-40ed-beac-bacf73add77c,2026-05-01T10:00:30.592392,Garcia do Sul,Jesus do Galho,63.5,DELAYED,AIRPLANE,90
ccf1c13a-51db-46bc-aa10-ead68b10fe82,2026-05-01T08:47:28.286698,da Paz,Costela da Serra,62.56,DELIVERED,VAN,63
03459c00-c421-461f-8b80-bf43e929db1e,2026-05-01T08:49:08.819667,Ribeiro do Campo,Abreu do Galho,66.37,IN_TRANSIT,VAN,1
aad51e3c-3863-4e99-bd28-6925f3f2b6d5,2026-05-01T00:19:06.404074,Ramos,Jesus do Sul,84.48,CANCELLED,AIRPLANE,67
7ed88e39-fff9-43b5-a52e-c38181b569df,2026-05-01T01:22:01.821038,da Cruz,Almeida,40.14,CANCELLED,MOTORCYCLE,104
ee398efa-06aa-4c2c-8c30-acc51b5b5da6,2026-05-01T06:06:18.524642,Porto dos Dourados,Sousa,68.46,DELAYED,MOTORCYCLE,61
73804fd6-051f-4022-9be4-6882447311f5,2026-05-01T04:08:18.903276,Gonçalves Paulista,Lima,79.76,DELIVERED,AIRPLANE,103
5ed26faa-0aec-4a1f-afa5-6d9106ec5a89,2026-05-01T00:40:18.854121,Rios,Guerra,40.47,CANCELLED,MOTORCYCLE,91
36a434e5-3e4d-45b8-8c4a-a3db41c4f6e6,2026-05-01T09:29:31.692178,Porto,Jesus da Prata,44.18,DELAYED,VAN,66
5647f7cd-7783-4344-bce5-31ae2f1a89f7,2026-05-01T08:19:00.106819,Moura,da Conceição,91.26,IN_TRANSIT,VAN,75
189b04c5-718f-4a30-a2e7-2278653acd48,2026-05-01T10:32:18.681027,Moreira,da Cunha do Galho,49.58,DELAYED,VAN,46
fbc778cd-49af-4830-81ff-0085751027f1,2026-05-01T01:49:58.666179,Sales de da Paz,Cavalcanti,74.28,DELAYED,AIRPLANE,113
2948c1fc-b442-4d18-9f5d-fbb68dd3199f,2026-05-01T05:11:47.383462,Vieira das Flores,Correia,47.44,IN_TRANSIT,MOTORCYCLE,61
bc2dad47-0688-41b4-bb96-12c3b82d4afc,2026-05-01T01:57:38.171046,Cavalcanti do Campo,da Mata,70.77,DELIVERED,MOTORCYCLE,11
d7653184-4b8f-4072-8002-6dad47318a20,2026-05-01T07:42:00.310959,Mendes das Pedras,Pinto,94.67,CANCELLED,AIRPLANE,87
bc1df734-56fb-42ca-bbc5-af20c1b34ed8,2026-05-01T12:42:17.865749,Câmara,Guerra,1.74,CANCELLED,VAN,57
fde82d47-67e1-41a3-8cad-41cb314dcb63,2026-05-01T01:38:44.693730,Melo dos Dourados,Mendonça do Sul,93.95,CANCELLED,VAN,77
8c9cc09d-0ceb-430c-ac3c-71d8d47e4d3d,2026-05-01T09:46:11.869414,Nascimento da Serra,Barbosa,24.6,CANCELLED,MOTORCYCLE,97
69dab4cf-9ed7-450d-924e-209cc1c0fe48,2026-05-01T04:17:07.850187,Sá do Campo,da Rocha,4.53,CANCELLED,VAN,82
3b85ec2e-8c81-41a0-9a98-ee712fd5a117,2026-05-01T08:15:25.589690,Cardoso Alegre,Vasconcelos dos Dourados,22.31,CANCELLED,AIRPLANE,57
3c5b2cd4-43a3-47af-896f-30c0a86c9ffc,2026-05-01T04:29:22.808671,Ribeiro de Cardoso,Gomes,53.55,DELIVERED,AIRPLANE,38
026ae75d-7f15-413a-96a8-721dd954c494,2026-05-01T11:16:00.516730,da Mota das Pedras,Rodrigues,26.94,DELIVERED,VAN,39
084a9da4-1159-452d-9b4b-bb5d53b2fe86,2026-05-01T08:43:01.944168,Moraes,Moura da Prata,51.23,IN_TRANSIT,VAN,57
b4958fe6-d092-4556-b352-3d2518282b3e,2026-05-01T03:24:56.870828,Ribeiro da Prata,Vasconcelos,33.6,DELAYED,MOTORCYCLE,120
f8ba6ac5-6524-4a67-9cf3-5c3c3b1b2856,2026-05-01T07:27:58.728538,Mendes do Sul,Nogueira de da Luz,21.24,DELAYED,AIRPLANE,0
ace7eaad-5572-4e17-8ee4-2706cb8cbcd9,2026-05-01T11:58:58.065852,Cirino,Nogueira Alegre,36.6,IN_TRANSIT,AIRPLANE,92
10a8f1f5-3caf-495a-84ce-a6601b19aaf2,2026-05-01T04:32:24.468502,Pimenta,Rezende de Vargas,89.36,DELAYED,TRUCK,35
38e61674-ad03-4d26-b8c2-e2b0bc24446d,2026-05-01T08:26:29.413619,Novaes do Amparo,da Paz,86.8,CANCELLED,AIRPLANE,87
24aa6340-b6ae-439b-8b77-f8e17a070bdd,2026-05-01T10:26:12.698607,Abreu,Mendonça de Azevedo,73.43,DELAYED,TRUCK,88
ddc54da9-656f-4f2d-97f5-58c8aed41d56,2026-05-01T01:28:37.092581,Souza,Campos,35.26,IN_TRANSIT,VAN,108
4b1f1e67-dc87-4063-9c4c-142a8de5fe22,2026-05-01T01:16:53.184001,da Costa de Oliveira,Silveira,96.98,IN_TRANSIT,AIRPLANE,9
90b9cf37-a468-400f-a401-0ac58567c880,2026-05-01T06:24:19.263651,Mendonça Grande,Cunha de Freitas,33.06,CANCELLED,TRUCK,93
ccedd59a-4f5a-4129-aa7a-270c0845d63f,2026-05-01T07:02:51.176707,Cardoso,Garcia,91.51,DELAYED,VAN,38
dea4877b-047b-48aa-a0bd-66eb43df0678,2026-05-01T02:29:35.086077,Sales,Ribeiro do Norte,60.07,CANCELLED,MOTORCYCLE,91
14faf8c5-934c-4a7a-b76d-eab118995a86,2026-05-01T04:14:10.899130,Alves da Mata,Marques,6.37,DELIVERED,VAN,26
8e832831-39d5-445c-9410-ca136a5da4af,2026-05-01T01:23:02.895871,da Luz Alegre,Silveira,91.48,IN_TRANSIT,TRUCK,73
a77ca3a3-f198-4c86-a473-13d7f6898009,2026-05-01T03:36:58.075322,Moura do Amparo,Nogueira,57.28,DELIVERED,MOTORCYCLE,68
4b80c2e7-122d-4e20-95af-ce180ebb6971,2026-05-01T09:09:59.928849,Santos Verde,Borges,75.06,IN_TRANSIT,VAN,56
7d1538e6-dff8-4ab0-b52b-75371f1b2ed5,2026-05-01T07:48:39.225531,Novais de Ramos,Moreira Verde,78.06,IN_TRANSIT,AIRPLANE,25
d69a45bc-f7e9-45f6-9e52-a8b780510bcd,2026-05-01T07:44:58.276490,Viana,Pires,94.53,IN_TRANSIT,AIRPLANE,66
0380c9f6-4f84-4b1d-b870-d4900949e05c,2026-05-01T12:10:31.994110,Sales de Lima,Novais do Sul,58.43,DELAYED,MOTORCYCLE,50
dd4b08e2-75cb-4586-9680-86fba43df269,2026-05-01T04:52:36.859698,Rios das Pedras,Alves do Galho,89.32,DELAYED,MOTORCYCLE,9
3a1877d6-cd89-4cc4-81f6-78265fb89d9f,2026-05-01T03:47:38.559942,Camargo,Santos do Amparo,68.74,DELIVERED,TRUCK,60
3f6361f1-3830-44f3-9429-167c3e92840a,2026-05-01T02:04:26.239701,Novaes,Pinto,28.46,CANCELLED,MOTORCYCLE,17
4739faa7-5200-4b69-856f-b9a2f512ad0e,2026-05-01T02:29:39.307870,Pastor do Galho,Porto de Goiás,65.88,IN_TRANSIT,TRUCK,60
859c22d1-bffb-4705-8a65-135f4c388f13,2026-05-01T08:46:53.364376,Monteiro de Sousa,Garcia de da Mota,53.82,IN_TRANSIT,TRUCK,21
cb1de5c6-f427-49cb-b057-5131f7904117,2026-05-01T06:22:33.973504,Sales do Oeste,Aragão Alegre,18.17,DELAYED,TRUCK,31
446d30ae-ed50-4f43-afce-4b122960ecb8,2026-05-01T08:52:41.650471,Siqueira,Casa Grande do Oeste,88.75,IN_TRANSIT,VAN,96
d386d6e4-33f4-4a27-8f77-4b14062ee28d,2026-05-01T00:02:04.582632,da Mota,Nogueira,65.75,DELAYED,MOTORCYCLE,18
55a068af-194c-4a5f-a948-c1d94dc6f63b,2026-05-01T00:46:28.757121,Almeida do Sul,Camargo,31.52,DELAYED,AIRPLANE,109
0fc8f4cd-9f03-4c44-8516-326ee84792f7,2026-05-01T01:51:08.588871,Souza das Pedras,Moreira do Sul,98.88,DELIVERED,TRUCK,20
e28a3e59-f81e-4f4f-ac7f-28bc91dadd8b,2026-05-01T06:30:19.128304,da Rocha de Goiás,Montenegro,23.4,CANCELLED,VAN,6
8a1326a9-7762-4045-ac09-4e69ede75b37,2026-05-01T12:47:13.027179,Cavalcante,Alves do Campo,65.4,DELAYED,AIRPLANE,30
c346da84-196d-4736-a6aa-19e1d51398fc,2026-05-01T11:30:23.661527,Nunes de Pinto,Fogaça,78.3,DELIVERED,MOTORCYCLE,82
9ee03c1e-3bf0-4b1d-8694-984dfc9ba8ca,2026-05-01T03:29:46.682591,Nunes,da Costa de Marques,66.37,DELAYED,AIRPLANE,102
0214bc37-b325-4cd4-8dad-960f6e5fd073,2026-05-01T11:56:50.169861,Pastor de Guerra,da Cruz do Campo,95.14,DELAYED,AIRPLANE,52
9323d4a5-2dce-49ed-9e28-06bc314ed8ff,2026-05-01T07:32:56.478818,Borges,Sousa,42.47,DELAYED,VAN,5
9d06ba01-d50b-472d-8031-a4d2e1b6680f,2026-05-01T12:30:56.455306,Montenegro,da Cunha,38.09,DELIVERED,MOTORCYCLE,12
f49d3ade-5e0f-41fc-b119-8db915ea25ba,2026-05-01T08:04:37.436626,Andrade,Oliveira da Mata,3.96,DELAYED,AIRPLANE,63
2496396c-a7ea-47cb-8259-8f4dd4521f0c,2026-05-01T06:38:04.050950,Montenegro do Galho,Araújo,95.46,CANCELLED,TRUCK,95
071f4f31-6341-43fb-bd3d-07c99c02e94e,2026-05-01T01:19:58.518738,Montenegro das Flores,da Paz,56.56,CANCELLED,MOTORCYCLE,92
557aa810-b3a7-46af-a9a9-42e7fd1e83da,2026-05-01T09:52:19.295243,Araújo,Leão de Campos,57.03,DELIVERED,MOTORCYCLE,50
ea40b575-456f-4f42-92fd-26e61fc6da20,2026-05-01T01:52:25.562343,Siqueira,Nunes,80.74,IN_TRANSIT,VAN,75
35bd1a8a-7e36-4390-92aa-fc04bd83ef5e,2026-05-01T12:46:07.429264,Oliveira,Monteiro,9.84,DELIVERED,AIRPLANE,79
df703c49-4a83-48f0-b20e-6b1629428ec0,2026-05-01T04:03:13.743667,Gomes,Abreu,92.96,DELIVERED,TRUCK,74
f3fde544-7702-41f0-9f0e-024ca5197bb5,2026-05-01T01:44:51.056560,Silveira da Serra,Pires,6.6,DELIVERED,MOTORCYCLE,107
f3461a40-a780-417e-ae62-2caba5de985b,2026-05-01T05:40:26.731563,Castro da Mata,Mendes de Pinto,59.15,DELAYED,MOTORCYCLE,72
01bda41f-9d01-41ce-8b74-1b890db2de9e,2026-05-01T10:56:44.729753,Duarte do Oeste,Ferreira,38.09,DELAYED,AIRPLANE,5
241443a1-c593-4081-b5ed-b7f1c1450d96,2026-05-01T05:23:33.735560,Rocha da Prata,Barbosa,56.87,CANCELLED,TRUCK,95
9a3f0867-e0fe-48e9-9cc2-0b31ef59d72f,2026-05-01T01:13:32.714675,Macedo,Machado Alegre,94.55,IN_TRANSIT,AIRPLANE,13
2ac82e07-e4a9-4f40-a857-41182a62d081,2026-05-01T11:07:53.892195,Aparecida Grande,Sales,73.99,DELIVERED,AIRPLANE,98
134d87ed-b4d2-4608-a1dc-04a7cc66fa63,2026-05-01T00:27:00.259371,da Mota,Moreira das Pedras,71.3,DELAYED,TRUCK,28
1e65765a-902f-4ff0-85ec-f4832b97c90a,2026-05-01T05:06:43.865035,Campos,Martins,46.71,IN_TRANSIT,MOTORCYCLE,2
fb8c295a-aaa3-4d4e-83c2-97af2757e6c8,2026-05-01T05:21:30.036244,Câmara,Pimenta,97.12,DELIVERED,VAN,48
41b01a5b-4fcd-403f-a2f7-af02916869f0,2026-05-01T03:57:23.293199,Rios das Pedras,Novais,16.95,IN_TRANSIT,VAN,3
19779a58-942d-4ae7-bd37-083e5bcbc3ff,2026-05-01T07:30:14.228704,Leão,Vasconcelos,78.11,DELAYED,TRUCK,87
9ae247ea-5078-4ecb-b9fe-0eb2b11121ad,2026-05-01T01:42:03.481389,Garcia de Albuquerque,Barbosa Grande,17.04,CANCELLED,TRUCK,70
e8ba803a-7513-4cc5-a9c0-bc44cc58f246,2026-05-01T10:34:56.046546,da Rocha dos Dourados,Ramos,19.86,DELIVERED,VAN,47
bd69fc0c-0759-448b-9c4e-d08cd95c52e9,2026-05-01T02:01:15.858703,Cunha de Minas,Pires,40.71,DELAYED,AIRPLANE,43
bc598da0-cf90-4f8e-8c11-88a6dbaf71aa,2026-05-01T12:09:08.366960,Mendonça de Minas,Rezende,84.47,DELAYED,MOTORCYCLE,59
7573c97e-4b04-4458-9edb-d344e62db1c7,2026-05-01T01:48:55.757129,Andrade,Aparecida Verde,10.87,CANCELLED,AIRPLANE,62
c93a40a4-8b9b-4663-ad2f-97b964ccd76b,2026-05-01T11:34:14.075774,Camargo da Praia,Nogueira Alegre,47.01,IN_TRANSIT,MOTORCYCLE,58
beea14dd-0b44-467a-a9a0-d87ba474d96f,2026-05-01T00:51:14.357863,Peixoto,Novaes,28.31,DELIVERED,AIRPLANE,51
29905d02-20c0-49f9-bd72-93ef8e70e86d,2026-05-01T09:58:44.332049,Lima Grande,Novaes,32.6,DELAYED,AIRPLANE,107
889baa30-cd1c-4987-9802-d6e32659910c,2026-05-01T04:12:37.004328,da Mota,da Cunha,32.73,DELIVERED,TRUCK,55
88e86075-02a1-463b-b000-efe2030b1fc2,2026-05-01T11:23:29.506664,Dias,Novaes,78.54,CANCELLED,MOTORCYCLE,89
5d385cba-bd73-4538-855c-06c5db94cb35,2026-05-01T12:32:43.535875,Araújo de Goiás,Monteiro,78.39,DELIVERED,MOTORCYCLE,105
28d86f9e-e876-482a-a401-0a0b001de137,2026-05-01T11:16:54.420712,Fernandes,Santos,46.51,DELIVERED,TRUCK,105
b4676327-0a77-4d33-806a-998ecf875659,2026-05-01T03:55:57.684104,Melo,Pacheco,39.44,DELAYED,AIRPLANE,29
6fd8e485-f773-4aa8-8b2d-68c0f46c9c4a,2026-05-01T11:27:51.177848,Sampaio da Praia,Cassiano de da Mata,78.91,IN_TRANSIT,AIRPLANE,95
a95555f0-80f9-4bcb-a318-90d995fc1e0f,2026-05-01T09:10:44.040253,Camargo,Andrade de Peixoto,73.21,DELIVERED,AIRPLANE,21
dc90372a-d761-4600-a36c-e30e5b50a740,2026-05-01T08:47:08.271743,Cirino,Sousa,80.67,DELAYED,AIRPLANE,91
554f4674-f96e-4bb9-aceb-8118cebbbd6f,2026-05-01T09:04:12.320336,Fernandes de Goiás,da Costa do Sul,75.76,IN_TRANSIT,TRUCK,54
6b162bd7-8e9b-4fcd-9613-359c62468c3d,2026-05-01T04:19:51.942109,Aparecida,Mendonça,97.12,IN_TRANSIT,AIRPLANE,43
cdbdadd6-e415-404c-aaa4-01fc649542fe,2026-05-01T07:29:09.089493,Araújo da Prata,Alves do Amparo,70.55,IN_TRANSIT,VAN,70
9237c6a9-c5dc-4f64-bed2-9a3f75ba2207,2026-05-01T05:37:56.625910,Siqueira das Pedras,Monteiro,13.57,CANCELLED,MOTORCYCLE,56
499c608a-3733-4a61-998d-fc5fdb574e92,2026-05-01T12:50:46.009134,Barbosa,Fonseca,83.02,CANCELLED,MOTORCYCLE,32
da7062e2-f85c-499d-a87a-3681b7bdb3db,2026-05-01T07:10:47.837801,Cunha de da Mata,Caldeira do Amparo,92.18,CANCELLED,MOTORCYCLE,56
8b62f4b8-3b2d-4f55-b4aa-18aa79bfbe97,2026-05-01T07:21:40.968376,Cunha,Guerra do Norte,91.84,IN_TRANSIT,TRUCK,38
b566cea9-e90f-4587-8faf-ddacec90f45e,2026-05-01T10:36:43.242174,da Conceição Verde,Rezende,65.3,DELAYED,TRUCK,20
6185e730-5577-4f6a-8908-79092e359235,2026-05-01T05:11:52.533261,Costa de Novaes,Correia,74.68,CANCELLED,MOTORCYCLE,4
8f20451f-da14-4d6b-b7f1-37733fb6f2ef,2026-05-01T08:10:14.521780,Siqueira do Amparo,da Paz do Galho,51.75,CANCELLED,VAN,103
0c6021a0-bf81-4cc0-b62e-d1a8459df60d,2026-05-01T10:26:28.516949,Vieira,Costa da Serra,42.2,CANCELLED,MOTORCYCLE,35
24dde73e-edd3-433b-b4c8-363b13c6ba10,2026-05-01T03:27:31.599165,Nogueira,Sá de Minas,18.49,DELIVERED,VAN,43
b10ecc0c-336c-4e13-b6c2-c1ea01d01279,2026-05-01T03:50:20.356059,Vieira de Minas,Costa Alegre,43.81,IN_TRANSIT,AIRPLANE,53
7c8faca4-9070-4b9c-b753-d34ce0cdec82,2026-05-01T12:22:56.938752,Melo do Amparo,Vieira,71.97,CANCELLED,AIRPLANE,45
efcbd155-ba41-4714-8361-b2f33e89baed,2026-05-01T09:17:01.337950,Fonseca dos Dourados,Cardoso,49.65,DELAYED,VAN,41
b3a8c933-c9c1-4f55-87d7-7123edc6e52b,2026-05-01T01:49:35.982702,Ramos das Flores,Rezende,54.26,IN_TRANSIT,TRUCK,40
921fd86b-75b8-46c0-9e0d-507147ae81f5,2026-05-01T09:10:33.964159,Moura,Carvalho de Cassiano,25.15,CANCELLED,VAN,31
98b7f450-e4a1-4a23-90bd-fb9406acf9a9,2026-05-01T03:32:13.781805,Borges,Pacheco,16.37,DELIVERED,MOTORCYCLE,60
d1ba15cc-03cc-4dd8-b540-2e8ae65b3627,2026-05-01T06:45:54.416172,Nascimento,Lima,6.55,DELAYED,MOTORCYCLE,63
7a4033e2-c02a-426a-ae2e-30cd2152ff7d,2026-05-01T11:29:12.440472,Garcia das Flores,Pires do Norte,49.32,CANCELLED,AIRPLANE,120
5872d9e4-89bf-46d8-9773-90e43bf70640,2026-05-01T08:52:08.734450,Aparecida de da Costa,Moreira,66.17,IN_TRANSIT,MOTORCYCLE,27
96c2f378-372d-43bc-b048-417095dbbaab,2026-05-01T12:18:37.584325,Souza de Ribeiro,Fonseca,37.98,CANCELLED,AIRPLANE,37
1c50d23e-3280-41dd-9dd2-8689d5d2e30f,2026-05-01T12:03:43.513690,Rodrigues Alegre,Ramos de Gomes,19.94,DELIVERED,AIRPLANE,108
ab129fb5-c2b2-4134-8195-10d0f9225473,2026-05-01T11:44:05.536775,Nogueira Verde,Souza de Silveira,3.09,DELAYED,VAN,62
b961b81b-acb5-402c-81c5-1f89015831b5,2026-05-01T05:31:02.493242,das Neves,Mendes,57.71,IN_TRANSIT,MOTORCYCLE,77
e4658319-28eb-4b4e-b3df-34fd1a2b70ce,2026-05-01T05:26:29.319588,Alves,das Neves,61.78,DELIVERED,VAN,81
04fb99cd-4488-49e5-89cc-ba99c61b4989,2026-05-01T08:45:11.265257,Lima,Freitas,18.8,DELAYED,VAN,89
bf09a5a9-e9e1-46af-8e0d-f249b8e7c779,2026-05-01T10:32:08.104115,Nascimento,Montenegro dos Dourados,86.2,IN_TRANSIT,AIRPLANE,69
b321b53f-f5a8-49dd-be85-d18afd8c087a,2026-05-01T03:47:07.327456,Castro,Silveira,88.78,DELAYED,AIRPLANE,28
05baea58-834f-4f1e-ac84-9e510ee23db4,2026-05-01T00:31:38.303282,Alves dos Dourados,Costela,4.14,IN_TRANSIT,MOTORCYCLE,93
20ba499f-e2e1-4644-8f6b-d90193de67b8,2026-05-01T12:26:42.709513,Rezende da Serra,Costela,19.02,IN_TRANSIT,AIRPLANE,56
4509aae6-44af-4b2b-8edd-6414115d12f3,2026-05-01T03:28:31.729646,Rezende dos Dourados,Campos dos Dourados,97.36,DELIVERED,TRUCK,107
3256f33e-d273-418d-b21e-a6c87f34ddd6,2026-05-01T09:18:10.364746,Souza,Sousa,42.35,DELAYED,AIRPLANE,53
b4c843b8-f1b4-4bca-899f-ff115f5f0027,2026-05-01T10:09:30.666640,Costela,Moura,54.13,IN_TRANSIT,TRUCK,38
55f183ca-0abb-47b4-968e-ccc327dee7bf,2026-05-01T01:42:14.652410,Nascimento do Oeste,Lopes,1.74,CANCELLED,MOTORCYCLE,63
bb929d0f-5fdc-4df8-8d93-9955583aa577,2026-05-01T06:43:32.428775,Guerra,Freitas de Fernandes,90.86,CANCELLED,TRUCK,92
a867c0a5-05be-4184-adea-d168affdaccd,2026-05-01T09:49:15.511410,Ribeiro de Goiás,Ferreira Verde,84.7,DELAYED,MOTORCYCLE,76
23c21537-7eb8-40dd-8849-77d2276d9daa,2026-05-01T04:46:35.292792,Azevedo,Teixeira de Garcia,80.13,CANCELLED,VAN,70
b83aa4d9-2668-4324-b4a0-c9b661928617,2026-05-01T04:26:06.659793,Fonseca,Novais,35.74,DELAYED,VAN,24
eb9bcd31-0390-4829-b02f-7bced037641b,2026-05-01T10:59:11.631174,Fonseca,Novais de Borges,2.72,CANCELLED,VAN,118
291db549-0136-4e0a-b939-99df4fffa1fb,2026-05-01T03:23:22.776633,Sampaio Grande,Sales,72.72,IN_TRANSIT,TRUCK,17
4920e1ad-a928-4582-9b29-99308c84f8ad,2026-05-01T03:40:46.740870,Oliveira,da Mota,35.65,IN_TRANSIT,VAN,12
30afb4d0-a3f7-4c21-959d-c3dc794b183e,2026-05-01T04:12:51.084505,Barros,Castro,45.84,CANCELLED,MOTORCYCLE,99
3863183f-328b-48f4-824b-355d5f6337e9,2026-05-01T02:06:47.037854,da Cruz Paulista,Santos,33.54,DELAYED,MOTORCYCLE,8
c7000009-02f8-4667-bf7d-ee1919a216fb,2026-05-01T07:13:16.777417,Brito Paulista,Rios,71.0,DELAYED,VAN,50
c8409b38-9250-4ed8-a9d6-1ec5dd99c0a3,2026-05-01T01:02:52.792371,Melo,Santos dos Dourados,90.62,DELIVERED,TRUCK,71
1ea8f9ce-9c94-471f-81e1-75da0ea898ee,2026-05-01T06:27:11.381901,Rios de Fogaça,Albuquerque dos Dourados,31.4,IN_TRANSIT,AIRPLANE,80
724253ce-249c-4078-bff0-b314240d8020,2026-05-01T09:56:28.196698,da Paz,Moraes,7.38,CANCELLED,VAN,107
5566d7f1-cdc0-444a-8037-67c2569fd1de,2026-05-01T08:22:30.595955,Rocha do Sul,da Costa,21.23,DELAYED,VAN,56
2e9bc023-8cf9-4d86-8105-75fea0fe7ec2,2026-05-01T12:42:13.122047,Albuquerque do Amparo,Sales,53.45,DELAYED,MOTORCYCLE,44
7dbd2594-79b4-4493-ba49-5aadbeeb4a25,2026-05-01T12:53:09.491893,Cavalcanti Alegre,Cavalcanti,31.83,IN_TRANSIT,VAN,73
2e30216f-0a66-482f-b201-63517558a483,2026-05-01T04:36:50.955794,Dias de Sampaio,Brito,9.13,IN_TRANSIT,VAN,82
2355f1ad-20b1-41f0-8ee8-9f04a3520f8d,2026-05-01T07:16:39.965275,Gonçalves de Sousa,Pereira de Borges,7.38,DELAYED,TRUCK,81
e77b4d8d-706e-4a50-88bb-575b1d93675a,2026-05-01T09:55:34.266505,Sales,Vargas,24.18,CANCELLED,MOTORCYCLE,35
f3f3a35a-39ca-4c8e-996a-19c506b1d6ad,2026-05-01T06:04:06.956801,Sales,Correia,66.87,DELIVERED,MOTORCYCLE,78
6946c834-dcd5-4a71-9c6a-8c84b2a239a8,2026-05-01T09:58:11.048227,Castro,Vieira das Flores,84.59,IN_TRANSIT,TRUCK,36
67f028e0-26a5-4af4-b848-c881542f3092,2026-05-01T11:00:12.738988,Abreu de Gonçalves,Aparecida Grande,31.96,DELAYED,TRUCK,81
330d7759-3f3b-4f89-a7e2-07cb347332d1,2026-05-01T03:46:48.853724,Macedo,da Cruz de Goiás,5.66,IN_TRANSIT,AIRPLANE,86
ce147cae-6137-4f0c-a4d7-a3658d7e2e71,2026-05-01T08:32:43.455530,Pinto,Moraes de Fonseca,76.43,CANCELLED,VAN,51
1d019d3e-a57f-4e5f-90a4-a1e7dd0bc66a,2026-05-01T00:16:26.735547,Pacheco do Amparo,Camargo Verde,45.55,CANCELLED,VAN,12
c60f6c50-1a57-47dc-ba94-f9b9faa9cc71,2026-05-01T11:11:58.018196,Alves,Porto da Serra,37.02,DELIVERED,VAN,114
10f41c35-bc9e-471a-97a7-77a29b4d410a,2026-05-01T06:47:42.177545,Silveira,Carvalho,65.25,CANCELLED,MOTORCYCLE,94
9ee44b2f-a879-44ac-9603-47d59585757e,2026-05-01T10:09:04.525944,Melo,Pastor,12.17,DELAYED,TRUCK,5
3a90e1ce-4901-4a9d-97dd-9cb134942dc3,2026-05-01T00:11:43.863025,Aragão de Goiás,da Paz de da Mota,60.18,CANCELLED,MOTORCYCLE,24
bfbe70bf-5a20-4e53-943b-5962c0cd5f20,2026-05-01T09:26:40.550339,Cassiano das Pedras,Casa Grande,98.02,IN_TRANSIT,TRUCK,48
223cc6ac-bad1-43a5-9ba2-99c56f49ad5b,2026-05-01T06:26:51.091244,Carvalho da Mata,Barbosa,35.49,CANCELLED,MOTORCYCLE,0
cc6d5cf7-df5f-4dad-b42b-bf13a6aa2411,2026-05-01T05:50:15.841608,Marques dos Dourados,Guerra do Amparo,47.69,DELIVERED,VAN,120
f6f5b758-5873-47fa-8059-b3c39149c981,2026-05-01T11:42:34.890836,Ribeiro do Sul,Costa,96.21,IN_TRANSIT,VAN,87
a7f39a9d-1b45-4331-ab2d-fdcafd223069,2026-05-01T05:03:28.695563,Rios de Correia,Vasconcelos da Praia,96.11,IN_TRANSIT,VAN,5
f9ec3e2e-d313-47a5-90d6-675ec00d56af,2026-05-01T12:45:17.464919,Andrade,Cavalcante,87.74,CANCELLED,TRUCK,83
0f8771b4-7a7f-4da0-8df8-345afe16a557,2026-05-01T11:13:32.761220,Nascimento,da Mota,60.83,CANCELLED,VAN,114
85e607a9-17b8-43f3-88f2-7b211cab1bf7,2026-05-01T04:36:00.316554,Fernandes,Castro,81.5,CANCELLED,AIRPLANE,23
1e0f1220-3dc4-447b-bd99-c2dcdef783f6,2026-05-01T10:10:55.784620,Câmara de Barros,Freitas de Fogaça,94.42,IN_TRANSIT,VAN,0
5d9b8697-39cb-4420-b100-8adeec25553f,2026-05-01T07:38:02.800677,Vargas da Praia,Cavalcante de Goiás,82.46,DELAYED,AIRPLANE,19
2b92a412-9d4e-47c2-9956-2601fb2842ff,2026-05-01T08:16:10.366083,Ribeiro de da Rocha,Araújo da Prata,18.5,DELAYED,AIRPLANE,57
e6236867-54ea-4181-a615-177ac1291a56,2026-05-01T09:18:33.490737,Brito,Rios,54.13,DELIVERED,MOTORCYCLE,50
f65800ca-32ba-4be4-9d4e-cb78102e404d,2026-05-01T00:01:09.520383,Novaes,Farias,48.69,DELAYED,MOTORCYCLE,43
12e1b55c-f3f3-401a-8256-0b606181c05a,2026-05-01T10:05:11.837619,Cirino,Dias da Praia,58.71,CANCELLED,AIRPLANE,45
7b88e78a-512e-47c7-8dc3-bda2a3fc8353,2026-05-01T09:34:27.986271,Porto de Jesus,Ribeiro,51.68,IN_TRANSIT,AIRPLANE,86
d3b9fa32-f5a1-4a3c-b3b4-bc4797297293,2026-05-01T04:08:33.726097,Cavalcanti,Souza,29.13,DELAYED,MOTORCYCLE,96
4a428db2-32f9-4b33-913a-9dc85355584a,2026-05-01T11:59:36.100258,Aragão Verde,Gomes da Mata,37.11,CANCELLED,MOTORCYCLE,35
90ae0019-2c3d-47d2-913f-e7a680d121cc,2026-05-01T06:48:52.040109,Montenegro,Pacheco,91.65,DELAYED,VAN,32
1ef98707-4b5a-4fff-92f1-84ffddff5b58,2026-05-01T07:57:28.630864,Fogaça,Sampaio,56.71,DELIVERED,VAN,92
8732530c-7788-475e-9666-1b9692f3979d,2026-05-01T04:02:10.559641,Rezende,Sousa da Praia,69.51,DELAYED,MOTORCYCLE,23
53044680-4e8c-43a1-a1bf-e7f6b2a5641c,2026-05-01T01:36:34.542540,Cavalcante,Novais,96.57,IN_TRANSIT,AIRPLANE,117
8a5db20e-3b7e-4791-8630-918552549b1d,2026-05-01T08:13:53.651262,da Rosa do Oeste,Nogueira,79.29,DELAYED,TRUCK,54
a40848e0-ad4a-4389-a758-01a87f714457,2026-05-01T08:10:23.934905,Dias Verde,Rocha,19.38,IN_TRANSIT,TRUCK,94
89c337eb-0dfa-4af9-8a1a-e1e25907d2fa,2026-05-01T12:13:53.828214,Mendonça,Pereira de Lopes,31.48,DELAYED,MOTORCYCLE,106
c3c4fb85-a837-4049-a891-aa3097350c35,2026-05-01T00:53:38.351534,Jesus,Câmara Verde,65.34,CANCELLED,MOTORCYCLE,102
447b7fcb-428b-4e26-a4ff-164ac03b1433,2026-05-01T06:46:22.017445,Borges,Cassiano,55.92,DELIVERED,MOTORCYCLE,79
25c718ac-420a-49f9-a84c-1c2f66de4a27,2026-05-01T08:33:28.073196,Marques do Amparo,Pastor de Vieira,15.59,DELIVERED,TRUCK,35
5d1758b0-d49e-40fc-95a2-b46c1bab656d,2026-05-01T06:11:10.815003,Correia,Cassiano do Campo,72.87,IN_TRANSIT,AIRPLANE,39
fad61287-9424-414a-916e-def56054c89e,2026-05-01T01:19:11.008121,Vargas do Norte,Machado,36.37,IN_TRANSIT,VAN,73
b5024178-6c39-4a6f-9442-6b4794ea3d21,2026-05-01T05:35:51.528679,Machado da Serra,Pastor Alegre,79.27,DELAYED,TRUCK,52
9e220879-1f3c-4279-af40-6ad642a55c4c,2026-05-01T07:10:39.751164,Nogueira de Goiás,Cirino de Costa,44.57,DELAYED,MOTORCYCLE,107
5576f237-ecec-4761-9ff8-3630fb314169,2026-05-01T10:00:52.738135,Novaes de Cunha,Aragão,86.18,DELIVERED,AIRPLANE,42
00ac09ef-b1ba-470f-9d6c-0f5a3b132673,2026-05-01T00:20:56.260628,Carvalho,Pimenta Alegre,94.77,DELIVERED,MOTORCYCLE,26
89295ab6-f520-4408-b4a2-c17af7d74e01,2026-05-01T05:02:41.129384,Fernandes,Brito,52.26,IN_TRANSIT,AIRPLANE,87
4fb35bf1-290c-4755-990f-15fd5d3606f0,2026-05-01T08:43:07.755348,Fernandes,Macedo da Mata,10.61,CANCELLED,MOTORCYCLE,95
a6b11df4-724b-4ab6-b2a4-c296cf17ab48,2026-05-01T05:51:25.123617,Santos da Prata,Lima do Galho,6.9,DELIVERED,AIRPLANE,62
f7fb0d36-1cc3-40ae-a432-bbe155d84b48,2026-05-01T06:55:05.695628,Machado,Caldeira Alegre,29.53,DELIVERED,TRUCK,110
52fce6bf-b27f-4472-9aac-219beb582ce2,2026-05-01T11:08:33.721359,Mendonça,da Cruz,57.9,DELAYED,MOTORCYCLE,79
ae4a7845-70fd-449c-b49a-ac8a21e7f58b,2026-05-01T02:51:10.507280,Nogueira,Cavalcanti de Melo,82.83,DELAYED,MOTORCYCLE,94
333586c0-6d82-47f5-88c4-ee88f4d7dfa9,2026-05-01T04:32:24.443972,Nascimento,Cardoso,47.75,IN_TRANSIT,MOTORCYCLE,90
7af8c397-37bb-49ce-932e-a1a43437d51b,2026-05-01T09:40:13.475256,Andrade dos Dourados,das Neves Paulista,19.45,IN_TRANSIT,MOTORCYCLE,98
a099bfc9-390a-4861-82ab-22f1ee8b2d6a,2026-05-01T00:55:34.950429,Ramos,Ramos,70.21,DELAYED,MOTORCYCLE,49
0e639c6c-b61d-4fed-b53f-e6a0edea7d03,2026-05-01T11:34:23.889074,Fernandes,Vieira,43.54,CANCELLED,TRUCK,108
d3f9357b-6940-40cf-b141-7b5abbfe2146,2026-05-01T02:13:11.139424,Souza,Barbosa de Minas,73.69,DELIVERED,VAN,3
6650d42b-050f-4079-aaed-fd8adc967bc4,2026-05-01T09:31:05.680370,Carvalho de da Luz,Siqueira de Jesus,78.9,DELAYED,AIRPLANE,79
60630ccd-4729-42f6-80f1-f5cedec73242,2026-05-01T02:26:17.386602,da Mata,Cassiano do Oeste,95.3,IN_TRANSIT,AIRPLANE,83
9544041e-5d22-4bff-8144-9a9b5744abc3,2026-05-01T08:07:30.500192,Barros da Serra,Macedo Alegre,99.75,IN_TRANSIT,TRUCK,76
3f75a001-36a7-4305-ad9f-4e7c063e5e59,2026-05-01T11:32:08.808989,Pires,Pimenta das Flores,57.38,DELIVERED,MOTORCYCLE,92
d3fe569a-a054-490f-b070-0bd763171fd5,2026-05-01T07:32:04.094454,Rios Verde,Sá,80.45,DELIVERED,VAN,66
b8dd7668-9b71-4008-838f-43e833ab98e6,2026-05-01T11:00:32.656876,Fonseca Grande,Camargo Grande,23.21,IN_TRANSIT,VAN,45
bf82f670-3c78-4055-9a1e-f8f341dd99fd,2026-05-01T00:13:44.934739,Albuquerque de das Neves,Lima,99.84,CANCELLED,MOTORCYCLE,71
767e5795-2c6d-4104-911b-c8d0fe79f6bb,2026-05-01T11:58:50.178861,Vargas de Ferreira,Macedo de da Paz,38.63,IN_TRANSIT,AIRPLANE,46
aedd8175-21c1-4f2b-881f-81a611062762,2026-05-01T12:39:39.221982,Martins do Sul,Fonseca da Prata,94.61,DELAYED,TRUCK,108
161ba58e-15d5-46b1-aff2-bf112a6b5432,2026-05-01T05:21:22.178210,Cunha de Marques,Caldeira,21.39,DELAYED,VAN,75
6d4f5ef6-f049-4e61-82c0-36a5006202b5,2026-05-01T11:12:39.106783,Teixeira,da Rosa,84.98,IN_TRANSIT,TRUCK,101
a662087f-e34e-4c5c-a90a-e2ae1295fbfa,2026-05-01T05:11:58.595721,Sampaio,Novais,35.67,DELIVERED,MOTORCYCLE,88
65725427-5924-4a5f-ab58-fbd41d953a33,2026-05-01T12:26:25.871590,Moura,da Cruz,85.88,IN_TRANSIT,TRUCK,74
11813fce-ec31-415f-a599-3cacd57fa608,2026-05-01T08:43:54.840663,Mendonça Paulista,Costela das Flores,99.52,DELAYED,VAN,97
60475638-0492-4287-9a89-934d9977014c,2026-05-01T05:56:26.515765,Barros do Norte,Siqueira da Mata,75.29,DELAYED,MOTORCYCLE,71
870ae42a-6b00-4047-91d5-d5ed996acf10,2026-05-01T10:26:02.694786,Pires das Flores,Andrade Alegre,79.23,CANCELLED,AIRPLANE,101
1862dbd6-34c2-4d85-b67c-cd03c0821336,2026-05-01T05:36:19.920255,Guerra de Novais,Brito Alegre,46.99,CANCELLED,VAN,63
415ec725-91f1-4b0a-9697-3741db4025a0,2026-05-01T02:41:35.197197,Novais,da Luz do Sul,47.77,DELAYED,TRUCK,58
4d397644-0ff8-4abe-949c-f7a9574fd535,2026-05-01T10:19:18.674910,Porto Paulista,Teixeira,91.66,CANCELLED,TRUCK,69
c5004bb0-6b2a-4b9e-b99c-a1a24f4f425f,2026-05-01T11:04:31.690691,Moraes,Machado da Mata,36.1,DELIVERED,VAN,53
b3a20ffd-ed0f-4d8f-b706-a7ec5694a34d,2026-05-01T06:46:48.458249,Brito de Goiás,Martins da Prata,14.57,DELAYED,AIRPLANE,76
f46ef721-ed68-4fef-bbe3-7c56d0002a5e,2026-05-01T08:41:39.576190,Farias,Andrade de Goiás,90.88,CANCELLED,AIRPLANE,46
e6b77ead-692b-4ce6-adfb-0eb7acbe1a1a,2026-05-01T10:43:18.463983,Costa,Carvalho,29.96,IN_TRANSIT,MOTORCYCLE,14
50fc3b1f-1ed3-4c5f-8929-3f84bc0719f9,2026-05-01T00:05:53.610312,Farias,Pereira Paulista,42.96,CANCELLED,VAN,55
c8f0827d-811a-4bc1-acc2-9ceed652bb4e,2026-05-01T01:24:31.540223,da Mata,Farias do Norte,46.21,DELAYED,TRUCK,19
57b8f29c-adf4-41a3-84b5-44df10c8c679,2026-05-01T08:33:38.997841,Marques,Silveira de Pacheco,20.5,DELIVERED,AIRPLANE,115
74b5f745-9cb8-4365-9df9-2c7d0db637be,2026-05-01T02:31:07.311187,Correia do Oeste,Cavalcante de Minas,79.51,CANCELLED,MOTORCYCLE,12
3f28b27d-5c91-485f-ba68-909ff4ccf55c,2026-05-01T06:57:52.720555,Monteiro das Pedras,Martins,16.9,DELIVERED,MOTORCYCLE,7
9f36e1d7-782f-4605-b295-55b9cd750f11,2026-05-01T10:41:51.338082,Cassiano,Campos,41.24,DELIVERED,AIRPLANE,8
65ea4795-aaf5-4468-99a6-3fcdf4a751ff,2026-05-01T04:43:10.619647,Abreu do Amparo,Pimenta,0.45,DELAYED,AIRPLANE,87
9aced2bf-ad26-4061-afc2-6af994475e2f,2026-05-01T03:37:15.242853,Dias,da Rocha,54.47,IN_TRANSIT,TRUCK,96
5a2065ef-f48e-4aac-bb5b-8b41a2c4e598,2026-05-01T03:52:59.565349,Alves,Brito de Goiás,48.4,DELIVERED,TRUCK,46
3edcef3b-e215-466c-8e2b-b847b5b56eb2,2026-05-01T05:42:12.530913,Sousa do Galho,Sousa de Pimenta,77.75,DELAYED,VAN,33
bc5709b9-310a-4b45-85f6-a8e48a3a9306,2026-05-01T07:31:00.187047,Porto,Ferreira de Duarte,84.22,DELAYED,MOTORCYCLE,63
7f1519d7-7429-41f0-82e6-014c6221a1f3,2026-05-01T02:36:44.508344,Alves,Câmara,35.23,IN_TRANSIT,VAN,7
f27a8b62-98c6-494f-9ab5-1810745d3bfc,2026-05-01T05:33:20.072913,Vargas de Souza,da Luz da Serra,77.97,CANCELLED,TRUCK,97
376b37cf-550d-4359-95ce-75f870bc3701,2026-05-01T07:46:53.256228,Andrade,Jesus de Ramos,74.13,CANCELLED,VAN,34
321fcc39-699b-4d72-a9dc-1a8f73b1628e,2026-05-01T06:31:31.646330,Alves de Goiás,Barbosa,40.61,DELAYED,TRUCK,71
4083c0eb-0e9c-439d-9178-8c1a77cb8c27,2026-05-01T05:36:27.526946,Alves,da Cunha,4.4,IN_TRANSIT,VAN,13
2422b857-1983-4e58-a5f0-9d80ffd82e1e,2026-05-01T09:10:57.065197,Costela,Lopes,76.64,IN_TRANSIT,VAN,71
6b3fd050-f9ee-4b93-b07b-eb5ada7d405c,2026-05-01T01:45:53.841134,Castro Alegre,da Costa de Peixoto,81.0,DELIVERED,MOTORCYCLE,29
dee76847-1aeb-44a4-80c8-a745abac526d,2026-05-01T11:30:53.346596,Barros das Flores,Nascimento de Leão,83.45,CANCELLED,VAN,73
1b9a069d-a815-4c10-9bdb-81c09a299c54,2026-05-01T09:14:30.888493,Ferreira da Mata,da Luz,62.4,DELIVERED,VAN,28
4b9fda6a-b3dc-4313-bdd8-1433b75c51e6,2026-05-01T09:17:06.440335,Silva de da Conceição,Melo da Serra,56.59,IN_TRANSIT,AIRPLANE,65
f63c529c-0255-403a-9732-9416adca3b35,2026-05-01T07:13:40.227275,Carvalho da Serra,Pacheco,65.27,DELAYED,TRUCK,0
8ce83720-6e59-4d9c-9d3b-e1fcbfd6d74c,2026-05-01T01:23:17.804836,Castro da Mata,da Rosa Grande,45.22,DELAYED,MOTORCYCLE,6
bf04d48e-0d2d-4d6b-af7c-1f2a1d86b263,2026-05-01T10:10:10.264717,Macedo,Rocha do Norte,76.87,DELIVERED,AIRPLANE,118
7a159837-aa97-40bd-81bb-31ad4e4a5b43,2026-05-01T04:34:57.359431,Fernandes da Serra,Gomes do Oeste,75.01,DELIVERED,AIRPLANE,108
bc9fc7d5-756c-439f-b3a7-6090269481f3,2026-05-01T06:01:38.119657,Sá,Silva das Pedras,5.65,IN_TRANSIT,MOTORCYCLE,105
917fb30f-76b6-4108-8f31-1e0343d2d810,2026-05-01T06:07:47.548407,Farias,Gonçalves das Pedras,73.22,DELIVERED,TRUCK,92
87969b54-0dba-4db7-844b-dd822ceba0a2,2026-05-01T02:52:04.270376,Camargo Paulista,Santos das Flores,54.46,CANCELLED,VAN,0
faf4bc3a-2c68-4154-aaf7-f90fc9ccaea0,2026-05-01T12:57:43.563674,Moura,Sá,65.6,IN_TRANSIT,AIRPLANE,50
50fdd42a-2a69-4977-a998-9980107a4961,2026-05-01T12:13:09.392195,Andrade de Alves,Mendes,41.18,CANCELLED,TRUCK,64
cca7e1fc-839d-46e6-b851-f80dce698fb3,2026-05-01T12:22:06.200009,Rios de Casa Grande,Castro da Prata,69.12,DELAYED,VAN,102
e577a99e-dd4e-43aa-abdb-b4fb208d3508,2026-05-01T04:57:33.875831,Machado,das Neves,35.1,DELIVERED,MOTORCYCLE,59
887e0a3b-544a-4f89-bb54-eb9b81cf0679,2026-05-01T06:19:43.352591,Costa,Silveira,95.96,CANCELLED,TRUCK,106
61c0be55-b971-4945-98de-78b97ddc305b,2026-05-01T00:24:01.359832,Pacheco,Leão da Serra,84.47,CANCELLED,TRUCK,86
1665bc9a-4ae6-4ba8-b813-0d5ca10deb5a,2026-05-01T12:14:58.980369,Fogaça,Casa Grande das Pedras,62.41,DELIVERED,MOTORCYCLE,112
93a10798-2163-4275-bbf0-1e137a8fe95b,2026-05-01T05:02:18.463466,Pacheco dos Dourados,Aragão de Minas,10.46,DELAYED,MOTORCYCLE,40
081ad4e2-05c8-4b40-8b8b-62b64f257be6,2026-05-01T01:11:00.783809,Monteiro,Pimenta de da Rosa,0.67,IN_TRANSIT,TRUCK,50
91cccf79-0ce2-4fc5-a9f1-8be72107400c,2026-05-01T08:25:07.653565,Pereira de Pereira,Nunes,82.39,DELAYED,TRUCK,41
db57dd41-081f-454c-b23e-fe2f9229d632,2026-05-01T10:08:46.997213,Câmara,Guerra de Vieira,60.31,DELAYED,AIRPLANE,26
8f4f0000-374b-4a9e-bd3f-9092018a0eae,2026-05-01T01:36:14.293552,Viana,Nascimento dos Dourados,23.6,DELAYED,AIRPLANE,66
cb35de9e-41b4-40df-a785-c6bcd8701793,2026-05-01T11:17:49.785748,Cavalcante,Cavalcante do Sul,56.62,CANCELLED,TRUCK,16
b037bd29-419c-4de6-b2fb-db6dacb4d8b5,2026-05-01T04:25:21.171801,Garcia Alegre,Sampaio da Serra,14.18,DELIVERED,AIRPLANE,97
0a400405-2ffb-4733-acc9-05ace642b5f5,2026-05-01T03:41:02.024452,da Rosa do Galho,Oliveira do Amparo,79.64,CANCELLED,VAN,94
b7d6b9f5-58d5-44eb-957f-1022b4443629,2026-05-01T04:56:39.563745,Barbosa,Cunha das Flores,45.48,DELAYED,TRUCK,109
1f66e320-9788-4223-bbf7-9f89a3b48904,2026-05-01T01:26:39.428999,Pinto,Pinto,24.02,CANCELLED,AIRPLANE,48
f34a38ce-1e2b-41c4-a2ad-827a6feff640,2026-05-01T07:47:11.089097,Lopes,Martins de Sousa,22.28,IN_TRANSIT,AIRPLANE,53
faa48114-70f6-451e-8023-3de858f642ae,2026-05-01T00:45:12.728130,Mendonça Paulista,Silva,45.05,IN_TRANSIT,VAN,75
a324e93d-94e7-473d-bda7-c619278afdfd,2026-05-01T11:27:03.711874,Mendes,da Paz de Albuquerque,26.57,DELAYED,TRUCK,20
f7d02733-32bc-4b50-a75f-8eaceb14e69f,2026-05-01T08:52:57.458077,Barbosa,Fogaça dos Dourados,31.5,CANCELLED,AIRPLANE,13
86bf6b85-6a57-4b76-88e9-386d9e42c4df,2026-05-01T03:10:31.017718,Jesus das Pedras,Souza das Flores,66.78,IN_TRANSIT,TRUCK,63
27502779-61c3-4183-8ac5-f5ccdb65bbe9,2026-05-01T05:33:58.694938,Macedo,Lima,29.03,IN_TRANSIT,TRUCK,71
282037ab-d2c9-4cab-9f14-55cd10c15c3d,2026-05-01T09:25:21.125765,Nunes,Guerra,61.02,CANCELLED,VAN,50
cfc41be7-0dc6-4b80-b055-e00ae0a24136,2026-05-01T11:31:10.256038,Lima de Silveira,Monteiro do Amparo,61.96,IN_TRANSIT,VAN,32
9c10596e-0dc6-4123-a74e-3fde7d4952e7,2026-05-01T02:41:32.230680,Almeida de Silveira,Castro,81.54,IN_TRANSIT,MOTORCYCLE,104
7b0def9a-59ba-4256-8830-e7010e45ec67,2026-05-01T00:14:10.377898,Nascimento,Pimenta,78.77,DELIVERED,TRUCK,76
20c44d28-3f00-46ee-8924-a1ca530c6b55,2026-05-01T03:08:16.152466,Macedo de Pastor,Azevedo das Flores,11.36,DELAYED,TRUCK,76
0687b256-fc53-4846-adbf-1c2abf4ee332,2026-05-01T09:19:50.430177,da Rosa,Oliveira,4.58,DELAYED,TRUCK,117
cec5f78b-b24f-4344-9455-ab5ffa5838e0,2026-05-01T04:38:54.045679,Rodrigues de Almeida,Mendes Verde,81.5,IN_TRANSIT,MOTORCYCLE,33
8ebd7cb0-1765-48a0-a452-fca3db13384e,2026-05-01T12:53:38.795350,da Cruz Grande,Cunha,53.26,IN_TRANSIT,AIRPLANE,16
118c62ca-81a5-4cf6-833b-4fa24767cd22,2026-05-01T00:01:46.029738,Moraes da Praia,da Conceição,14.6,DELIVERED,TRUCK,43
eefdcc38-f768-4fe9-b3be-cf48d7cd05a0,2026-05-01T08:06:00.409417,Moreira,da Cunha do Oeste,50.01,CANCELLED,VAN,101
1342f77b-98a0-468b-b82e-c7af32a72175,2026-05-01T10:40:47.519583,da Rocha da Praia,Andrade,96.77,DELIVERED,VAN,101
a6d92404-e323-4490-a60b-093abca1f0a5,2026-05-01T02:59:36.935864,Freitas das Pedras,das Neves,81.16,IN_TRANSIT,MOTORCYCLE,59
0edf1b01-63e4-4a2f-94e4-259864fda318,2026-05-01T09:16:57.711910,Barbosa,Castro Verde,60.31,DELAYED,TRUCK,42
824b7ddd-ab88-4954-ae23-68976c8da785,2026-05-01T12:57:35.423275,Machado da Prata,Rocha do Amparo,9.85,CANCELLED,VAN,85
54fa7360-40f4-4399-ba7b-d13660a98dd7,2026-05-01T10:44:52.021118,Souza do Campo,Almeida da Praia,95.86,CANCELLED,MOTORCYCLE,47
35621279-af80-4d5e-9aa8-cbef1ff59e10,2026-05-01T05:55:34.533471,Alves da Praia,Viana,12.32,CANCELLED,TRUCK,64
d6a05e86-16ad-41a6-a61d-350a9b8fd8ca,2026-05-01T01:03:35.311363,Teixeira,Nogueira de Novais,62.17,DELIVERED,MOTORCYCLE,108
beb49df4-d58d-4bf0-a1cd-a54b21d0e0bd,2026-05-01T12:38:46.309190,Siqueira de Cavalcante,Casa Grande Paulista,34.57,DELIVERED,MOTORCYCLE,90
17c6f981-f4d1-4561-ae32-77190f95a1e7,2026-05-01T10:20:16.292528,Nascimento,Cassiano do Norte,50.6,DELIVERED,VAN,120
bf9813a7-a307-42f4-afc7-f7bbbab3c3b6,2026-05-01T06:33:41.019784,da Mota,Lopes do Oeste,59.58,DELAYED,TRUCK,90
12609fd5-47cf-45f4-88a6-8251afc36d9a,2026-05-01T05:45:02.292704,Fernandes Alegre,Lopes do Galho,51.11,CANCELLED,TRUCK,113
9c6b8765-4170-4864-937e-428902cf53ba,2026-05-01T04:03:12.303676,Cavalcante da Prata,Fernandes,85.12,DELIVERED,TRUCK,53
e695e35c-65a1-4505-8970-328663af452f,2026-05-01T12:12:29.479075,Duarte da Mata,Camargo,42.15,DELIVERED,MOTORCYCLE,11
89406ba7-6e61-4ecc-a999-996d454d1001,2026-05-01T09:07:56.320744,Duarte,Sousa de Cassiano,33.64,IN_TRANSIT,VAN,28
23d91948-d05f-4fff-a434-84cb7e9e930b,2026-05-01T11:23:31.575013,da Cunha das Pedras,Barros,68.64,IN_TRANSIT,VAN,16
0226cb63-7196-42d6-a3b5-1fa78a6f5f56,2026-05-01T00:33:31.955091,da Mata,Costela,77.81,CANCELLED,AIRPLANE,54
f170ec77-fcc2-4e37-8338-d2376e5e63a7,2026-05-01T08:20:25.155973,Pires,Casa Grande,93.14,DELAYED,MOTORCYCLE,44
026a3a81-6576-4463-aca9-315cdc52ab50,2026-05-01T01:21:15.581660,da Rosa do Oeste,Sousa da Mata,78.33,DELIVERED,VAN,87
66295abe-26de-4941-893d-3ff1312b042b,2026-05-01T00:53:18.870731,Barbosa da Praia,Lopes Alegre,24.23,DELIVERED,VAN,74
b1d18c83-16c7-4ed6-988c-f1b3ef44e026,2026-05-01T00:14:08.886387,Correia de Ramos,Barbosa do Oeste,79.07,IN_TRANSIT,AIRPLANE,113
bd4922b1-fe2a-44d5-a204-26980bdbb6d3,2026-05-01T05:22:28.625294,Nunes,da Cruz Grande,67.67,DELIVERED,AIRPLANE,98
c078143f-030f-4cdc-8ae7-18d3d511467e,2026-05-01T07:58:21.978762,Moreira,Jesus,5.68,DELAYED,AIRPLANE,48
678993c0-28e0-41b4-a7db-97bd23437e33,2026-05-01T07:41:47.863207,Guerra das Flores,da Cruz,50.11,IN_TRANSIT,MOTORCYCLE,106
fd67fbde-f856-4b5f-8d31-d6d8967812a6,2026-05-01T09:15:55.452524,Pinto de Ramos,Melo,49.35,DELIVERED,TRUCK,15
80935124-0621-4a1c-89e0-b850de41edd6,2026-05-01T11:52:11.869157,Teixeira dos Dourados,da Paz,65.98,DELIVERED,VAN,41
253f76b9-6618-4c2c-8bfe-d2b4e79b8c40,2026-05-01T05:12:59.287965,Rios,Nogueira Grande,28.71,CANCELLED,VAN,109
1b283184-0203-4747-8870-1c39146fc4b1,2026-05-01T09:02:54.166801,Oliveira da Mata,Freitas,65.27,CANCELLED,TRUCK,0
7ac60966-e179-426a-9287-786a71ba5d71,2026-05-01T04:03:31.386620,Ramos da Praia,Gonçalves,40.88,IN_TRANSIT,TRUCK,97
f73a5c37-807b-4a1b-b6d2-099a21a94a7a,2026-05-01T06:01:19.457238,Leão de Minas,Duarte,76.8,CANCELLED,AIRPLANE,104
4068b7d9-d153-49ee-b9b9-7ba5761c2349,2026-05-01T02:20:39.649230,Sousa,Nunes,58.55,DELAYED,VAN,102
0e75654e-99a3-471d-a99d-c2d8cb99854d,2026-05-01T10:06:45.326876,Santos da Serra,Rodrigues,92.84,CANCELLED,VAN,109
75b15615-f492-4ee7-bbfb-70e4cc6b692c,2026-05-01T12:35:34.589925,Almeida de Minas,Pires,96.4,DELIVERED,TRUCK,107
b67da212-7dfe-45aa-aa11-ab22b6e5dfa9,2026-05-01T01:44:46.211684,da Cunha da Praia,Vasconcelos,87.07,CANCELLED,TRUCK,91
c87ac8c5-0cbe-409a-97f9-2baf91526465,2026-05-01T04:50:46.930248,Caldeira do Galho,Moura do Galho,65.65,IN_TRANSIT,MOTORCYCLE,76
79381ee0-b1c1-4d1a-89d8-345db899e5d8,2026-05-01T06:24:15.199309,Rocha de Minas,Alves de Abreu,67.77,DELIVERED,AIRPLANE,0
ad12f95d-0214-4702-b059-533b0e6299bc,2026-05-01T05:32:57.489461,Barros Verde,Monteiro de Cirino,66.29,CANCELLED,VAN,42
5476981e-37ce-4917-ad7c-cd9471b342e4,2026-05-01T12:12:10.758825,Sales,Vieira Paulista,65.1,DELAYED,MOTORCYCLE,111
42f4d28b-f061-437d-b52e-e42ad2ef2f77,2026-05-01T07:32:13.717960,Sousa dos Dourados,Oliveira,4.97,DELIVERED,MOTORCYCLE,87
0b0bfb9b-c51f-4031-b095-9e204036a38b,2026-05-01T03:29:50.781990,Garcia do Sul,Pires,31.4,CANCELLED,VAN,70
714e15a4-10ba-441c-abf2-5ba7df77d5bf,2026-05-01T11:46:09.147661,Costela de Minas,Carvalho das Pedras,66.06,DELAYED,VAN,35
4187c6ce-e7f7-4b51-ba57-8a350903471e,2026-05-01T02:15:14.526645,Alves,Cavalcante,63.55,CANCELLED,AIRPLANE,111
7873d146-12d8-4458-ad87-9d9e5752b81d,2026-05-01T05:34:16.580884,Abreu,Cardoso,73.72,IN_TRANSIT,TRUCK,36
40dbfff8-c72f-4ecf-9188-d59294166a9b,2026-05-01T07:17:46.056240,Viana,Almeida Grande,78.13,IN_TRANSIT,MOTORCYCLE,11
7d254e4e-a73c-4d52-bd48-d7ae3c9c4ffb,2026-05-01T02:23:29.081432,Machado,Pires de Minas,2.76,CANCELLED,MOTORCYCLE,24
9b3d8b38-11a1-4b8f-b37a-796eed747e13,2026-05-01T04:39:09.422502,Cardoso,Novaes,83.07,IN_TRANSIT,MOTORCYCLE,82
88f60ed9-046b-431f-bb9c-b14a13f6b415,2026-05-01T08:25:55.065751,Oliveira,Pereira,60.25,DELIVERED,VAN,27
a4199bc8-384d-46e7-9a8b-536553dfb48a,2026-05-01T10:53:35.466547,Costela Alegre,Nunes das Pedras,55.5,IN_TRANSIT,VAN,26
b5e664de-4ee6-47fa-bfcb-c9ee0bae08ba,2026-05-01T07:25:34.722449,Teixeira de Minas,Cavalcante,88.63,DELIVERED,TRUCK,75
83041f28-a6a3-407c-a67f-77f876bfc317,2026-05-01T09:15:51.890938,Gomes,Garcia,25.44,DELIVERED,VAN,10
52a78e5e-4b31-4870-be0f-7cf143f91565,2026-05-01T02:57:35.290518,Ramos,Farias,49.65,IN_TRANSIT,VAN,107
8eddb20f-a789-4a99-9cd6-53b154bef67f,2026-05-01T03:45:00.460904,Farias,Fogaça,28.57,CANCELLED,TRUCK,23
3cfaf7ca-19d1-4ec6-95ac-dc643ff484ed,2026-05-01T06:25:06.044717,Rios,da Luz do Amparo,98.24,DELIVERED,VAN,68
01fccf65-9caf-4a54-9e7a-23be41ec3613,2026-05-01T00:04:57.036691,Guerra da Prata,Pimenta,20.0,IN_TRANSIT,AIRPLANE,98
d91370f4-d2d2-4d7a-a3dc-3e6b04140418,2026-05-01T01:46:33.290656,Moura,Azevedo de Araújo,40.97,DELAYED,AIRPLANE,112
aa646da1-fbce-43bf-85aa-8a5e686668ad,2026-05-01T05:33:59.024815,Araújo do Norte,Nascimento,28.64,CANCELLED,VAN,112
452484aa-ae69-4f82-8030-692f9ffa35d8,2026-05-01T06:14:00.246255,da Cunha,Moreira,75.49,CANCELLED,TRUCK,60
a48ef71a-a58d-44b7-a39b-9a7c2a4b058a,2026-05-01T01:47:29.488742,Fonseca,Jesus Grande,0.4,IN_TRANSIT,MOTORCYCLE,28
790deaad-66a3-47bc-9b6c-126253f7b3ad,2026-05-01T02:27:35.454322,Almeida da Prata,Rios de Fogaça,4.82,IN_TRANSIT,TRUCK,105
809aaa11-3c21-44c4-9362-5a7a007b0ca5,2026-05-01T11:16:15.292726,Oliveira Alegre,Fernandes,73.51,DELAYED,AIRPLANE,108
8564b208-1c15-4d71-a7f8-8c6cccc07b43,2026-05-01T05:45:59.163287,Cirino dos Dourados,Cassiano dos Dourados,32.18,IN_TRANSIT,AIRPLANE,25
137124c9-9726-4cb9-8a28-8ea04a6fa8ef,2026-05-01T08:50:14.928755,Cavalcanti,Fogaça,36.95,DELIVERED,MOTORCYCLE,2
c7081bdf-c523-4ff2-9047-2cdb64be3e1a,2026-05-01T08:10:35.814348,Souza dos Dourados,Alves da Praia,52.0,DELIVERED,VAN,27
c77c99e2-26db-4511-bf12-416703bf8a5a,2026-05-01T10:59:04.639103,Mendes,Cavalcanti de Pereira,95.12,CANCELLED,AIRPLANE,88
72f63aa9-04f6-4679-8bc8-6a69cd04ad42,2026-05-01T06:43:30.556762,Nascimento Alegre,Ribeiro,47.64,DELIVERED,TRUCK,68
41325cb9-5c7a-4553-a57d-6e012f48335a,2026-05-01T04:42:23.264726,Aragão do Oeste,Macedo Verde,89.26,DELIVERED,AIRPLANE,118
b3f4cd94-d74b-444e-a4c3-aed84fb5bcb1,2026-05-01T02:46:20.837535,Mendonça da Serra,Peixoto do Campo,11.85,DELIVERED,VAN,49
b2f14320-e06c-4646-a9d5-9e724fbe4537,2026-05-01T07:38:08.765060,Pimenta,Cavalcanti,25.28,CANCELLED,AIRPLANE,91
9af45311-a2b2-40e5-92d1-7869293b4160,2026-05-01T06:37:00.702929,Costa da Prata,Duarte,79.55,IN_TRANSIT,AIRPLANE,75
ebd4aaf1-e310-4736-a2a9-93c0dc3655ec,2026-05-01T04:47:37.428011,Marques,Vasconcelos,49.84,CANCELLED,TRUCK,72
d3ff3579-3f8b-4ad8-9a62-0a0147dac176,2026-05-01T11:15:23.803621,Novaes,Borges do Amparo,70.04,DELAYED,MOTORCYCLE,109
61d4f55a-d645-470b-80cf-8a3244fcc75b,2026-05-01T10:26:17.361485,da Luz,Moreira,25.13,DELIVERED,AIRPLANE,109
3f2606a9-13b5-4a14-b78e-4f4041e59d4c,2026-05-01T11:30:27.857449,Sousa Alegre,Sales,80.4,DELAYED,MOTORCYCLE,50
2cb30f10-622a-432d-a590-ce3b2ed7ba82,2026-05-01T12:15:59.979872,Cassiano,Fernandes,47.79,DELIVERED,MOTORCYCLE,106
0099d155-9e0a-41af-b037-a945d5872554,2026-05-01T08:18:51.283124,Azevedo da Mata,Garcia,34.35,DELIVERED,VAN,30
16116946-13db-41e1-94ba-32f1d01541e7,2026-05-01T12:46:12.664820,Moreira dos Dourados,Costela da Mata,16.97,DELAYED,MOTORCYCLE,117
4de6e9e1-394c-4504-b1d6-cb478d2a10be,2026-05-01T00:21:23.904824,Barbosa de Sousa,Sousa das Flores,77.96,IN_TRANSIT,TRUCK,92
e2687db4-99ec-4b25-825e-d9ee9d2a84c7,2026-05-01T10:52:49.155298,Abreu,Duarte de Montenegro,87.67,DELAYED,MOTORCYCLE,109
be7d4bb7-69b3-4053-9ed3-df1a38252863,2026-05-01T09:12:04.294143,Borges do Sul,da Cunha,85.52,DELIVERED,TRUCK,99
64ae97c6-2fb5-4111-b92c-809e990a874c,2026-05-01T08:10:15.787593,Abreu de Minas,Pacheco,15.1,IN_TRANSIT,TRUCK,92
379bbe64-25eb-43c9-b30a-f92c92bd14ca,2026-05-01T02:30:34.849691,Rocha,Gonçalves,30.09,IN_TRANSIT,TRUCK,98
62b2f312-767d-4ec7-abab-e248246e8154,2026-05-01T07:58:39.654811,Aparecida de Silveira,Silva,39.81,IN_TRANSIT,TRUCK,25
334435cd-f42c-45a2-af39-c036b865c6fa,2026-05-01T08:03:26.186846,Sá do Norte,Ramos,47.23,IN_TRANSIT,VAN,97
eafd340c-4eac-4c8d-b0fa-3811d78437ac,2026-05-01T10:37:03.400793,Nunes,Macedo do Campo,99.14,IN_TRANSIT,VAN,62
a82d9578-5c91-4a3a-8c9c-413b30091ee9,2026-05-01T01:13:36.053205,Silva da Mata,Pereira,84.14,CANCELLED,MOTORCYCLE,49
28934742-dcad-4b88-abe4-64a38c1a224b,2026-05-01T05:12:46.700994,Carvalho,Camargo,52.29,IN_TRANSIT,VAN,48
f40fb889-2d2e-4332-be58-5662684e1e2a,2026-05-01T07:08:07.737206,Martins,da Cunha,63.4,DELIVERED,AIRPLANE,24
89ee6ab9-88b9-4308-a1e0-b116f17c569d,2026-05-01T12:43:44.023438,Mendonça das Pedras,Moraes Grande,98.88,DELAYED,VAN,44
699c922b-2287-42c4-a937-5f8ab19f8e2d,2026-05-01T00:15:22.820182,Dias da Praia,Macedo do Norte,49.12,DELAYED,AIRPLANE,59
865b68e1-b395-4e4a-bd25-dee57976df43,2026-05-01T12:38:26.066457,da Cruz Alegre,Barbosa,36.61,DELIVERED,TRUCK,95
52d48663-45af-4e5e-aae1-b2c80273f9c2,2026-05-01T09:24:01.980674,Silva,Martins de Pereira,38.5,DELAYED,MOTORCYCLE,102
ef1ca4af-6747-425b-8077-5ea270d1cacb,2026-05-01T06:11:07.260087,Vargas de Aparecida,Caldeira Grande,20.56,CANCELLED,AIRPLANE,15
a43575e5-2466-4900-996e-c63909928d2e,2026-05-01T08:14:26.131428,Barbosa Verde,Monteiro,88.46,CANCELLED,TRUCK,52
17b9a7b4-04aa-43f3-8815-886ddb8b42a7,2026-05-01T12:41:30.681307,da Mata,Santos do Campo,10.15,CANCELLED,MOTORCYCLE,56
b7680bab-2f3b-4308-9bce-da44e3a1558e,2026-05-01T12:39:47.248370,Alves,Fonseca,61.56,DELAYED,AIRPLANE,111
15aa6502-5888-447c-b7d7-43698a9941e6,2026-05-01T06:05:22.462539,Barbosa,Abreu da Mata,28.27,DELIVERED,VAN,71
9daa24de-ea38-4263-b511-02d1fbd18772,2026-05-01T12:47:02.241348,Barros,Lopes do Campo,22.99,IN_TRANSIT,MOTORCYCLE,38
698baeb8-36c7-4350-b3f7-884bc2654dba,2026-05-01T05:36:20.477569,Carvalho,Garcia,44.39,CANCELLED,TRUCK,87
0520cea6-423f-4eb9-941e-eb7df93cf9a7,2026-05-01T07:33:05.646280,Câmara,Novais de Montenegro,6.36,DELIVERED,VAN,85
20f334d0-76dc-4cd6-a584-d1f8a5112b39,2026-05-01T06:38:54.105963,Cardoso da Mata,da Cunha,45.52,DELIVERED,VAN,34
dacbae61-4437-4a7f-ab0f-bf9ffb2d8d82,2026-05-01T04:17:13.708179,Peixoto de Borges,Gomes de Minas,99.25,DELAYED,TRUCK,89
28b4f3d1-2a7f-419f-aa5d-9aba8c1adcdf,2026-05-01T01:22:06.653562,Almeida,Cavalcanti Verde,11.38,DELIVERED,TRUCK,85
bb8b65e0-d924-416a-accb-72b182c96520,2026-05-01T10:15:34.058131,Monteiro,Costa,96.93,CANCELLED,MOTORCYCLE,15
95ba98d8-aea3-4996-a5ae-27d7fc39adf4,2026-05-01T07:59:32.363615,Dias,Fogaça da Mata,52.6,DELIVERED,MOTORCYCLE,47
be554f49-206a-4766-a151-7673acd668c9,2026-05-01T00:46:36.448476,da Paz dos Dourados,Silveira Alegre,95.05,DELAYED,MOTORCYCLE,48
d5ab3ce0-e723-42fd-b397-4a1dac1418c3,2026-05-01T11:50:28.982280,Aragão de Pires,Aragão do Sul,14.1,DELAYED,AIRPLANE,26
9e885308-1f9a-48ac-aa4f-a15dd5476f66,2026-05-01T01:24:42.552803,Leão,Camargo,46.78,DELAYED,TRUCK,38
fcc3a62d-e802-400c-a2c7-60d1d4cdefb3,2026-05-01T08:17:46.046777,Pereira de Cavalcante,Dias da Prata,2.54,DELAYED,TRUCK,16
2291189d-52ca-4a90-93ba-0649ccec7b38,2026-05-01T07:48:10.545174,da Paz de Farias,Sousa,43.13,DELAYED,TRUCK,56
c7449b90-f587-47e7-a433-cbc2ca129e85,2026-05-01T12:56:39.279674,Jesus,da Luz,10.44,DELIVERED,VAN,56
0282fa51-b45e-4b40-91df-7a37e1f3c118,2026-05-01T07:00:49.078346,Oliveira,Camargo dos Dourados,49.82,DELIVERED,MOTORCYCLE,9
320aa5f6-d9cb-4c1d-8c0f-ee0b5f4a3dd4,2026-05-01T06:22:34.448279,da Cunha,Rezende,44.12,CANCELLED,TRUCK,71
0ce53ef6-5507-48b9-aaef-ea9d4619b6c7,2026-05-01T04:25:10.144125,Novais Alegre,Mendes dos Dourados,49.98,IN_TRANSIT,VAN,44
11f526cf-ff55-4c9a-aa93-921dee6637ea,2026-05-01T00:12:15.177918,Teixeira,Ribeiro,61.8,DELIVERED,TRUCK,94
751ceabd-1a2f-4250-aab6-4a8059ad81e8,2026-05-01T09:28:06.347532,Rocha,Vargas Alegre,73.99,IN_TRANSIT,TRUCK,14
77dcfd67-a474-4ba7-b357-9fb1f23c26a4,2026-05-01T07:10:01.993769,Costela,Machado do Sul,39.77,DELIVERED,AIRPLANE,53
c1358253-a743-4f72-bd61-0d6988914380,2026-05-01T07:02:30.636641,Montenegro,Pinto do Sul,13.28,DELAYED,VAN,7
8af3e640-e0e8-422b-b6ce-966b3bb53fda,2026-05-01T07:11:02.357466,Cavalcante da Praia,Cunha,87.45,DELIVERED,VAN,64
41756b35-d0f5-4386-b1bd-87b0262abac8,2026-05-01T06:59:11.082373,da Mota da Serra,da Luz,40.57,DELAYED,MOTORCYCLE,38
2922eb64-2aac-43cd-a035-22c7c2b93562,2026-05-01T07:25:24.274799,Freitas do Oeste,da Rosa,96.98,DELAYED,VAN,107
899d7a59-0d91-412f-ba83-bfee62427b11,2026-05-01T00:01:25.076696,Moreira,Sales de Ferreira,92.89,DELIVERED,TRUCK,52
44ea0c4a-a9e6-44a8-9ef4-a42aad705d3d,2026-05-01T11:24:01.521945,Carvalho da Mata,Ferreira do Amparo,9.71,DELAYED,AIRPLANE,108
7b1b0f29-c003-4f71-b986-c32daea0c50a,2026-05-01T10:02:02.449652,Pastor,Santos,65.83,DELAYED,MOTORCYCLE,118
7e59aec4-87b1-49e1-a706-126153ff10dd,2026-05-01T09:09:55.176396,Leão,Guerra,3.44,IN_TRANSIT,AIRPLANE,43
246456ed-3a8c-43a8-a929-2d200452a8cf,2026-05-01T07:40:35.819113,Moura,Ribeiro,68.35,DELAYED,VAN,31
e849c3ac-9c15-40f9-aace-dab0a6dc2584,2026-05-01T02:18:43.583667,Garcia,Silveira de Fonseca,46.9,DELAYED,MOTORCYCLE,99
40a40d75-e0ab-4fd4-8b90-54767bf027ce,2026-05-01T02:31:57.202760,Siqueira Paulista,Guerra de Minas,11.03,DELAYED,MOTORCYCLE,21
29acf2d4-8f31-44c3-b97e-98c6b5972828,2026-05-01T10:05:42.612535,das Neves de Aparecida,Macedo,50.89,DELIVERED,VAN,43
899d1ac3-a36d-4889-8685-a5ad41abd73e,2026-05-01T06:12:58.210825,da Mata,Garcia,35.17,CANCELLED,TRUCK,50
f878eaf4-8c6d-4c7c-a7d6-ba34e6b70a66,2026-05-01T09:23:26.798038,Aparecida de Duarte,Borges,11.7,DELIVERED,AIRPLANE,76
d3601fec-ab24-4285-a865-39d4c21ebbda,2026-05-01T07:40:56.463048,Gomes,Martins Alegre,47.79,DELIVERED,MOTORCYCLE,93
12b21150-52b3-4b07-b909-534fa17641c9,2026-05-01T09:41:56.321186,Leão de Cavalcanti,Cavalcanti do Amparo,16.95,CANCELLED,AIRPLANE,84
747ad3ef-76dd-4866-84d1-058af054befc,2026-05-01T11:06:44.901487,Duarte,Sá da Praia,53.9,CANCELLED,VAN,72
850ccebf-55b1-41cb-8797-92503e97845a,2026-05-01T10:52:00.690800,Rocha,Farias,85.31,IN_TRANSIT,MOTORCYCLE,93
126cf97b-473c-4280-92ec-c0905d6cecbf,2026-05-01T10:14:45.562310,da Cruz,da Cruz,53.35,IN_TRANSIT,TRUCK,10
a6f6ed9d-f093-4f16-b51c-dc4112b37fec,2026-05-01T07:53:13.681504,Moraes de Minas,Silva de Barros,36.29,CANCELLED,VAN,83
0704867c-6848-4be7-877f-20aea9bb89c2,2026-05-01T02:30:30.059652,Ferreira,Souza das Pedras,0.65,DELIVERED,AIRPLANE,109
04176197-53c8-45fd-84a4-5eda7668d0fa,2026-05-01T12:00:23.686177,Caldeira de Lopes,Pastor,60.13,DELIVERED,TRUCK,63
73e23a46-3579-4b0a-ac9e-6078265c0505,2026-05-01T12:59:06.281517,Rios,Pinto,24.65,IN_TRANSIT,MOTORCYCLE,96
880e3fa4-61f4-495d-b2f6-74cd9be77f3e,2026-05-01T09:26:20.374595,Rocha do Amparo,Farias de Cavalcanti,53.52,IN_TRANSIT,VAN,2
290cffe8-44b9-4c42-84ca-5b0b846ef442,2026-05-01T02:02:24.141841,Caldeira da Serra,Novaes,86.58,IN_TRANSIT,AIRPLANE,54
330c97f7-c262-4384-a71a-4c57535d4ec2,2026-05-01T07:37:06.900865,Leão,Novaes do Sul,88.1,IN_TRANSIT,TRUCK,43
a0f9335b-f8a1-4165-ab51-e214dff60b9a,2026-05-01T02:12:49.947860,Sousa,Silva,13.73,CANCELLED,AIRPLANE,41
47e56ebf-50cb-4c7f-9258-b4442b3dee6c,2026-05-01T03:26:45.937613,da Mata dos Dourados,Leão de Lopes,94.32,DELIVERED,VAN,92
462960e7-06e8-4fb6-a709-88dde187d8f0,2026-05-01T06:44:15.665141,Martins de Brito,Aparecida,96.69,CANCELLED,AIRPLANE,98
ec2cfbb9-bbfb-457a-b93c-8aba7341548c,2026-05-01T07:07:43.570959,Macedo,Guerra,47.41,IN_TRANSIT,AIRPLANE,16
91ddc647-c255-4d01-8031-875bb774464a,2026-05-01T01:48:29.746450,Abreu,Vargas,91.78,CANCELLED,AIRPLANE,52
2a64e09f-6d6b-44d4-bb89-481cb85b4036,2026-05-01T01:41:39.214099,Pereira do Amparo,da Rosa de Câmara,41.98,CANCELLED,TRUCK,104
f86dd316-b06f-44b1-9902-08eda39a4293,2026-05-01T11:31:54.262490,Guerra,Costela da Mata,68.45,IN_TRANSIT,AIRPLANE,48
c73f3692-d7a6-4df3-a4da-c9f09c41959b,2026-05-01T09:53:28.871931,Pastor do Norte,Machado Grande,29.04,IN_TRANSIT,TRUCK,30
4ffefbb7-59f5-478d-beb5-debf3b6b6d4c,2026-05-01T01:50:14.318298,Sampaio,Vasconcelos da Prata,1.52,DELIVERED,VAN,21
58c2bfdd-10ce-4359-b927-3e8987af8a80,2026-05-01T05:09:45.672714,Viana,Jesus,42.59,DELIVERED,VAN,81
508d335e-00b8-4518-b44b-27d897fd4e85,2026-05-01T09:24:07.068455,Freitas,Cirino de Minas,70.27,IN_TRANSIT,AIRPLANE,115
afe7a381-8888-4ef0-bc19-3b91cd289173,2026-05-01T06:25:00.700716,Cunha,Aparecida do Amparo,27.64,DELIVERED,TRUCK,99
